ISO-10303-21;
HEADER;
FILE_DESCRIPTION (( 'STEP AP214' ),
    '1' );
FILE_NAME ('21700_battery_holder_assemV2.STEP',
    '2026-08-21T18:21:36',
    ( '' ),
    ( '' ),
    'SwSTEP 2.0',
    'SolidWorks 2026',
    '' );
FILE_SCHEMA (( 'AUTOMOTIVE_DESIGN' ));
ENDSEC;

DATA;
#1 = CARTESIAN_POINT ( 'NONE',  ( 36.22499999999999432, -6.275000000000000355, -12.40000000000000391 ) ) ;
#2 = EDGE_CURVE ( 'NONE', #2020, #1984, #7580, .T. ) ;
#3 = AXIS2_PLACEMENT_3D ( 'NONE', #2293, #5746, #6643 ) ;
#4 = DIRECTION ( 'NONE',  ( 8.659560562354386819E-17, 0.7071067811865918706, -0.7071067811865030528 ) ) ;
#5 = ORIENTED_EDGE ( 'NONE', *, *, #5055, .T. ) ;
#6 = ORIENTED_EDGE ( 'NONE', *, *, #1953, .T. ) ;
#7 = CARTESIAN_POINT ( 'NONE',  ( 25.57449291493242782, -9.808253005177549610, -37.16161201994827934 ) ) ;
#8 = ORIENTED_EDGE ( 'NONE', *, *, #8342, .F. ) ;
#9 = ORIENTED_EDGE ( 'NONE', *, *, #7417, .F. ) ;
#10 = CARTESIAN_POINT ( 'NONE',  ( -36.62499999999999289, 0.000000000000000000, -30.89499999999997826 ) ) ;
#11 = VECTOR ( 'NONE', #9322, 1000.000000000000000 ) ;
#12 = CARTESIAN_POINT ( 'NONE',  ( 36.22499999999999432, -6.275000000000001243, 12.40000000000000213 ) ) ;
#13 = ADVANCED_FACE ( 'NONE', ( #7444 ), #3025, .F. ) ;
#14 = EDGE_CURVE ( 'NONE', #6212, #7884, #7530, .T. ) ;
#15 = DIRECTION ( 'NONE',  ( 0.000000000000000000, 0.000000000000000000, -1.000000000000000000 ) ) ;
#16 = EDGE_LOOP ( 'NONE', ( #1298, #2676, #8528, #5073 ) ) ;
#17 = ORIENTED_EDGE ( 'NONE', *, *, #3189, .T. ) ;
#18 = ORIENTED_EDGE ( 'NONE', *, *, #7312, .T. ) ;
#19 = FACE_OUTER_BOUND ( 'NONE', #3754, .T. ) ;
#20 = CARTESIAN_POINT ( 'NONE',  ( 38.72500000000000142, -1.819537539667370973, 9.399999999999996803 ) ) ;
#21 = ORIENTED_EDGE ( 'NONE', *, *, #9091, .T. ) ;
#22 = DIRECTION ( 'NONE',  ( -1.000000000000000000, 0.000000000000000000, 0.000000000000000000 ) ) ;
#23 = DIRECTION ( 'NONE',  ( -0.000000000000000000, 0.000000000000000000, 1.000000000000000000 ) ) ;
#25 = CARTESIAN_POINT ( 'NONE',  ( -36.62499999999999289, -11.77500000000000036, 14.10000000000002274 ) ) ;
#24 = AXIS2_PLACEMENT_3D ( 'NONE', #859, #3725, #4433 ) ;
#26 = EDGE_CURVE ( 'NONE', #4742, #4096, #1753, .T. ) ;
#27 = FACE_OUTER_BOUND ( 'NONE', #9084, .T. ) ;
#28 = ADVANCED_FACE ( 'NONE', ( #6817 ), #8814, .T. ) ;
#29 = ORIENTED_EDGE ( 'NONE', *, *, #6442, .F. ) ;
#30 = EDGE_CURVE ( 'NONE', #3484, #4020, #3202, .T. ) ;
#31 = CARTESIAN_POINT ( 'NONE',  ( -36.22500000000000142, -2.199999999999999734, 29.50000000000002132 ) ) ;
#32 = PRODUCT_DEFINITION_SHAPE ( 'NONE', 'NONE',  #7601 ) ;
#33 = CARTESIAN_POINT ( 'NONE',  ( -24.22500000000000142, -11.77500000000000036, -27.92499999999999716 ) ) ;
#34 = ORIENTED_EDGE ( 'NONE', *, *, #5953, .F. ) ;
#35 = CARTESIAN_POINT ( 'NONE',  ( 36.22499999999999432, -1.561724002265275191, 7.700000000000022382 ) ) ;
#36 = DIRECTION ( 'NONE',  ( -0.000000000000000000, 1.000000000000000000, -0.000000000000000000 ) ) ;
#37 = CARTESIAN_POINT ( 'NONE',  ( 9.596687352960589616E-19, 0.7620000000000000107, 0.05185833333333340900 ) ) ;
#38 = LINE ( 'NONE', #2863, #7576 ) ;
#39 = ORIENTED_EDGE ( 'NONE', *, *, #5946, .T. ) ;
#40 = DIRECTION ( 'NONE',  ( 1.000000000000000000, -0.000000000000000000, -0.000000000000000000 ) ) ;
#41 = DIRECTION ( 'NONE',  ( 0.000000000000000000, 0.000000000000000000, 1.000000000000000000 ) ) ;
#42 = LINE ( 'NONE', #2303, #3447 ) ;
#43 = DIRECTION ( 'NONE',  ( 0.000000000000000000, 0.000000000000000000, 1.000000000000000000 ) ) ;
#44 = VERTEX_POINT ( 'NONE', #2504 ) ;
#45 = DIRECTION ( 'NONE',  ( 0.000000000000000000, 0.000000000000000000, -1.000000000000000000 ) ) ;
#46 = CARTESIAN_POINT ( 'NONE',  ( 2.806472304743364940E-17, 0.7620000000000000107, -0.01019107390356895938 ) ) ;
#47 = PLANE ( 'NONE',  #4303 ) ;
#48 = VERTEX_POINT ( 'NONE', #3775 ) ;
#49 = VERTEX_POINT ( 'NONE', #3726 ) ;
#50 = CARTESIAN_POINT ( 'NONE',  ( -39.35983003675661251, 0.000000000000000000, 21.78393290460574505 ) ) ;
#51 = EDGE_CURVE ( 'NONE', #3789, #6759, #8610, .T. ) ;
#52 = VERTEX_POINT ( 'NONE', #5913 ) ;
#53 = VERTEX_POINT ( 'NONE', #905 ) ;
#54 = DIRECTION ( 'NONE',  ( 0.000000000000000000, 0.000000000000000000, 1.000000000000000000 ) ) ;
#55 = DIRECTION ( 'NONE',  ( 0.03489949670250104552, -0.9993908270190956511, 2.421639049184150736E-17 ) ) ;
#56 = APPLICATION_CONTEXT ( 'automotive_design' ) ;
#57 = CARTESIAN_POINT ( 'NONE',  ( -24.22500000000000142, -11.77500000000000036, -12.67499999999999538 ) ) ;
#58 = VERTEX_POINT ( 'NONE', #3820 ) ;
#59 = LINE ( 'NONE', #5204, #6152 ) ;
#60 = EDGE_CURVE ( 'NONE', #5769, #6028, #3984, .T. ) ;
#61 = EDGE_CURVE ( 'NONE', #5146, #432, #5954, .T. ) ;
#62 = DIRECTION ( 'NONE',  ( 0.000000000000000000, 0.000000000000000000, -1.000000000000000000 ) ) ;
#63 = VERTEX_POINT ( 'NONE', #8245 ) ;
#64 = LINE ( 'NONE', #8676, #4152 ) ;
#65 = CARTESIAN_POINT ( 'NONE',  ( 24.22499999999999787, -11.77500000000000036, -12.67499999999999538 ) ) ;
#66 = CARTESIAN_POINT ( 'NONE',  ( -36.62500000000000000, 0.000000000000000000, -14.09999999999997655 ) ) ;
#67 = ORIENTED_EDGE ( 'NONE', *, *, #6244, .T. ) ;
#68 = FACE_OUTER_BOUND ( 'NONE', #3415, .T. ) ;
#69 = EDGE_CURVE ( 'NONE', #155, #4496, #1848, .T. ) ;
#70 = DIRECTION ( 'NONE',  ( 0.000000000000000000, 0.000000000000000000, -1.000000000000000000 ) ) ;
#71 = EDGE_LOOP ( 'NONE', ( #5626, #9282, #4318, #3555 ) ) ;
#72 = DIRECTION ( 'NONE',  ( 0.000000000000000000, 1.000000000000000000, -0.000000000000000000 ) ) ;
#73 = EDGE_CURVE ( 'NONE', #6336, #245, #5303, .T. ) ;
#74 = CARTESIAN_POINT ( 'NONE',  ( -26.83130611590349801, -10.26722200603487423, 7.626832669295570355 ) ) ;
#75 = DIRECTION ( 'NONE',  ( 0.000000000000000000, 1.000000000000000000, 5.528999126619304514E-16 ) ) ;
#76 = CARTESIAN_POINT ( 'NONE',  ( 43.31380793923467110, 0.000000000000000000, 16.70500000000001961 ) ) ;
#77 = ORIENTED_EDGE ( 'NONE', *, *, #3074, .T. ) ;
#78 = DIRECTION ( 'NONE',  ( 1.000000000000000000, 0.000000000000000000, 0.000000000000000000 ) ) ;
#79 = CARTESIAN_POINT ( 'NONE',  ( -36.22499999999999432, -1.700000000000000178, 7.701660122795356500 ) ) ;
#80 = EDGE_CURVE ( 'NONE', #94, #1479, #6108, .T. ) ;
#81 = LINE ( 'NONE', #2953, #7258 ) ;
#82 = DIRECTION ( 'NONE',  ( 0.000000000000000000, -0.9998476951563912696, -0.01745240643727654847 ) ) ;
#83 = CARTESIAN_POINT ( 'NONE',  ( 39.35983003675661251, -0.02500000000000038997, 17.97443290460574161 ) ) ;
#84 = ORIENTED_EDGE ( 'NONE', *, *, #2426, .T. ) ;
#85 = FACE_OUTER_BOUND ( 'NONE', #5577, .T. ) ;
#86 = EDGE_CURVE ( 'NONE', #3068, #8099, #8718, .T. ) ;
#87 = CARTESIAN_POINT ( 'NONE',  ( -35.22500000000000142, -1.819537539667370973, -7.703320245590689730 ) ) ;
#88 = CARTESIAN_POINT ( 'NONE',  ( -27.07124291334524813, -10.42170876108506761, -35.44291581442447381 ) ) ;
#89 = LINE ( 'NONE', #8045, #7495 ) ;
#90 = VERTEX_POINT ( 'NONE', #2925 ) ;
#91 = ORIENTED_EDGE ( 'NONE', *, *, #2883, .F. ) ;
#92 = DIRECTION ( 'NONE',  ( 0.03489949670250104552, 0.9993908270190956511, -0.000000000000000000 ) ) ;
#93 = VECTOR ( 'NONE', #7385, 1000.000000000000000 ) ;
#94 = VERTEX_POINT ( 'NONE', #2174 ) ;
#95 = ORIENTED_EDGE ( 'NONE', *, *, #6836, .F. ) ;
#96 = CARTESIAN_POINT ( 'NONE',  ( -35.89383020069045216, -1.221307246225209253, -14.09999999999997833 ) ) ;
#97 = DIRECTION ( 'NONE',  ( 0.000000000000000000, 0.000000000000000000, 1.000000000000000000 ) ) ;
#98 = AXIS2_PLACEMENT_3D ( 'NONE', #8582, #1395, #4259 ) ;
#99 = FACE_OUTER_BOUND ( 'NONE', #7342, .T. ) ;
#100 = ORIENTED_EDGE ( 'NONE', *, *, #6936, .T. ) ;
#101 = DIRECTION ( 'NONE',  ( -0.000000000000000000, 1.000000000000000000, -0.000000000000000000 ) ) ;
#102 = ORIENTED_EDGE ( 'NONE', *, *, #4145, .F. ) ;
#103 = DIRECTION ( 'NONE',  ( -1.000000000000000000, 0.000000000000000000, 0.000000000000000000 ) ) ;
#104 = DIRECTION ( 'NONE',  ( -0.03489949670250104552, 0.9993908270190956511, 0.000000000000000000 ) ) ;
#105 = FACE_OUTER_BOUND ( 'NONE', #1515, .T. ) ;
#106 = ADVANCED_FACE ( 'NONE', ( #7254 ), #5809, .F. ) ;
#107 = AXIS2_PLACEMENT_3D ( 'NONE', #7311, #7920, #104 ) ;
#108 = VECTOR ( 'NONE', #6026, 1000.000000000000000 ) ;
#109 = ORIENTED_EDGE ( 'NONE', *, *, #80, .T. ) ;
#110 = LINE ( 'NONE', #2986, #2549 ) ;
#111 = CARTESIAN_POINT ( 'NONE',  ( 38.31380793923467110, 0.000000000000000000, 0.000000000000000000 ) ) ;
#112 = ORIENTED_EDGE ( 'NONE', *, *, #7621, .T. ) ;
#113 = CIRCLE ( 'NONE', #6761, 3.809500000000000330 ) ;
#114 = DIRECTION ( 'NONE',  ( -0.000000000000000000, 1.000000000000000000, -0.000000000000000000 ) ) ;
#115 =( GEOMETRIC_REPRESENTATION_CONTEXT ( 3 ) GLOBAL_UNCERTAINTY_ASSIGNED_CONTEXT ( ( #2923 ) ) GLOBAL_UNIT_ASSIGNED_CONTEXT ( ( #6567, #1590, #4461 ) ) REPRESENTATION_CONTEXT ( 'NONE', 'WORKASPACE' ) );
#116 = DIRECTION ( 'NONE',  ( -0.000000000000000000, 1.000000000000000000, -0.000000000000000000 ) ) ;
#117 = VECTOR ( 'NONE', #6477, 1000.000000000000000 ) ;
#118 = CARTESIAN_POINT ( 'NONE',  ( 3.838674941184240469E-18, 3.048000000000000043, 0.05185833333333340900 ) ) ;
#119 = CARTESIAN_POINT ( 'NONE',  ( 24.42795617425250398, -9.659192512834605893, 6.125000000000007105 ) ) ;
#120 = EDGE_CURVE ( 'NONE', #4872, #7507, #5356, .T. ) ;
#121 = ADVANCED_FACE ( 'NONE', ( #8847 ), #8138, .F. ) ;
#122 = EDGE_LOOP ( 'NONE', ( #6524, #473, #3743, #6640 ) ) ;
#123 = VECTOR ( 'NONE', #463, 1000.000000000000114 ) ;
#124 = DIRECTION ( 'NONE',  ( 1.084202172485504631E-15, 0.000000000000000000, 1.000000000000000000 ) ) ;
#125 = EDGE_CURVE ( 'NONE', #2033, #3494, #3556, .T. ) ;
#126 = AXIS2_PLACEMENT_3D ( 'NONE', #8166, #4735, #2567 ) ;
#127 = CARTESIAN_POINT ( 'NONE',  ( -36.22500000000000142, -1.779691693111580708, 7.703320245590689730 ) ) ;
#128 = AXIS2_PLACEMENT_3D ( 'NONE', #2135, #7054, #2928 ) ;
#129 = PLANE ( 'NONE',  #5734 ) ;
#130 = DIRECTION ( 'NONE',  ( 0.000000000000000000, 0.000000000000000000, 1.000000000000000000 ) ) ;
#131 = VERTEX_POINT ( 'NONE', #5879 ) ;
#132 = DIRECTION ( 'NONE',  ( 0.000000000000000000, 1.000000000000000000, -0.000000000000000000 ) ) ;
#133 = VECTOR ( 'NONE', #1353, 1000.000000000000000 ) ;
#134 = CARTESIAN_POINT ( 'NONE',  ( 0.3812922172450244895, 7.747601927289059276, 2.387599999999999945 ) ) ;
#135 = CARTESIAN_POINT ( 'NONE',  ( -35.22500000000000142, 0.000000000000000000, 0.000000000000000000 ) ) ;
#136 = EDGE_CURVE ( 'NONE', #2575, #3828, #2990, .T. ) ;
#137 = LINE ( 'NONE', #8704, #4911 ) ;
#138 = EDGE_LOOP ( 'NONE', ( #381, #2356, #1794, #3508 ) ) ;
#139 = ORIENTED_EDGE ( 'NONE', *, *, #4086, .T. ) ;
#140 = LINE ( 'NONE', #5100, #7675 ) ;
#141 = EDGE_CURVE ( 'NONE', #1841, #2848, #795, .T. ) ;
#142 = VECTOR ( 'NONE', #2315, 1000.000000000000000 ) ;
#143 = DIRECTION ( 'NONE',  ( -0.000000000000000000, 1.000000000000000000, -0.000000000000000000 ) ) ;
#144 = VERTEX_POINT ( 'NONE', #8071 ) ;
#145 = EDGE_LOOP ( 'NONE', ( #723, #2013, #656, #3182 ) ) ;
#146 = FACE_OUTER_BOUND ( 'NONE', #9263, .T. ) ;
#147 = DIRECTION ( 'NONE',  ( 0.000000000000000000, 0.000000000000000000, -1.000000000000000000 ) ) ;
#148 = VECTOR ( 'NONE', #3139, 1000.000000000000000 ) ;
#149 = DIRECTION ( 'NONE',  ( 0.8587137004641421933, -0.5124556377240662153, 0.000000000000000000 ) ) ;
#150 = CARTESIAN_POINT ( 'NONE',  ( -36.15196530988674795, -1.439218638768963832, -7.699829940146781126 ) ) ;
#151 = VERTEX_POINT ( 'NONE', #1493 ) ;
#152 = DIRECTION ( 'NONE',  ( -0.000000000000000000, 1.000000000000000000, -0.000000000000000000 ) ) ;
#153 = VECTOR ( 'NONE', #872, 1000.000000000000000 ) ;
#154 = VECTOR ( 'NONE', #5131, 1000.000000000000000 ) ;
#155 = VERTEX_POINT ( 'NONE', #8113 ) ;
#156 = DIRECTION ( 'NONE',  ( 0.000000000000000000, -1.000000000000000000, 0.000000000000000000 ) ) ;
#157 = ADVANCED_FACE ( 'NONE', ( #5032 ), #9358, .T. ) ;
#158 = DIRECTION ( 'NONE',  ( -1.000000000000000000, 0.000000000000000000, -0.000000000000000000 ) ) ;
#159 = LINE ( 'NONE', #1533, #8629 ) ;
#160 = VECTOR ( 'NONE', #6939, 1000.000000000000000 ) ;
#161 = ORIENTED_EDGE ( 'NONE', *, *, #6372, .T. ) ;
#162 = EDGE_LOOP ( 'NONE', ( #8818, #8706, #2229, #2165 ) ) ;
#163 = LINE ( 'NONE', #2243, #2849 ) ;
#164 = LINE ( 'NONE', #8729, #606 ) ;
#165 = ORIENTED_EDGE ( 'NONE', *, *, #1446, .F. ) ;
#166 = EDGE_CURVE ( 'NONE', #8680, #4822, #875, .T. ) ;
#167 = VECTOR ( 'NONE', #8777, 1000.000000000000000 ) ;
#168 = FACE_OUTER_BOUND ( 'NONE', #6025, .T. ) ;
#169 = CARTESIAN_POINT ( 'NONE',  ( 43.31380793923467110, 0.000000000000000000, 26.89500000000002089 ) ) ;
#170 = DIRECTION ( 'NONE',  ( -1.000000000000000000, -0.000000000000000000, -0.000000000000000000 ) ) ;
#171 = CARTESIAN_POINT ( 'NONE',  ( 25.74978749038663040, -9.851544940775488257, -28.33399125922611361 ) ) ;
#172 = ORIENTED_EDGE ( 'NONE', *, *, #3008, .T. ) ;
#173 = AXIS2_PLACEMENT_3D ( 'NONE', #57, #3588, #6492 ) ;
#174 = FACE_OUTER_BOUND ( 'NONE', #2269, .T. ) ;
#175 = AXIS2_PLACEMENT_3D ( 'NONE', #1153, #7598, #1069 ) ;
#176 = LINE ( 'NONE', #2255, #891 ) ;
#177 = CARTESIAN_POINT ( 'NONE',  ( -36.22500000000000142, -2.199999999999999734, -31.19999999999999574 ) ) ;
#178 = ADVANCED_FACE ( 'NONE', ( #168 ), #2338, .F. ) ;
#179 = EDGE_CURVE ( 'NONE', #2020, #6189, #6645, .T. ) ;
#180 = CARTESIAN_POINT ( 'NONE',  ( 38.72500000000000142, -11.77500000000000036, 30.89500000000002089 ) ) ;
#181 = ORIENTED_EDGE ( 'NONE', *, *, #6959, .T. ) ;
#182 = PLANE ( 'NONE',  #6763 ) ;
#183 = PRODUCT_DEFINITION_FORMATION_WITH_SPECIFIED_SOURCE ( 'ANY', '', #3441, .NOT_KNOWN. ) ;
#184 = LINE ( 'NONE', #8128, #7498 ) ;
#185 = DIRECTION ( 'NONE',  ( -1.000000000000000000, -0.000000000000000000, 0.000000000000000000 ) ) ;
#186 = FACE_OUTER_BOUND ( 'NONE', #3895, .T. ) ;
#187 = ORIENTED_EDGE ( 'NONE', *, *, #5726, .F. ) ;
#188 = ORIENTED_EDGE ( 'NONE', *, *, #513, .T. ) ;
#189 = CARTESIAN_POINT ( 'NONE',  ( 0.000000000000000000, 0.000000000000000000, 3.174999999999999822 ) ) ;
#190 = CARTESIAN_POINT ( 'NONE',  ( -26.61757646021300161, -10.15895812762798123, 29.10485857620330208 ) ) ;
#191 = EDGE_CURVE ( 'NONE', #2692, #1314, #1623, .T. ) ;
#192 = ORIENTED_EDGE ( 'NONE', *, *, #7923, .T. ) ;
#193 = DIRECTION ( 'NONE',  ( -1.000000000000000000, -0.000000000000000000, -0.000000000000000000 ) ) ;
#194 = CARTESIAN_POINT ( 'NONE',  ( 9.948565889235811505E-18, 7.899400000000000865, -2.362200000000000077 ) ) ;
#195 = EDGE_CURVE ( 'NONE', #661, #6137, #5749, .T. ) ;
#196 = CARTESIAN_POINT ( 'NONE',  ( 36.62499999999999289, 0.000000000000000000, -9.094999999999977547 ) ) ;
#197 = CARTESIAN_POINT ( 'NONE',  ( 36.62500000000000000, -11.77500000000000036, -35.89999999999997016 ) ) ;
#198 = VERTEX_POINT ( 'NONE', #4314 ) ;
#199 = DIRECTION ( 'NONE',  ( -1.000000000000000000, 0.000000000000000000, 0.000000000000000000 ) ) ;
#200 = ORIENTED_EDGE ( 'NONE', *, *, #3121, .F. ) ;
#201 = CARTESIAN_POINT ( 'NONE',  ( -35.22500000000000142, 0.000000000000000000, 0.000000000000000000 ) ) ;
#202 = CARTESIAN_POINT ( 'NONE',  ( -36.62500000000000000, 0.000000000000000000, -14.09999999999997655 ) ) ;
#203 = CARTESIAN_POINT ( 'NONE',  ( -35.22500000000000142, -1.819537539667370973, 14.10332024559068920 ) ) ;
#204 = ORIENTED_EDGE ( 'NONE', *, *, #936, .F. ) ;
#205 = ORIENTED_EDGE ( 'NONE', *, *, #6140, .F. ) ;
#206 = CARTESIAN_POINT ( 'NONE',  ( 27.22499999999999787, 0.000000000000000000, -32.70000000000000284 ) ) ;
#207 = DIRECTION ( 'NONE',  ( -0.000000000000000000, 1.000000000000000000, 0.000000000000000000 ) ) ;
#208 = ORIENTED_EDGE ( 'NONE', *, *, #8984, .T. ) ;
#209 = LINE ( 'NONE', #3174, #1016 ) ;
#210 = ORIENTED_EDGE ( 'NONE', *, *, #301, .T. ) ;
#211 = CARTESIAN_POINT ( 'NONE',  ( -43.31380793923467110, -11.77500000000000036, 16.70500000000001961 ) ) ;
#212 = CARTESIAN_POINT ( 'NONE',  ( 0.3047901690410594888, 2.316503594301455138, 0.05185833333333349920 ) ) ;
#213 = DIRECTION ( 'NONE',  ( 0.000000000000000000, 0.000000000000000000, -1.000000000000000000 ) ) ;
#214 = ORIENTED_EDGE ( 'NONE', *, *, #2278, .F. ) ;
#215 = EDGE_CURVE ( 'NONE', #4930, #1674, #5693, .T. ) ;
#216 = DIRECTION ( 'NONE',  ( 0.000000000000000000, 0.000000000000000000, 1.000000000000000000 ) ) ;
#217 = ORIENTED_EDGE ( 'NONE', *, *, #7588, .F. ) ;
#218 = DIRECTION ( 'NONE',  ( 0.000000000000000000, -5.528999126619305500E-16, 1.000000000000000000 ) ) ;
#219 = CARTESIAN_POINT ( 'NONE',  ( -36.22500000000000142, -0.4390750793347422687, -7.693359508818644166 ) ) ;
#220 = CARTESIAN_POINT ( 'NONE',  ( 1.676221390983784943E-17, 13.30959999999999965, -2.374900000000000233 ) ) ;
#221 = CARTESIAN_POINT ( 'NONE',  ( -39.35983003675661251, 0.000000000000000000, -21.78393290460574505 ) ) ;
#222 = CARTESIAN_POINT ( 'NONE',  ( -3.953253931003325228, 11.07060511971771888, 2.374900000000000233 ) ) ;
#223 = CARTESIAN_POINT ( 'NONE',  ( -36.62499999999999289, -11.77500000000000036, 14.10000000000002274 ) ) ;
#224 = EDGE_CURVE ( 'NONE', #8305, #7386, #6596, .T. ) ;
#225 = DIRECTION ( 'NONE',  ( 0.000000000000000000, 1.123292760552739998E-16, -1.000000000000000000 ) ) ;
#226 = ORIENTED_EDGE ( 'NONE', *, *, #3475, .F. ) ;
#227 = EDGE_CURVE ( 'NONE', #52, #7119, #2295, .T. ) ;
#228 = ORIENTED_EDGE ( 'NONE', *, *, #1242, .T. ) ;
#229 = VERTEX_POINT ( 'NONE', #833 ) ;
#230 = CARTESIAN_POINT ( 'NONE',  ( -38.72500000000000142, 5.421010862427522170E-16, 34.20000000000000284 ) ) ;
#231 = EDGE_CURVE ( 'NONE', #7858, #8051, #2155, .T. ) ;
#232 = CARTESIAN_POINT ( 'NONE',  ( -25.74978749038663395, -9.851544940775488257, 28.33399125922611361 ) ) ;
#233 = EDGE_LOOP ( 'NONE', ( #1707, #6388, #7869, #3310 ) ) ;
#234 = CARTESIAN_POINT ( 'NONE',  ( -0.2944141918529090129, 6.403488044947239999, 2.387599999999999945 ) ) ;
#235 = CARTESIAN_POINT ( 'NONE',  ( 36.62499999999999289, 0.000000000000000000, -12.70499999999998053 ) ) ;
#236 = CARTESIAN_POINT ( 'NONE',  ( -4.677858382765189837, 18.41651208015194996, 2.374900000000000233 ) ) ;
#237 = ORIENTED_EDGE ( 'NONE', *, *, #7055, .T. ) ;
#238 = ADVANCED_FACE ( 'NONE', ( #8646 ), #7978, .T. ) ;
#239 = ORIENTED_EDGE ( 'NONE', *, *, #6220, .T. ) ;
#240 = ADVANCED_FACE ( 'NONE', ( #5074 ), #7278, .F. ) ;
#241 = CIRCLE ( 'NONE', #6272, 2.999999999999999112 ) ;
#242 = ORIENTED_EDGE ( 'NONE', *, *, #5529, .F. ) ;
#243 = FACE_OUTER_BOUND ( 'NONE', #676, .T. ) ;
#244 = EDGE_CURVE ( 'NONE', #462, #6553, #5127, .T. ) ;
#245 = VERTEX_POINT ( 'NONE', #1758 ) ;
#246 = CARTESIAN_POINT ( 'NONE',  ( 36.22500000000000142, -2.199999999999999734, -34.20000000000000284 ) ) ;
#247 = CIRCLE ( 'NONE', #5221, 1.099999999999996758 ) ;
#248 = CARTESIAN_POINT ( 'NONE',  ( -0.3047999999999999599, 3.048000000000000043, 0.05185833333333340900 ) ) ;
#249 = CARTESIAN_POINT ( 'NONE',  ( 36.62500000000000000, 0.000000000000000000, 7.700000000000022382 ) ) ;
#250 = EDGE_CURVE ( 'NONE', #4623, #2126, #7008, .T. ) ;
#251 = ORIENTED_EDGE ( 'NONE', *, *, #5315, .F. ) ;
#252 = AXIS2_PLACEMENT_3D ( 'NONE', #7723, #4325, #82 ) ;
#253 = DIRECTION ( 'NONE',  ( 0.000000000000000000, 0.000000000000000000, -1.000000000000000000 ) ) ;
#254 = EDGE_CURVE ( 'NONE', #94, #7025, #6693, .T. ) ;
#255 = CARTESIAN_POINT ( 'NONE',  ( 38.72500000000000142, -11.77500000000000036, 0.000000000000000000 ) ) ;
#256 =( LENGTH_UNIT ( ) NAMED_UNIT ( * ) SI_UNIT ( .MILLI., .METRE. ) );
#257 = ORIENTED_EDGE ( 'NONE', *, *, #6548, .T. ) ;
#258 = DIRECTION ( 'NONE',  ( 0.000000000000000000, 1.000000000000000000, -0.000000000000000000 ) ) ;
#259 = ORIENTED_EDGE ( 'NONE', *, *, #8057, .T. ) ;
#260 = LINE ( 'NONE', #3129, #3271 ) ;
#261 = CARTESIAN_POINT ( 'NONE',  ( 39.35983003675661251, 0.000000000000000000, 25.61843290460573996 ) ) ;
#262 = VECTOR ( 'NONE', #5771, 1000.000000000000000 ) ;
#263 = CARTESIAN_POINT ( 'NONE',  ( 27.07017254884048896, -10.42092389632503568, 8.154185788215350783 ) ) ;
#264 = CIRCLE ( 'NONE', #1018, 2.999999999999999112 ) ;
#265 = VERTEX_POINT ( 'NONE', #7499 ) ;
#266 = DIRECTION ( 'NONE',  ( -0.000000000000000000, 1.000000000000000000, 0.000000000000000000 ) ) ;
#267 = CARTESIAN_POINT ( 'NONE',  ( -0.3047999999999999599, 0.7620000000000000107, -0.2463955369517839833 ) ) ;
#268 = VECTOR ( 'NONE', #8121, 1000.000000000000000 ) ;
#269 =( GEOMETRIC_REPRESENTATION_CONTEXT ( 3 ) GLOBAL_UNCERTAINTY_ASSIGNED_CONTEXT ( ( #5854 ) ) GLOBAL_UNIT_ASSIGNED_CONTEXT ( ( #704, #7758, #2732 ) ) REPRESENTATION_CONTEXT ( 'NONE', 'WORKASPACE' ) );
#270 = CARTESIAN_POINT ( 'NONE',  ( -0.3047999999999999599, 6.324599999999999334, -2.362200000000000077 ) ) ;
#271 = DIRECTION ( 'NONE',  ( 0.000000000000000000, 0.000000000000000000, -1.000000000000000000 ) ) ;
#272 = CARTESIAN_POINT ( 'NONE',  ( -26.83112039817155292, -10.26709744570285920, 35.97359173836247948 ) ) ;
#273 = CARTESIAN_POINT ( 'NONE',  ( 38.72500000000000142, -11.77500000000000036, 0.000000000000000000 ) ) ;
#274 = DIRECTION ( 'NONE',  ( 0.000000000000000000, 0.000000000000000000, 1.000000000000000000 ) ) ;
#275 = AXIS2_PLACEMENT_3D ( 'NONE', #2172, #1986, #6338 ) ;
#276 = VECTOR ( 'NONE', #1541, 1000.000000000000000 ) ;
#277 = VECTOR ( 'NONE', #55, 1000.000000000000114 ) ;
#278 = B_SPLINE_CURVE_WITH_KNOTS ( 'NONE', 3,
 ( #5755, #801, #5135, #8792 ),
 .UNSPECIFIED., .F., .F.,
 ( 4, 4 ),
 ( 0.000000000000000000, 1.000000000000000000 ),
 .UNSPECIFIED. ) ;
#279 = DIRECTION ( 'NONE',  ( -0.000000000000000000, 1.000000000000000000, 0.000000000000000000 ) ) ;
#280 = ORIENTED_EDGE ( 'NONE', *, *, #1516, .T. ) ;
#281 = B_SPLINE_CURVE_WITH_KNOTS ( 'NONE', 3,
 ( #3557, #4078, #7790, #597 ),
 .UNSPECIFIED., .F., .F.,
 ( 4, 4 ),
 ( 0.000000000000000000, 1.000000000000000000 ),
 .UNSPECIFIED. ) ;
#282 = ORIENTED_EDGE ( 'NONE', *, *, #2940, .T. ) ;
#283 = ORIENTED_EDGE ( 'NONE', *, *, #362, .F. ) ;
#284 = DIRECTION ( 'NONE',  ( 1.000000000000000000, 0.000000000000000000, 0.000000000000000000 ) ) ;
#285 = CARTESIAN_POINT ( 'NONE',  ( -24.62915442669686783, -9.669406056536470118, 27.94550321198903831 ) ) ;
#286 = AXIS2_PLACEMENT_3D ( 'NONE', #4085, #4507, #932 ) ;
#287 = VECTOR ( 'NONE', #7122, 1000.000000000000000 ) ;
#288 = ORIENTED_EDGE ( 'NONE', *, *, #7171, .T. ) ;
#289 = DIRECTION ( 'NONE',  ( 0.000000000000000000, -1.000000000000000000, -0.000000000000000000 ) ) ;
#290 = EDGE_CURVE ( 'NONE', #131, #2253, #3540, .T. ) ;
#291 = LINE ( 'NONE', #857, #8132 ) ;
#292 = CARTESIAN_POINT ( 'NONE',  ( 35.22500000000000142, 0.000000000000000000, -29.49999999999997868 ) ) ;
#293 = ORIENTED_EDGE ( 'NONE', *, *, #5026, .T. ) ;
#294 = VECTOR ( 'NONE', #5290, 1000.000000000000000 ) ;
#295 = ORIENTED_EDGE ( 'NONE', *, *, #5314, .T. ) ;
#296 = CARTESIAN_POINT ( 'NONE',  ( -35.39166666666665861, -1.199999999999999956, -7.693359508818644166 ) ) ;
#297 = ORIENTED_EDGE ( 'NONE', *, *, #4705, .T. ) ;
#298 = EDGE_CURVE ( 'NONE', #6759, #44, #754, .T. ) ;
#299 = AXIS2_PLACEMENT_3D ( 'NONE', #8937, #3940, #7506 ) ;
#300 = FACE_OUTER_BOUND ( 'NONE', #6579, .T. ) ;
#301 = EDGE_CURVE ( 'NONE', #4854, #4110, #7822, .T. ) ;
#302 = DIRECTION ( 'NONE',  ( 0.000000000000000000, 0.000000000000000000, 1.000000000000000000 ) ) ;
#303 = CARTESIAN_POINT ( 'NONE',  ( 36.15196532373683169, -1.439218631442219287, -14.09982994934767220 ) ) ;
#304 = ORIENTED_EDGE ( 'NONE', *, *, #7743, .T. ) ;
#305 = ORIENTED_EDGE ( 'NONE', *, *, #5853, .F. ) ;
#306 = VECTOR ( 'NONE', #6869, 1000.000000000000000 ) ;
#307 = DIRECTION ( 'NONE',  ( -0.000000000000000000, 0.000000000000000000, 1.000000000000000000 ) ) ;
#308 = CARTESIAN_POINT ( 'NONE',  ( 25.74978749038663395, -9.851544940775484704, -6.533991259226126225 ) ) ;
#309 =( NAMED_UNIT ( * ) SI_UNIT ( $, .STERADIAN. ) SOLID_ANGLE_UNIT ( ) );
#310 = ORIENTED_EDGE ( 'NONE', *, *, #8808, .F. ) ;
#311 = CARTESIAN_POINT ( 'NONE',  ( 38.72500000000000142, -11.77500000000000036, -16.70500000000001961 ) ) ;
#312 = EDGE_CURVE ( 'NONE', #6113, #2313, #6835, .T. ) ;
#313 = ORIENTED_EDGE ( 'NONE', *, *, #3502, .T. ) ;
#314 = CARTESIAN_POINT ( 'NONE',  ( -0.3047999999999999599, 3.048000000000000043, -0.01019107390356823947 ) ) ;
#316 = CARTESIAN_POINT ( 'NONE',  ( 38.72500000000000142, 5.421010862427522170E-16, 12.40000000000000213 ) ) ;
#315 = VECTOR ( 'NONE', #185, 1000.000000000000000 ) ;
#317 = CARTESIAN_POINT ( 'NONE',  ( 7.735932313330470533E-18, 0.7620000000000000107, -0.3644977684758929914 ) ) ;
#318 = EDGE_CURVE ( 'NONE', #3321, #9324, #3339, .T. ) ;
#319 = DIRECTION ( 'NONE',  ( 1.000000000000000000, -0.000000000000000000, 0.000000000000000000 ) ) ;
#320 = VECTOR ( 'NONE', #7125, 1000.000000000000000 ) ;
#321 = CARTESIAN_POINT ( 'NONE',  ( 38.31380793923467110, 0.000000000000000000, -16.70500000000001251 ) ) ;
#322 = VERTEX_POINT ( 'NONE', #311 ) ;
#323 = FACE_OUTER_BOUND ( 'NONE', #5487, .T. ) ;
#324 = CARTESIAN_POINT ( 'NONE',  ( -26.61638925924249222, -10.15838743722349058, 36.29678432829842905 ) ) ;
#325 = DIRECTION ( 'NONE',  ( 1.000000000000000000, 0.000000000000000000, 0.000000000000000000 ) ) ;
#326 = DIRECTION ( 'NONE',  ( 0.000000000000000000, 1.000000000000000000, 0.000000000000000000 ) ) ;
#327 = CIRCLE ( 'NONE', #5599, 3.809500000000000330 ) ;
#328 = VECTOR ( 'NONE', #6077, 1000.000000000000000 ) ;
#329 = FACE_OUTER_BOUND ( 'NONE', #1326, .T. ) ;
#330 = EDGE_LOOP ( 'NONE', ( #8383, #8205, #3330, #109 ) ) ;
#331 = ORIENTED_EDGE ( 'NONE', *, *, #6242, .T. ) ;
#332 = DIRECTION ( 'NONE',  ( 0.000000000000000000, 1.000000000000000000, 0.000000000000000000 ) ) ;
#333 = LINE ( 'NONE', #5332, #3142 ) ;
#334 = CARTESIAN_POINT ( 'NONE',  ( 0.000000000000000000, 7.899400000000000865, -3.174999999999999822 ) ) ;
#335 = ORIENTED_EDGE ( 'NONE', *, *, #1242, .F. ) ;
#336 = LINE ( 'NONE', #1834, #7831 ) ;
#337 = CARTESIAN_POINT ( 'NONE',  ( 0.08687802539211569863, 7.826489972236299053, 2.387599999999999945 ) ) ;
#338 = CARTESIAN_POINT ( 'NONE',  ( -38.31380793923467110, 8.673617379884035472E-16, 34.50500000000002387 ) ) ;
#339 = EDGE_LOOP ( 'NONE', ( #9017, #6816, #3675 ) ) ;
#340 = DIRECTION ( 'NONE',  ( 0.000000000000000000, 0.000000000000000000, -1.000000000000000000 ) ) ;
#341 = VERTEX_POINT ( 'NONE', #8924 ) ;
#342 = PLANE ( 'NONE',  #1177 ) ;
#343 = EDGE_CURVE ( 'NONE', #4672, #5952, #9137, .T. ) ;
#344 = ORIENTED_EDGE ( 'NONE', *, *, #7055, .F. ) ;
#345 = DIRECTION ( 'NONE',  ( 0.000000000000000000, 0.000000000000000000, -1.000000000000000000 ) ) ;
#346 = DIRECTION ( 'NONE',  ( -0.9659258262890699775, 0.2588190451025145222, 6.884697564677914478E-17 ) ) ;
#347 = DIRECTION ( 'NONE',  ( 1.084202172485504631E-15, 0.000000000000000000, 1.000000000000000000 ) ) ;
#348 = DIRECTION ( 'NONE',  ( 0.2588190451025145222, 0.9659258262890699775, -2.943801717310629913E-16 ) ) ;
#349 = ORIENTED_EDGE ( 'NONE', *, *, #372, .F. ) ;
#350 = EDGE_CURVE ( 'NONE', #2744, #6729, #8253, .T. ) ;
#351 = EDGE_CURVE ( 'NONE', #5377, #5174, #5524, .T. ) ;
#352 = LINE ( 'NONE', #6157, #7850 ) ;
#353 = CARTESIAN_POINT ( 'NONE',  ( 25.57518165881202776, -9.808445427359487212, -6.438817930793361732 ) ) ;
#354 = EDGE_LOOP ( 'NONE', ( #2392, #8868, #2566, #3148 ) ) ;
#355 = DIRECTION ( 'NONE',  ( 0.000000000000000000, 1.000000000000000000, -0.000000000000000000 ) ) ;
#356 = ORIENTED_EDGE ( 'NONE', *, *, #523, .T. ) ;
#357 = CARTESIAN_POINT ( 'NONE',  ( -26.49354543725020150, -10.10336944436757989, 7.152438547291647630 ) ) ;
#358 = PLANE ( 'NONE',  #175 ) ;
#359 = LINE ( 'NONE', #2570, #3468 ) ;
#360 = EDGE_CURVE ( 'NONE', #4775, #3274, #209, .T. ) ;
#361 = ORIENTED_EDGE ( 'NONE', *, *, #6080, .T. ) ;
#362 = EDGE_CURVE ( 'NONE', #1944, #8432, #7458, .T. ) ;
#363 = CARTESIAN_POINT ( 'NONE',  ( -0.6095901690410600038, 1.493496405698544249, -0.04955848441160469464 ) ) ;
#364 = ADVANCED_FACE ( 'NONE', ( #1939 ), #1990, .F. ) ;
#365 = PLANE ( 'NONE',  #4205 ) ;
#366 = ORIENTED_EDGE ( 'NONE', *, *, #3681, .F. ) ;
#367 = DIRECTION ( 'NONE',  ( -0.8587137004641421933, 0.5124556377240662153, 0.000000000000000000 ) ) ;
#368 = DIRECTION ( 'NONE',  ( -0.000000000000000000, 1.000000000000000000, 2.891205793294672410E-16 ) ) ;
#369 = CARTESIAN_POINT ( 'NONE',  ( -0.3047999999999999599, 0.7620000000000000107, 0.1693333333333335022 ) ) ;
#370 = CARTESIAN_POINT ( 'NONE',  ( 0.08687802539211569863, 7.826489972236299053, -2.387599999999999945 ) ) ;
#371 = ORIENTED_EDGE ( 'NONE', *, *, #6284, .T. ) ;
#372 = EDGE_CURVE ( 'NONE', #8247, #3484, #4102, .T. ) ;
#373 = ORIENTED_EDGE ( 'NONE', *, *, #951, .F. ) ;
#374 = CARTESIAN_POINT ( 'NONE',  ( 36.62499999999999289, 0.000000000000000000, 30.89500000000002089 ) ) ;
#375 = CARTESIAN_POINT ( 'NONE',  ( 0.000000000000000000, 0.000000000000000000, -3.174999999999999822 ) ) ;
#376 = EDGE_CURVE ( 'NONE', #7126, #3157, #921, .T. ) ;
#377 = ORIENTED_EDGE ( 'NONE', *, *, #4341, .T. ) ;
#378 = DIRECTION ( 'NONE',  ( 0.000000000000000000, 0.000000000000000000, -1.000000000000000000 ) ) ;
#379 = DIRECTION ( 'NONE',  ( 1.000000000000000000, -0.000000000000000000, -0.000000000000000000 ) ) ;
#380 = CARTESIAN_POINT ( 'NONE',  ( -36.22499999999999432, -11.77500000000000036, -35.89999999999997016 ) ) ;
#381 = ORIENTED_EDGE ( 'NONE', *, *, #3839, .T. ) ;
#382 = ORIENTED_EDGE ( 'NONE', *, *, #6259, .F. ) ;
#383 = FACE_BOUND ( 'NONE', #8228, .T. ) ;
#384 = VERTEX_POINT ( 'NONE', #8873 ) ;
#385 = CARTESIAN_POINT ( 'NONE',  ( -24.22500000000000142, -11.77500000000000036, -9.125000000000008882 ) ) ;
#386 = DIRECTION ( 'NONE',  ( 7.127563398038339466E-17, 0.000000000000000000, 1.000000000000000000 ) ) ;
#387 = CARTESIAN_POINT ( 'NONE',  ( -36.62499999999999289, -11.77500000000000036, 12.70500000000002139 ) ) ;
#388 = EDGE_LOOP ( 'NONE', ( #5316, #1539, #3530, #3450 ) ) ;
#389 = PLANE ( 'NONE',  #6327 ) ;
#390 = AXIS2_PLACEMENT_3D ( 'NONE', #7825, #2649, #4256 ) ;
#391 = DIRECTION ( 'NONE',  ( -0.000000000000000000, 0.000000000000000000, 1.000000000000000000 ) ) ;
#392 = LINE ( 'NONE', #7633, #8343 ) ;
#393 = ORIENTED_EDGE ( 'NONE', *, *, #4346, .F. ) ;
#394 = ORIENTED_EDGE ( 'NONE', *, *, #8358, .F. ) ;
#395 = DIRECTION ( 'NONE',  ( 1.000000000000000000, 0.000000000000000000, -0.000000000000000000 ) ) ;
#396 = EDGE_CURVE ( 'NONE', #5252, #2740, #5265, .T. ) ;
#397 = LINE ( 'NONE', #8929, #4390 ) ;
#398 = CARTESIAN_POINT ( 'NONE',  ( -3.953253931003325228, 11.07060511971771888, 2.374900000000000233 ) ) ;
#399 = VECTOR ( 'NONE', #7966, 1000.000000000000000 ) ;
#400 = EDGE_LOOP ( 'NONE', ( #822, #972, #3532, #4466 ) ) ;
#401 = PLANE ( 'NONE',  #2987 ) ;
#402 = CARTESIAN_POINT ( 'NONE',  ( 39.35983003675661251, 0.000000000000000000, -21.78393290460574505 ) ) ;
#403 = ORIENTED_EDGE ( 'NONE', *, *, #4679, .T. ) ;
#404 = AXIS2_PLACEMENT_3D ( 'NONE', #8094, #8996, #1604 ) ;
#405 = DIRECTION ( 'NONE',  ( -0.03489949670250104552, 0.9993908270190956511, 0.000000000000000000 ) ) ;
#406 = ADVANCED_FACE ( 'NONE', ( #8164 ), #1673, .T. ) ;
#407 = DIRECTION ( 'NONE',  ( 0.000000000000000000, 0.000000000000000000, 1.000000000000000000 ) ) ;
#408 = EDGE_CURVE ( 'NONE', #5371, #3157, #6736, .T. ) ;
#409 = DIRECTION ( 'NONE',  ( 0.000000000000000000, 0.000000000000000000, 1.000000000000000000 ) ) ;
#410 = EDGE_CURVE ( 'NONE', #4301, #7729, #3633, .T. ) ;
#411 = VECTOR ( 'NONE', #1994, 1000.000000000000000 ) ;
#412 = CARTESIAN_POINT ( 'NONE',  ( 0.000000000000000000, 3.048000000000000043, 3.174999999999999822 ) ) ;
#413 = EDGE_LOOP ( 'NONE', ( #7734, #2762, #9062, #6901 ) ) ;
#414 = VECTOR ( 'NONE', #4866, 1000.000000000000000 ) ;
#415 = ORIENTED_EDGE ( 'NONE', *, *, #2017, .T. ) ;
#416 = CARTESIAN_POINT ( 'NONE',  ( 24.22499999999999787, -9.659192512834604116, 6.125000000000008882 ) ) ;
#417 = FACE_OUTER_BOUND ( 'NONE', #5682, .T. ) ;
#418 = ORIENTED_EDGE ( 'NONE', *, *, #1573, .F. ) ;
#419 = DIRECTION ( 'NONE',  ( -1.000000000000000000, 0.000000000000000000, 0.000000000000000000 ) ) ;
#420 = AXIS2_PLACEMENT_3D ( 'NONE', #3159, #6860, #7533 ) ;
#421 = LINE ( 'NONE', #8330, #1181 ) ;
#422 = VECTOR ( 'NONE', #7711, 1000.000000000000000 ) ;
#423 = ADVANCED_FACE ( 'NONE', ( #5671 ), #2745, .T. ) ;
#424 = CARTESIAN_POINT ( 'NONE',  ( -35.22500000000000142, -2.199999999999999734, 31.19999999999999574 ) ) ;
#425 = VECTOR ( 'NONE', #3107, 1000.000000000000000 ) ;
#426 = ORIENTED_EDGE ( 'NONE', *, *, #7586, .F. ) ;
#427 = ADVANCED_FACE ( 'NONE', ( #1425 ), #2134, .F. ) ;
#428 = VERTEX_POINT ( 'NONE', #7864 ) ;
#429 = CARTESIAN_POINT ( 'NONE',  ( 38.31380793923467110, 8.673617379884035472E-16, 30.89500000000002089 ) ) ;
#430 = VECTOR ( 'NONE', #6420, 1000.000000000000000 ) ;
#431 = AXIS2_PLACEMENT_3D ( 'NONE', #221, #3003, #3664 ) ;
#432 = VERTEX_POINT ( 'NONE', #3585 ) ;
#433 = ORIENTED_EDGE ( 'NONE', *, *, #989, .T. ) ;
#434 = CARTESIAN_POINT ( 'NONE',  ( 36.22499999999999432, -11.77500000000000036, -9.399999999999998579 ) ) ;
#435 = FACE_OUTER_BOUND ( 'NONE', #122, .T. ) ;
#436 = AXIS2_PLACEMENT_3D ( 'NONE', #206, #8869, #917 ) ;
#437 = DIRECTION ( 'NONE',  ( 0.000000000000000000, 0.000000000000000000, -1.000000000000000000 ) ) ;
#438 = VERTEX_POINT ( 'NONE', #570 ) ;
#439 = CARTESIAN_POINT ( 'NONE',  ( -2.193253119671565443, 13.83025492792763878, 3.174999999999999822 ) ) ;
#440 = FACE_OUTER_BOUND ( 'NONE', #5653, .T. ) ;
#441 = VECTOR ( 'NONE', #5194, 1000.000000000000000 ) ;
#442 = FACE_OUTER_BOUND ( 'NONE', #4658, .T. ) ;
#443 = CARTESIAN_POINT ( 'NONE',  ( 0.3047901690410599884, 1.493496405698544249, 0.01270000000000036204 ) ) ;
#444 = ADVANCED_FACE ( 'NONE', ( #5053 ), #8567, .F. ) ;
#445 = VERTEX_POINT ( 'NONE', #2080 ) ;
#446 = CARTESIAN_POINT ( 'NONE',  ( -25.02463851276271711, -9.708811568194560593, 6.226496910594562451 ) ) ;
#447 = LINE ( 'NONE', #261, #4690 ) ;
#448 = CARTESIAN_POINT ( 'NONE',  ( 1.739120209725300275E-17, 3.048000000000000043, -0.2463955369517844829 ) ) ;
#449 = VECTOR ( 'NONE', #3800, 1000.000000000000000 ) ;
#450 = ORIENTED_EDGE ( 'NONE', *, *, #3475, .T. ) ;
#451 = CARTESIAN_POINT ( 'NONE',  ( 6.077901990208380357E-19, 0.4826000000000000290, 0.4826000000000000290 ) ) ;
#452 = EDGE_CURVE ( 'NONE', #7048, #6336, #9332, .T. ) ;
#453 = DIRECTION ( 'NONE',  ( -1.000000000000000000, 0.000000000000000000, 0.000000000000000000 ) ) ;
#454 = ORIENTED_EDGE ( 'NONE', *, *, #215, .T. ) ;
#455 = VECTOR ( 'NONE', #7662, 1000.000000000000000 ) ;
#456 = CARTESIAN_POINT ( 'NONE',  ( -36.22499999999999432, -2.200000000000000622, 29.50000000000002132 ) ) ;
#457 = DIRECTION ( 'NONE',  ( -0.000000000000000000, -1.000000000000000000, 0.000000000000000000 ) ) ;
#458 = FACE_OUTER_BOUND ( 'NONE', #5288, .T. ) ;
#459 = AXIS2_PLACEMENT_3D ( 'NONE', #3077, #2290, #8723 ) ;
#460 = DIRECTION ( 'NONE',  ( -0.000000000000000000, 1.000000000000000000, 0.000000000000000000 ) ) ;
#461 = EDGE_LOOP ( 'NONE', ( #1969, #4175, #4959, #984, #4292, #5717, #9180, #4553, #7039 ) ) ;
#462 = VERTEX_POINT ( 'NONE', #10 ) ;
#463 = DIRECTION ( 'NONE',  ( 0.03489949670250104552, 0.9993908270190956511, 0.000000000000000000 ) ) ;
#464 = EDGE_CURVE ( 'NONE', #8432, #4405, #7202, .T. ) ;
#465 = EDGE_CURVE ( 'NONE', #5308, #5501, #8523, .T. ) ;
#466 = LINE ( 'NONE', #8326, #6794 ) ;
#467 = ORIENTED_EDGE ( 'NONE', *, *, #6129, .T. ) ;
#468 = CARTESIAN_POINT ( 'NONE',  ( -39.35983003675661251, 0.000000000000000000, 21.78393290460574505 ) ) ;
#469 = VECTOR ( 'NONE', #3385, 1000.000000000000000 ) ;
#470 = CARTESIAN_POINT ( 'NONE',  ( 0.000000000000000000, 0.000000000000000000, 3.174999999999999822 ) ) ;
#471 = CARTESIAN_POINT ( 'NONE',  ( -35.22500000000000142, -1.819537539667370973, 7.703320245590689730 ) ) ;
#472 = EDGE_LOOP ( 'NONE', ( #7655, #9320, #3470, #5016 ) ) ;
#473 = ORIENTED_EDGE ( 'NONE', *, *, #7698, .F. ) ;
#474 = VERTEX_POINT ( 'NONE', #5011 ) ;
#475 = CYLINDRICAL_SURFACE ( 'NONE', #2832, 3.000000000000002665 ) ;
#476 = AXIS2_PLACEMENT_3D ( 'NONE', #8303, #8208, #1149 ) ;
#477 = EDGE_CURVE ( 'NONE', #5264, #4881, #2034, .T. ) ;
#478 = ORIENTED_EDGE ( 'NONE', *, *, #6842, .F. ) ;
#479 = EDGE_CURVE ( 'NONE', #7614, #8351, #7158, .T. ) ;
#480 = ORIENTED_EDGE ( 'NONE', *, *, #5953, .T. ) ;
#481 = LINE ( 'NONE', #8480, #3417 ) ;
#482 = CARTESIAN_POINT ( 'NONE',  ( 36.22500000000000142, -2.199999999999999734, -35.90000000000001990 ) ) ;
#483 = ORIENTED_EDGE ( 'NONE', *, *, #2370, .T. ) ;
#484 = DIRECTION ( 'NONE',  ( 0.000000000000000000, 0.000000000000000000, -1.000000000000000000 ) ) ;
#485 = CARTESIAN_POINT ( 'NONE',  ( -2.729628686932549950E-16, 6.324599999999999334, 2.387599999999999945 ) ) ;
#486 = LINE ( 'NONE', #2093, #4453 ) ;
#487 =( LENGTH_UNIT ( ) NAMED_UNIT ( * ) SI_UNIT ( .MILLI., .METRE. ) );
#488 = EDGE_LOOP ( 'NONE', ( #9352, #6084, #7818, #7953 ) ) ;
#489 = PLANE ( 'NONE',  #2208 ) ;
#490 = VERTEX_POINT ( 'NONE', #8667 ) ;
#491 = CARTESIAN_POINT ( 'NONE',  ( -36.22499999999999432, -1.700000000000000178, 14.10166012279535508 ) ) ;
#492 = CARTESIAN_POINT ( 'NONE',  ( -26.61638925924249222, -10.15838743722348880, -29.10321567170157664 ) ) ;
#493 = CARTESIAN_POINT ( 'NONE',  ( -0.3047901690410599884, 2.316503594301459579, -0.3644977684758924918 ) ) ;
#494 = ORIENTED_EDGE ( 'NONE', *, *, #3553, .F. ) ;
#495 = CARTESIAN_POINT ( 'NONE',  ( -38.31380793923467110, 0.000000000000000000, 26.89500000000002444 ) ) ;
#496 = LINE ( 'NONE', #5690, #1358 ) ;
#497 = ORIENTED_EDGE ( 'NONE', *, *, #6442, .T. ) ;
#498 = ADVANCED_FACE ( 'NONE', ( #2176 ), #3534, .T. ) ;
#499 = CARTESIAN_POINT ( 'NONE',  ( -36.22500000000000142, -0.4390750793347422687, -14.09335950881864363 ) ) ;
#500 = CARTESIAN_POINT ( 'NONE',  ( 39.35983003675661251, -0.02500000000000038997, -21.78393290460574505 ) ) ;
#501 = CARTESIAN_POINT ( 'NONE',  ( -35.22500000000000142, -2.199999999999999734, -34.20000000000000284 ) ) ;
#502 = ADVANCED_FACE ( 'NONE', ( #7812 ), #6536, .T. ) ;
#503 = CARTESIAN_POINT ( 'NONE',  ( -0.3047999999999999599, 0.7620000000000000107, 0.01270000000000000122 ) ) ;
#504 = ORIENTED_EDGE ( 'NONE', *, *, #8060, .F. ) ;
#505 = ORIENTED_EDGE ( 'NONE', *, *, #5351, .F. ) ;
#506 = CARTESIAN_POINT ( 'NONE',  ( 26.83112039817154937, -10.26709744570285743, 29.42640826163751910 ) ) ;
#507 = CARTESIAN_POINT ( 'NONE',  ( 24.22500000000000142, -11.77500000000000036, 37.47500000000000142 ) ) ;
#508 = CARTESIAN_POINT ( 'NONE',  ( -38.72500000000000142, -6.275000000000001243, 34.20000000000000284 ) ) ;
#509 = EDGE_LOOP ( 'NONE', ( #5317, #1175, #6994, #3717 ) ) ;
#510 = DIRECTION ( 'NONE',  ( 0.000000000000000000, 0.000000000000000000, 1.000000000000000000 ) ) ;
#511 = DIRECTION ( 'NONE',  ( 1.000000000000000000, 0.000000000000000000, 0.000000000000000000 ) ) ;
#512 = CARTESIAN_POINT ( 'NONE',  ( 2.710505431213759852E-17, 3.048000000000000043, -0.01019107390356803998 ) ) ;
#513 = EDGE_CURVE ( 'NONE', #7033, #5676, #4196, .T. ) ;
#514 = VERTEX_POINT ( 'NONE', #9286 ) ;
#515 = CARTESIAN_POINT ( 'NONE',  ( -36.22499999999999432, -1.819537539667371195, 7.701660122795356500 ) ) ;
#516 = ORIENTED_EDGE ( 'NONE', *, *, #3673, .T. ) ;
#517 = CARTESIAN_POINT ( 'NONE',  ( 26.83112039817154937, -10.26709744570285920, -35.97359173836247948 ) ) ;
#518 = ORIENTED_EDGE ( 'NONE', *, *, #9041, .T. ) ;
#519 = ORIENTED_EDGE ( 'NONE', *, *, #2763, .T. ) ;
#520 = CARTESIAN_POINT ( 'NONE',  ( -36.62499999999999289, -11.77500000000000036, -34.50499999999998124 ) ) ;
#521 = CARTESIAN_POINT ( 'NONE',  ( 36.62500000000000000, -11.77500000000000036, -35.89999999999997016 ) ) ;
#522 = EDGE_CURVE ( 'NONE', #8367, #1424, #773, .T. ) ;
#523 = EDGE_CURVE ( 'NONE', #6562, #8367, #5811, .T. ) ;
#524 = LINE ( 'NONE', #572, #929 ) ;
#525 = EDGE_CURVE ( 'NONE', #1743, #2033, #6147, .T. ) ;
#526 = ORIENTED_EDGE ( 'NONE', *, *, #4574, .T. ) ;
#527 = CARTESIAN_POINT ( 'NONE',  ( 36.22499999999999432, -11.77500000000000036, 29.50000000000002132 ) ) ;
#528 = LINE ( 'NONE', #3388, #294 ) ;
#529 = DIRECTION ( 'NONE',  ( 1.000000000000000000, 0.000000000000000000, 0.000000000000000000 ) ) ;
#530 = DIRECTION ( 'NONE',  ( 0.000000000000000000, 0.000000000000000000, -1.000000000000000000 ) ) ;
#531 = ORIENTED_EDGE ( 'NONE', *, *, #7976, .T. ) ;
#532 = CARTESIAN_POINT ( 'NONE',  ( -35.22500000000000142, -1.819537539667370973, -14.10332024559068920 ) ) ;
#533 = ORIENTED_EDGE ( 'NONE', *, *, #7781, .T. ) ;
#534 = DIRECTION ( 'NONE',  ( -1.000000000000000000, 0.000000000000000000, 0.000000000000000000 ) ) ;
#535 = CARTESIAN_POINT ( 'NONE',  ( -26.49306973311140823, -10.10316865628966632, -28.95190132175604347 ) ) ;
#536 = EDGE_CURVE ( 'NONE', #832, #7399, #4946, .T. ) ;
#537 = PLANE ( 'NONE',  #4381 ) ;
#538 = VERTEX_POINT ( 'NONE', #4524 ) ;
#539 = ADVANCED_FACE ( 'NONE', ( #8811 ), #8850, .F. ) ;
#540 = AXIS2_PLACEMENT_3D ( 'NONE', #7166, #62, #5061 ) ;
#541 = PLANE ( 'NONE',  #6630 ) ;
#542 = LINE ( 'NONE', #7079, #8315 ) ;
#543 = ORIENTED_EDGE ( 'NONE', *, *, #7146, .F. ) ;
#544 = CARTESIAN_POINT ( 'NONE',  ( 38.72500000000000142, -6.275000000000001243, -9.399999999999998579 ) ) ;
#545 = CARTESIAN_POINT ( 'NONE',  ( 35.22500000000000142, 0.000000000000000000, 29.50000000000002132 ) ) ;
#546 = VECTOR ( 'NONE', #3706, 1000.000000000000000 ) ;
#547 = CARTESIAN_POINT ( 'NONE',  ( 9.596687352960589616E-19, 0.7620000000000000107, 0.4826000000000000290 ) ) ;
#548 = CARTESIAN_POINT ( 'NONE',  ( -27.22499999999999787, 0.000000000000000000, -32.70000000000000284 ) ) ;
#549 = EDGE_LOOP ( 'NONE', ( #8152, #9108 ) ) ;
#550 = ORIENTED_EDGE ( 'NONE', *, *, #8639, .F. ) ;
#551 = CARTESIAN_POINT ( 'NONE',  ( 27.20520594547036097, -10.55583604369455486, 30.52884721109695221 ) ) ;
#552 = VECTOR ( 'NONE', #4447, 1000.000000000000000 ) ;
#553 = CARTESIAN_POINT ( 'NONE',  ( 36.22499999999999432, -1.739845846555790443, 14.10000000000002274 ) ) ;
#554 = LINE ( 'NONE', #2730, #628 ) ;
#555 = ORIENTED_EDGE ( 'NONE', *, *, #5834, .F. ) ;
#556 = SURFACE_STYLE_FILL_AREA ( #9276 ) ;
#557 = LINE ( 'NONE', #612, #3586 ) ;
#558 = FACE_OUTER_BOUND ( 'NONE', #2748, .T. ) ;
#559 = VECTOR ( 'NONE', #6727, 1000.000000000000000 ) ;
#560 = VECTOR ( 'NONE', #5627, 1000.000000000000114 ) ;
#561 = ORIENTED_EDGE ( 'NONE', *, *, #6795, .F. ) ;
#562 = LINE ( 'NONE', #3375, #3992 ) ;
#563 = ORIENTED_EDGE ( 'NONE', *, *, #86, .T. ) ;
#564 = EDGE_LOOP ( 'NONE', ( #8566, #6333, #3499, #5743 ) ) ;
#565 = PLANE ( 'NONE',  #6309 ) ;
#566 = EDGE_CURVE ( 'NONE', #2985, #7387, #3019, .T. ) ;
#567 = ORIENTED_EDGE ( 'NONE', *, *, #4988, .F. ) ;
#568 = VECTOR ( 'NONE', #5584, 1000.000000000000000 ) ;
#569 = VERTEX_POINT ( 'NONE', #4471 ) ;
#570 = CARTESIAN_POINT ( 'NONE',  ( -35.22500000000000142, -6.275000000000000355, 31.19999999999999574 ) ) ;
#571 = DIRECTION ( 'NONE',  ( -0.000000000000000000, 1.000000000000000000, -0.000000000000000000 ) ) ;
#572 = CARTESIAN_POINT ( 'NONE',  ( -38.72500000000000142, -11.77500000000000036, -12.70499999999998053 ) ) ;
#573 = AXIS2_PLACEMENT_3D ( 'NONE', #768, #5852, #4337 ) ;
#574 = AXIS2_PLACEMENT_3D ( 'NONE', #2576, #6747, #405 ) ;
#575 = ORIENTED_EDGE ( 'NONE', *, *, #5606, .F. ) ;
#576 = ORIENTED_EDGE ( 'NONE', *, *, #5724, .T. ) ;
#577 = CARTESIAN_POINT ( 'NONE',  ( -36.22499999999999432, -1.819537539667371195, -14.10166012279533376 ) ) ;
#578 = AXIS2_PLACEMENT_3D ( 'NONE', #4393, #2412, #3677 ) ;
#579 = DIRECTION ( 'NONE',  ( 0.000000000000000000, -1.000000000000000000, 0.000000000000000000 ) ) ;
#580 = EDGE_CURVE ( 'NONE', #4566, #2685, #7482, .T. ) ;
#581 = EDGE_CURVE ( 'NONE', #1280, #1277, #2361, .T. ) ;
#582 = CARTESIAN_POINT ( 'NONE',  ( -24.22500000000000142, -9.659192512834602340, 15.67499999999999361 ) ) ;
#583 = CONTEXT_DEPENDENT_SHAPE_REPRESENTATION ( #3667, #3526 ) ;
#584 = ORIENTED_EDGE ( 'NONE', *, *, #1790, .T. ) ;
#585 = VECTOR ( 'NONE', #5422, 1000.000000000000000 ) ;
#586 = FACE_OUTER_BOUND ( 'NONE', #8522, .T. ) ;
#587 = CIRCLE ( 'NONE', #2244, 10.77500000000000036 ) ;
#588 = EDGE_LOOP ( 'NONE', ( #6096, #6742, #415, #2113 ) ) ;
#589 = CARTESIAN_POINT ( 'NONE',  ( -35.72499999999999432, -1.200000000000000178, 14.10166012279535508 ) ) ;
#590 = CARTESIAN_POINT ( 'NONE',  ( 38.31380793923467110, 0.000000000000000000, 0.000000000000000000 ) ) ;
#591 = CARTESIAN_POINT ( 'NONE',  ( 35.22500000000000142, -9.659192512834604116, 6.125000000000008882 ) ) ;
#592 = VERTEX_POINT ( 'NONE', #3153 ) ;
#593 = CARTESIAN_POINT ( 'NONE',  ( -36.22500000000000142, -2.199999999999999734, -34.20000000000000284 ) ) ;
#594 = ADVANCED_FACE ( 'NONE', ( #146 ), #8904, .T. ) ;
#595 = FACE_OUTER_BOUND ( 'NONE', #1285, .T. ) ;
#596 = ORIENTED_EDGE ( 'NONE', *, *, #7294, .T. ) ;
#597 = CARTESIAN_POINT ( 'NONE',  ( -35.22500000000000142, -1.200000000000000178, -14.09667975440931009 ) ) ;
#598 = EDGE_CURVE ( 'NONE', #2253, #6417, #6190, .T. ) ;
#599 = VECTOR ( 'NONE', #7237, 1000.000000000000000 ) ;
#600 = FACE_OUTER_BOUND ( 'NONE', #5425, .T. ) ;
#601 = CARTESIAN_POINT ( 'NONE',  ( -35.22500000000000142, 0.000000000000000000, -14.09999999999997655 ) ) ;
#602 = CARTESIAN_POINT ( 'NONE',  ( -4.677858382765189837, 18.41651208015194996, -2.374900000000000233 ) ) ;
#603 = ORIENTED_EDGE ( 'NONE', *, *, #4031, .F. ) ;
#604 = ORIENTED_EDGE ( 'NONE', *, *, #7436, .T. ) ;
#605 = PLANE ( 'NONE',  #7995 ) ;
#606 = VECTOR ( 'NONE', #4311, 1000.000000000000000 ) ;
#607 = VECTOR ( 'NONE', #6928, 1000.000000000000000 ) ;
#608 = CARTESIAN_POINT ( 'NONE',  ( -36.22499999999999432, -6.275000000000001243, 12.40000000000000213 ) ) ;
#609 = FACE_OUTER_BOUND ( 'NONE', #138, .T. ) ;
#610 = ORIENTED_EDGE ( 'NONE', *, *, #4048, .T. ) ;
#611 = CARTESIAN_POINT ( 'NONE',  ( -36.22499999999999432, -6.275000000000000355, -12.40000000000000391 ) ) ;
#612 = CARTESIAN_POINT ( 'NONE',  ( -0.3047999999999999599, 12.19235930419984015, 3.174999999999999822 ) ) ;
#613 = CARTESIAN_POINT ( 'NONE',  ( -36.62500000000000000, -11.77500000000000036, 29.50000000000002132 ) ) ;
#614 = AXIS2_PLACEMENT_3D ( 'NONE', #5846, #5897, #8181 ) ;
#615 = B_SPLINE_CURVE_WITH_KNOTS ( 'NONE', 3,
 ( #6593, #4407, #7318, #830 ),
 .UNSPECIFIED., .F., .F.,
 ( 4, 4 ),
 ( 0.000000000000000000, 0.01186476820519811147 ),
 .UNSPECIFIED. ) ;
#616 = CARTESIAN_POINT ( 'NONE',  ( 38.72500000000000142, -11.77500000000000036, -30.89499999999997826 ) ) ;
#617 = VERTEX_POINT ( 'NONE', #7440 ) ;
#618 = ORIENTED_EDGE ( 'NONE', *, *, #2391, .T. ) ;
#619 = DIRECTION ( 'NONE',  ( 0.000000000000000000, 0.000000000000000000, 1.000000000000000000 ) ) ;
#620 = VECTOR ( 'NONE', #6042, 1000.000000000000000 ) ;
#621 = ORIENTED_EDGE ( 'NONE', *, *, #6986, .F. ) ;
#622 = AXIS2_PLACEMENT_3D ( 'NONE', #2100, #5741, #3549 ) ;
#623 = ORIENTED_EDGE ( 'NONE', *, *, #5906, .F. ) ;
#624 = CARTESIAN_POINT ( 'NONE',  ( 39.35983003675661251, 0.000000000000000000, 21.78393290460574505 ) ) ;
#625 = CARTESIAN_POINT ( 'NONE',  ( -3.022599999999999731, 11.20139999999999958, -2.374900000000000233 ) ) ;
#626 = LINE ( 'NONE', #8429, #5002 ) ;
#627 = ADVANCED_FACE ( 'NONE', ( #8091, #6677 ), #6052, .F. ) ;
#628 = VECTOR ( 'NONE', #4895, 1000.000000000000000 ) ;
#629 = VECTOR ( 'NONE', #7502, 1000.000000000000000 ) ;
#630 = EDGE_LOOP ( 'NONE', ( #1150, #3786 ) ) ;
#631 = ORIENTED_EDGE ( 'NONE', *, *, #3502, .F. ) ;
#632 = CARTESIAN_POINT ( 'NONE',  ( -0.3047999999999999599, 0.4826000000000000290, -0.4826000000000000290 ) ) ;
#633 = CARTESIAN_POINT ( 'NONE',  ( -27.22499999999999787, -10.62779375035100848, -30.92499999999999716 ) ) ;
#634 = B_SPLINE_CURVE_WITH_KNOTS ( 'NONE', 3,
 ( #2818, #3474, #553, #698 ),
 .UNSPECIFIED., .F., .F.,
 ( 4, 4 ),
 ( 0.9881352317948018937, 1.000000000000000000 ),
 .UNSPECIFIED. ) ;
#635 = B_SPLINE_CURVE_WITH_KNOTS ( 'NONE', 3,
 ( #7365, #5927, #4316, #6557 ),
 .UNSPECIFIED., .F., .F.,
 ( 4, 4 ),
 ( 0.000000000000000000, 1.000000000000000000 ),
 .UNSPECIFIED. ) ;
#636 = LINE ( 'NONE', #2702, #8553 ) ;
#637 = VERTEX_POINT ( 'NONE', #8191 ) ;
#638 = CARTESIAN_POINT ( 'NONE',  ( -36.62500000000000000, -11.77500000000000036, 7.700000000000022382 ) ) ;
#639 = ORIENTED_EDGE ( 'NONE', *, *, #2503, .F. ) ;
#640 = CARTESIAN_POINT ( 'NONE',  ( -27.20520594547036097, -10.55583604369455131, -8.728847211096958603 ) ) ;
#641 = DIRECTION ( 'NONE',  ( -0.000000000000000000, 1.000000000000000000, -0.000000000000000000 ) ) ;
#642 = CARTESIAN_POINT ( 'NONE',  ( 43.31380793923467110, -11.77500000000000036, 16.70500000000001961 ) ) ;
#643 = EDGE_CURVE ( 'NONE', #5561, #4822, #7219, .T. ) ;
#644 = EDGE_CURVE ( 'NONE', #7048, #4701, #6760, .T. ) ;
#645 = ORIENTED_EDGE ( 'NONE', *, *, #6493, .T. ) ;
#646 = CARTESIAN_POINT ( 'NONE',  ( 36.22500000000000142, -1.819537539667370973, -14.10332024559068920 ) ) ;
#647 = DIRECTION ( 'NONE',  ( 1.000000000000000000, 0.000000000000000000, 0.000000000000000000 ) ) ;
#648 = ORIENTED_EDGE ( 'NONE', *, *, #8060, .T. ) ;
#649 = FACE_OUTER_BOUND ( 'NONE', #2434, .T. ) ;
#650 = CARTESIAN_POINT ( 'NONE',  ( 24.22500000000000142, -11.77500000000000036, -6.125000000000008882 ) ) ;
#651 = CARTESIAN_POINT ( 'NONE',  ( 36.22500000000000142, -0.8195375396673710844, 14.10332024559068920 ) ) ;
#652 = EDGE_CURVE ( 'NONE', #6612, #7972, #5998, .T. ) ;
#653 = EDGE_CURVE ( 'NONE', #2253, #2474, #4483, .T. ) ;
#654 = CARTESIAN_POINT ( 'NONE',  ( -24.22500000000000497, -9.659192512834597011, 37.47500000000000142 ) ) ;
#655 = EDGE_CURVE ( 'NONE', #7174, #5630, #7302, .T. ) ;
#656 = ORIENTED_EDGE ( 'NONE', *, *, #227, .T. ) ;
#657 = ORIENTED_EDGE ( 'NONE', *, *, #9138, .F. ) ;
#658 = LINE ( 'NONE', #7035, #6168 ) ;
#659 = LINE ( 'NONE', #507, #9067 ) ;
#660 = DIRECTION ( 'NONE',  ( 1.000000000000000000, 0.000000000000000000, 0.000000000000000000 ) ) ;
#661 = VERTEX_POINT ( 'NONE', #8764 ) ;
#662 = DIRECTION ( 'NONE',  ( 0.000000000000000000, 0.000000000000000000, -1.000000000000000000 ) ) ;
#663 = CARTESIAN_POINT ( 'NONE',  ( 36.04550837654068118, -1.306393551922748975, -14.09999999999997833 ) ) ;
#664 = EDGE_CURVE ( 'NONE', #428, #9147, #8416, .T. ) ;
#665 = CARTESIAN_POINT ( 'NONE',  ( 38.72500000000000142, -11.77500000000000036, -34.50499999999998124 ) ) ;
#666 = ORIENTED_EDGE ( 'NONE', *, *, #3331, .F. ) ;
#667 = ORIENTED_EDGE ( 'NONE', *, *, #2087, .F. ) ;
#668 = DIRECTION ( 'NONE',  ( 0.000000000000000000, 5.528999126619305500E-16, -1.000000000000000000 ) ) ;
#669 = EDGE_CURVE ( 'NONE', #2311, #58, #7343, .T. ) ;
#670 = ORIENTED_EDGE ( 'NONE', *, *, #1666, .T. ) ;
#671 = ORIENTED_EDGE ( 'NONE', *, *, #5544, .F. ) ;
#672 = CARTESIAN_POINT ( 'NONE',  ( 36.22499999999999432, -11.77500000000000036, 35.90000000000001990 ) ) ;
#673 = LINE ( 'NONE', #2225, #3730 ) ;
#674 = LINE ( 'NONE', #3440, #469 ) ;
#675 = EDGE_LOOP ( 'NONE', ( #8170, #4054, #4543, #563, #7156, #5, #758, #2130 ) ) ;
#676 = EDGE_LOOP ( 'NONE', ( #7044, #4265, #4094, #8411 ) ) ;
#677 = CARTESIAN_POINT ( 'NONE',  ( -35.22500000000000142, -2.199999999999999734, 29.50000000000002132 ) ) ;
#678 = FACE_BOUND ( 'NONE', #2989, .T. ) ;
#679 = FACE_OUTER_BOUND ( 'NONE', #1534, .T. ) ;
#680 = CONTEXT_DEPENDENT_SHAPE_REPRESENTATION ( #8882, #4283 ) ;
#681 = ORIENTED_EDGE ( 'NONE', *, *, #8009, .T. ) ;
#682 = LINE ( 'NONE', #1480, #9163 ) ;
#683 = CARTESIAN_POINT ( 'NONE',  ( 36.62500000000000000, -11.77500000000000036, 7.700000000000022382 ) ) ;
#684 = CARTESIAN_POINT ( 'NONE',  ( -43.31380793923467110, 0.000000000000000000, -16.70500000000001961 ) ) ;
#685 = LINE ( 'NONE', #5687, #7277 ) ;
#686 = ORIENTED_EDGE ( 'NONE', *, *, #5110, .F. ) ;
#687 = DIRECTION ( 'NONE',  ( 1.000000000000000000, 0.000000000000000000, -7.127563398038339466E-17 ) ) ;
#688 = CARTESIAN_POINT ( 'NONE',  ( 35.22500000000000142, 0.000000000000000000, -7.703320245590689730 ) ) ;
#689 = ORIENTED_EDGE ( 'NONE', *, *, #3381, .T. ) ;
#690 = EDGE_CURVE ( 'NONE', #4042, #5120, #1891, .T. ) ;
#691 = CARTESIAN_POINT ( 'NONE',  ( 39.35983003675661251, 0.000000000000000000, -22.88393290460573937 ) ) ;
#692 = LINE ( 'NONE', #7083, #5104 ) ;
#693 = DIRECTION ( 'NONE',  ( 1.259407789102440013E-18, 1.000000000000000000, -2.753879025871234817E-16 ) ) ;
#694 = DIRECTION ( 'NONE',  ( 1.000000000000000000, -1.259407789102440013E-18, 0.000000000000000000 ) ) ;
#695 = VECTOR ( 'NONE', #1931, 1000.000000000000000 ) ;
#696 = LINE ( 'NONE', #4274, #4332 ) ;
#697 = DIRECTION ( 'NONE',  ( -0.000000000000000000, 1.000000000000000000, -0.000000000000000000 ) ) ;
#698 = CARTESIAN_POINT ( 'NONE',  ( 36.22499999999999432, -1.700000000000000178, 14.10166012279535508 ) ) ;
#699 = ADVANCED_FACE ( 'NONE', ( #4091 ), #3909, .F. ) ;
#700 = EDGE_CURVE ( 'NONE', #2592, #2127, #9042, .T. ) ;
#701 = AXIS2_PLACEMENT_3D ( 'NONE', #7067, #6300, #5590 ) ;
#702 = CARTESIAN_POINT ( 'NONE',  ( 38.72500000000000142, -11.77500000000000036, -12.70499999999998053 ) ) ;
#703 = VERTEX_POINT ( 'NONE', #5512 ) ;
#704 =( LENGTH_UNIT ( ) NAMED_UNIT ( * ) SI_UNIT ( .MILLI., .METRE. ) );
#705 = PLANE ( 'NONE',  #7834 ) ;
#706 = ADVANCED_FACE ( 'NONE', ( #7660 ), #9126, .F. ) ;
#707 = EDGE_CURVE ( 'NONE', #997, #8247, #8885, .T. ) ;
#708 = LINE ( 'NONE', #613, #3020 ) ;
#709 = DIRECTION ( 'NONE',  ( -0.000000000000000000, 1.000000000000000000, 0.000000000000000000 ) ) ;
#710 = ORIENTED_EDGE ( 'NONE', *, *, #700, .F. ) ;
#711 = VECTOR ( 'NONE', #6781, 1000.000000000000000 ) ;
#712 = ORIENTED_EDGE ( 'NONE', *, *, #5276, .T. ) ;
#713 = CARTESIAN_POINT ( 'NONE',  ( -27.22499999999999787, -11.77500000000000036, -15.67499999999999361 ) ) ;
#714 = ORIENTED_EDGE ( 'NONE', *, *, #7861, .F. ) ;
#715 = EDGE_CURVE ( 'NONE', #5121, #7705, #6995, .T. ) ;
#716 = DIRECTION ( 'NONE',  ( 0.000000000000000000, 0.000000000000000000, 1.000000000000000000 ) ) ;
#717 = ORIENTED_EDGE ( 'NONE', *, *, #1116, .T. ) ;
#718 = DIRECTION ( 'NONE',  ( -1.000000000000000000, 0.000000000000000000, 0.000000000000000000 ) ) ;
#719 = DIRECTION ( 'NONE',  ( 1.000000000000000000, 0.000000000000000000, 0.000000000000000000 ) ) ;
#720 = AXIS2_PLACEMENT_3D ( 'NONE', #6440, #1468, #4909 ) ;
#721 = EDGE_CURVE ( 'NONE', #7477, #5827, #3327, .T. ) ;
#722 = CARTESIAN_POINT ( 'NONE',  ( -0.3047999999999999599, 12.19235930419984015, -2.374900000000000233 ) ) ;
#723 = ORIENTED_EDGE ( 'NONE', *, *, #312, .F. ) ;
#724 = ORIENTED_EDGE ( 'NONE', *, *, #7934, .T. ) ;
#725 = ORIENTED_EDGE ( 'NONE', *, *, #362, .T. ) ;
#726 = CARTESIAN_POINT ( 'NONE',  ( -39.35983003675661251, -1.399999999999999911, 21.78393290460574505 ) ) ;
#727 = AXIS2_PLACEMENT_3D ( 'NONE', #7894, #78, #4455 ) ;
#728 = FACE_OUTER_BOUND ( 'NONE', #7397, .T. ) ;
#729 = ITEM_DEFINED_TRANSFORMATION ( 'NONE', 'NONE', #4395,  #2439 ) ;
#730 = EDGE_LOOP ( 'NONE', ( #4251, #1671, #7819, #4738 ) ) ;
#731 = LINE ( 'NONE', #4976, #4919 ) ;
#732 = CARTESIAN_POINT ( 'NONE',  ( 27.22499999999999787, -11.77500000000000036, -12.67499999999999538 ) ) ;
#733 = AXIS2_PLACEMENT_3D ( 'NONE', #5995, #8898, #2407 ) ;
#734 = LINE ( 'NONE', #1740, #3456 ) ;
#735 = CARTESIAN_POINT ( 'NONE',  ( 38.31380793923467110, 0.000000000000000000, 0.000000000000000000 ) ) ;
#736 = VECTOR ( 'NONE', #7661, 1000.000000000000000 ) ;
#737 = B_SPLINE_CURVE_WITH_KNOTS ( 'NONE', 3,
 ( #547, #4271, #1306, #4845, #2011, #7229, #3514 ),
 .UNSPECIFIED., .F., .F.,
 ( 4, 1, 1, 1, 4 ),
 ( 0.000000000000000000, 0.2500000000000000000, 0.5000000000000000000, 0.7500000000000000000, 1.000000000000000000 ),
 .UNSPECIFIED. ) ;
#738 = ORIENTED_EDGE ( 'NONE', *, *, #3673, .F. ) ;
#739 = EDGE_CURVE ( 'NONE', #245, #9029, #1737, .T. ) ;
#740 = CARTESIAN_POINT ( 'NONE',  ( 36.22499999999999432, -6.275000000000002132, 35.90000000000001990 ) ) ;
#741 = AXIS2_PLACEMENT_3D ( 'NONE', #8541, #3401, #4218 ) ;
#742 = AXIS2_PLACEMENT_3D ( 'NONE', #5118, #5738, #158 ) ;
#743 = CARTESIAN_POINT ( 'NONE',  ( 6.077901990208380357E-19, 0.4826000000000000290, -0.4826000000000000290 ) ) ;
#744 = ORIENTED_EDGE ( 'NONE', *, *, #6170, .F. ) ;
#745 = DIRECTION ( 'NONE',  ( -1.000000000000000000, 0.000000000000000000, 0.000000000000000000 ) ) ;
#746 = CARTESIAN_POINT ( 'NONE',  ( -39.35983003675661251, 0.000000000000000000, 21.78393290460574505 ) ) ;
#747 = CARTESIAN_POINT ( 'NONE',  ( 0.3047901690410594888, 2.316503594301455138, 0.01270000000000020071 ) ) ;
#748 = DIRECTION ( 'NONE',  ( 0.000000000000000000, 0.000000000000000000, 1.000000000000000000 ) ) ;
#749 = AXIS2_PLACEMENT_3D ( 'NONE', #3276, #4661, #3950 ) ;
#750 = ORIENTED_EDGE ( 'NONE', *, *, #5223, .F. ) ;
#751 = ADVANCED_FACE ( 'NONE', ( #4043 ), #6227, .F. ) ;
#752 = DIRECTION ( 'NONE',  ( -0.000000000000000000, 1.000000000000000000, -0.000000000000000000 ) ) ;
#753 = CARTESIAN_POINT ( 'NONE',  ( 35.22500000000000142, -9.659192512834602340, 15.67499999999999361 ) ) ;
#754 = B_SPLINE_CURVE_WITH_KNOTS ( 'NONE', 3,
 ( #7551, #7725, #8427, #5309 ),
 .UNSPECIFIED., .F., .F.,
 ( 4, 4 ),
 ( 0.000000000000000000, 1.000000000000000000 ),
 .UNSPECIFIED. ) ;
#755 = DIRECTION ( 'NONE',  ( 0.000000000000000000, 0.000000000000000000, 1.000000000000000000 ) ) ;
#756 = AXIS2_PLACEMENT_3D ( 'NONE', #219, #2397, #5277 ) ;
#757 = CARTESIAN_POINT ( 'NONE',  ( -38.72500000000000142, -6.275000000000001243, -9.399999999999998579 ) ) ;
#758 = ORIENTED_EDGE ( 'NONE', *, *, #8766, .T. ) ;
#759 = CARTESIAN_POINT ( 'NONE',  ( 36.22499999999999432, -11.77500000000000036, -31.19999999999999929 ) ) ;
#760 = CARTESIAN_POINT ( 'NONE',  ( 3.838674941184240469E-18, 3.048000000000000043, 0.4826000000000000290 ) ) ;
#761 = DIRECTION ( 'NONE',  ( 0.000000000000000000, 0.000000000000000000, -1.000000000000000000 ) ) ;
#762 = EDGE_CURVE ( 'NONE', #5952, #6755, #3994, .T. ) ;
#763 = AXIS2_PLACEMENT_3D ( 'NONE', #5969, #391, #7632 ) ;
#764 = DIRECTION ( 'NONE',  ( 0.000000000000000000, 0.000000000000000000, -1.000000000000000000 ) ) ;
#765 = ORIENTED_EDGE ( 'NONE', *, *, #6423, .T. ) ;
#766 = EDGE_CURVE ( 'NONE', #5515, #8515, #1228, .T. ) ;
#767 = ORIENTED_EDGE ( 'NONE', *, *, #1666, .F. ) ;
#768 = CARTESIAN_POINT ( 'NONE',  ( -0.3047999999999999599, 12.19235930419984015, -2.374900000000000233 ) ) ;
#769 = EDGE_CURVE ( 'NONE', #90, #9271, #3234, .T. ) ;
#770 = EDGE_LOOP ( 'NONE', ( #8955, #6391, #4691, #102, #3941, #8849, #3933, #1822, #8136, #2565, #6509, #8190, #8896, #1732, #1667, #8157, #3858, #7786, #8459, #8361 ) ) ;
#771 = ORIENTED_EDGE ( 'NONE', *, *, #5678, .T. ) ;
#772 =( REPRESENTATION_RELATIONSHIP ('NONE','NONE', #5123, #7375 ) REPRESENTATION_RELATIONSHIP_WITH_TRANSFORMATION ( #8488 )SHAPE_REPRESENTATION_RELATIONSHIP( ) );
#773 = LINE ( 'NONE', #2927, #6754 ) ;
#774 = AXIS2_PLACEMENT_3D ( 'NONE', #4239, #4186, #7944 ) ;
#775 = CYLINDRICAL_SURFACE ( 'NONE', #128, 0.9398000000000001908 ) ;
#776 = CARTESIAN_POINT ( 'NONE',  ( 35.22500000000000142, 0.000000000000000000, -35.89999999999997016 ) ) ;
#777 = EDGE_CURVE ( 'NONE', #4252, #1555, #5426, .T. ) ;
#778 = ORIENTED_EDGE ( 'NONE', *, *, #2278, .T. ) ;
#779 = CARTESIAN_POINT ( 'NONE',  ( -36.22499999999999432, -6.275000000000001243, 34.20000000000000284 ) ) ;
#780 = AXIS2_PLACEMENT_3D ( 'NONE', #5313, #3892, #8308 ) ;
#781 = EDGE_CURVE ( 'NONE', #2595, #9335, #8233, .T. ) ;
#782 = DIRECTION ( 'NONE',  ( -1.000000000000000000, 0.000000000000000000, 0.000000000000000000 ) ) ;
#783 = VERTEX_POINT ( 'NONE', #1041 ) ;
#784 = LINE ( 'NONE', #1433, #6135 ) ;
#785 = CARTESIAN_POINT ( 'NONE',  ( 36.62500000000000000, 0.000000000000000000, -35.89999999999997016 ) ) ;
#787 = DIRECTION ( 'NONE',  ( -0.000000000000000000, 0.000000000000000000, 1.000000000000000000 ) ) ;
#786 = VECTOR ( 'NONE', #6826, 1000.000000000000000 ) ;
#788 = VECTOR ( 'NONE', #2479, 1000.000000000000000 ) ;
#789 = DIRECTION ( 'NONE',  ( -0.000000000000000000, -1.000000000000000000, -0.000000000000000000 ) ) ;
#790 = ORIENTED_EDGE ( 'NONE', *, *, #3371, .T. ) ;
#791 = LINE ( 'NONE', #2292, #1187 ) ;
#792 = EDGE_CURVE ( 'NONE', #8511, #868, #336, .T. ) ;
#793 = PLANE ( 'NONE',  #3 ) ;
#794 = ORIENTED_EDGE ( 'NONE', *, *, #4045, .T. ) ;
#795 = LINE ( 'NONE', #7929, #5831 ) ;
#796 = CARTESIAN_POINT ( 'NONE',  ( 24.22499999999999787, -11.77500000000000036, 30.92499999999999716 ) ) ;
#797 = FACE_OUTER_BOUND ( 'NONE', #6854, .T. ) ;
#798 = CARTESIAN_POINT ( 'NONE',  ( 27.22499999999999787, -10.62779375035101026, 9.125000000000008882 ) ) ;
#799 = ORIENTED_EDGE ( 'NONE', *, *, #9317, .T. ) ;
#800 = DIRECTION ( 'NONE',  ( 0.000000000000000000, 0.000000000000000000, -1.000000000000000000 ) ) ;
#801 = CARTESIAN_POINT ( 'NONE',  ( 35.55833333333333002, -1.199999999999999956, 7.703320245590689730 ) ) ;
#802 = FACE_OUTER_BOUND ( 'NONE', #1831, .T. ) ;
#803 = CARTESIAN_POINT ( 'NONE',  ( -35.55833333333333002, -1.199999999999999956, 14.10332024559068920 ) ) ;
#804 = FACE_OUTER_BOUND ( 'NONE', #6184, .T. ) ;
#805 = EDGE_LOOP ( 'NONE', ( #2440, #4865, #5858, #2834 ) ) ;
#806 = FACE_OUTER_BOUND ( 'NONE', #1943, .T. ) ;
#807 = DIRECTION ( 'NONE',  ( 0.000000000000000000, 2.891205793294672410E-16, -1.000000000000000000 ) ) ;
#808 = LINE ( 'NONE', #5283, #315 ) ;
#809 = CARTESIAN_POINT ( 'NONE',  ( -36.22499999999999432, -11.77500000000000036, -29.49999999999997868 ) ) ;
#810 = ORIENTED_EDGE ( 'NONE', *, *, #2828, .F. ) ;
#811 = ORIENTED_EDGE ( 'NONE', *, *, #2786, .F. ) ;
#812 = DIRECTION ( 'NONE',  ( -0.2588190451025145222, -0.9659258262890699775, 0.000000000000000000 ) ) ;
#813 = VERTEX_POINT ( 'NONE', #3198 ) ;
#814 = ORIENTED_EDGE ( 'NONE', *, *, #4324, .F. ) ;
#815 = CARTESIAN_POINT ( 'NONE',  ( 35.55833333333333002, -1.199999999999999734, 14.10000000000002274 ) ) ;
#816 = ADVANCED_FACE ( 'NONE', ( #6097 ), #8992, .F. ) ;
#817 = CARTESIAN_POINT ( 'NONE',  ( -35.22500000000000142, -6.275000000000000355, -12.40000000000000391 ) ) ;
#818 = CARTESIAN_POINT ( 'NONE',  ( 39.35983003675661251, 0.000000000000000000, 17.94943290460574659 ) ) ;
#819 = ORIENTED_EDGE ( 'NONE', *, *, #6559, .T. ) ;
#820 = FACE_OUTER_BOUND ( 'NONE', #71, .T. ) ;
#821 = CONTEXT_DEPENDENT_SHAPE_REPRESENTATION ( #9363, #2105 ) ;
#822 = ORIENTED_EDGE ( 'NONE', *, *, #231, .F. ) ;
#823 = EDGE_CURVE ( 'NONE', #7610, #6004, #8279, .T. ) ;
#824 = LINE ( 'NONE', #2755, #7504 ) ;
#825 = EDGE_CURVE ( 'NONE', #229, #5120, #3952, .T. ) ;
#826 = LINE ( 'NONE', #1434, #6292 ) ;
#827 = EDGE_CURVE ( 'NONE', #6339, #3517, #2833, .T. ) ;
#828 = CARTESIAN_POINT ( 'NONE',  ( -38.31380793923466399, 0.000000000000000000, -43.79446661047027334 ) ) ;
#829 = ORIENTED_EDGE ( 'NONE', *, *, #5380, .T. ) ;
#830 = CARTESIAN_POINT ( 'NONE',  ( -36.22499999999999432, -1.819537539667371195, -7.701660122795333407 ) ) ;
#831 = DIRECTION ( 'NONE',  ( 0.000000000000000000, 0.000000000000000000, -1.000000000000000000 ) ) ;
#832 = VERTEX_POINT ( 'NONE', #5760 ) ;
#833 = CARTESIAN_POINT ( 'NONE',  ( 36.22499999999999432, -11.77500000000000036, -7.699999999999977973 ) ) ;
#834 = EDGE_CURVE ( 'NONE', #3472, #1657, #4132, .T. ) ;
#835 = DIRECTION ( 'NONE',  ( 0.000000000000000000, 0.000000000000000000, 1.000000000000000000 ) ) ;
#836 = CARTESIAN_POINT ( 'NONE',  ( 36.62499999999999289, 0.000000000000000000, -7.699999999999977973 ) ) ;
#837 = DIRECTION ( 'NONE',  ( -1.000000000000000000, 1.259407789102440013E-18, 0.000000000000000000 ) ) ;
#838 = ADVANCED_FACE ( 'NONE', ( #3570 ), #7096, .T. ) ;
#839 = EDGE_LOOP ( 'NONE', ( #7260, #5731, #4241, #3865 ) ) ;
#840 = DIRECTION ( 'NONE',  ( 0.000000000000000000, 0.000000000000000000, 1.000000000000000000 ) ) ;
#841 = CARTESIAN_POINT ( 'NONE',  ( -35.22500000000000142, 0.000000000000000000, 32.70000000000000284 ) ) ;
#842 = PLANE ( 'NONE',  #1503 ) ;
#843 = CARTESIAN_POINT ( 'NONE',  ( -39.35983003675661251, 0.000000000000000000, 20.68393290460574718 ) ) ;
#844 = ORIENTED_EDGE ( 'NONE', *, *, #2200, .T. ) ;
#845 = CARTESIAN_POINT ( 'NONE',  ( -36.22499999999999432, -1.562134053373836373, 7.700000000000021494 ) ) ;
#846 = CARTESIAN_POINT ( 'NONE',  ( -35.22500000000000142, -6.275000000000001243, 12.40000000000000213 ) ) ;
#847 = CARTESIAN_POINT ( 'NONE',  ( -38.31380793923467110, 0.000000000000000000, 0.000000000000000000 ) ) ;
#848 = VERTEX_POINT ( 'NONE', #9230 ) ;
#849 = ORIENTED_EDGE ( 'NONE', *, *, #7754, .T. ) ;
#850 = FACE_OUTER_BOUND ( 'NONE', #4397, .T. ) ;
#851 = AXIS2_PLACEMENT_3D ( 'NONE', #8560, #7045, #9280 ) ;
#852 = DIRECTION ( 'NONE',  ( -1.259407789102440013E-18, -1.000000000000000000, 0.000000000000000000 ) ) ;
#853 = EDGE_CURVE ( 'NONE', #8032, #1133, #2121, .T. ) ;
#854 = VERTEX_POINT ( 'NONE', #2166 ) ;
#855 = VERTEX_POINT ( 'NONE', #7040 ) ;
#856 = CARTESIAN_POINT ( 'NONE',  ( -35.22500000000000142, -11.77500000000000036, 29.50000000000002132 ) ) ;
#857 = CARTESIAN_POINT ( 'NONE',  ( 35.22500000000000142, 0.000000000000000000, 0.000000000000000000 ) ) ;
#858 = VECTOR ( 'NONE', #2894, 1000.000000000000000 ) ;
#859 = CARTESIAN_POINT ( 'NONE',  ( -2.168404344971009854E-16, 6.324599999999999334, -3.174999999999999822 ) ) ;
#860 = ORIENTED_EDGE ( 'NONE', *, *, #5376, .T. ) ;
#861 = LINE ( 'NONE', #7308, #5692 ) ;
#862 = ADVANCED_FACE ( 'NONE', ( #5660 ), #1457, .T. ) ;
#863 = VERTEX_POINT ( 'NONE', #7240 ) ;
#864 = CARTESIAN_POINT ( 'NONE',  ( -35.22500000000000142, -1.819537539667370973, -7.703320245590689730 ) ) ;
#865 = CYLINDRICAL_SURFACE ( 'NONE', #5839, 2.999999999999999112 ) ;
#866 = DIRECTION ( 'NONE',  ( 0.000000000000000000, 0.000000000000000000, 1.000000000000000000 ) ) ;
#867 = AXIS2_PLACEMENT_3D ( 'NONE', #1396, #4924, #534 ) ;
#868 = VERTEX_POINT ( 'NONE', #5001 ) ;
#869 = EDGE_CURVE ( 'NONE', #6634, #5507, #7149, .T. ) ;
#870 = EDGE_CURVE ( 'NONE', #7710, #6189, #6382, .T. ) ;
#871 = LINE ( 'NONE', #5825, #5565 ) ;
#872 = DIRECTION ( 'NONE',  ( -1.259407789102440013E-18, -1.000000000000000000, 0.000000000000000000 ) ) ;
#873 = ORIENTED_EDGE ( 'NONE', *, *, #301, .F. ) ;
#874 = AXIS2_PLACEMENT_3D ( 'NONE', #6967, #2343, #8171 ) ;
#875 = LINE ( 'NONE', #3744, #6599 ) ;
#876 = AXIS2_PLACEMENT_3D ( 'NONE', #5473, #1874, #2458 ) ;
#877 = CARTESIAN_POINT ( 'NONE',  ( -2.168404344971009854E-16, 6.324599999999999334, -2.387599999999999945 ) ) ;
#878 = VECTOR ( 'NONE', #4133, 1000.000000000000000 ) ;
#879 = CARTESIAN_POINT ( 'NONE',  ( 0.3047901690410594888, 2.316503594301455138, 0.4434416666666664564 ) ) ;
#880 = CARTESIAN_POINT ( 'NONE',  ( 26.22190223355801564, -9.997230042551068507, -28.67785101624511768 ) ) ;
#881 = VERTEX_POINT ( 'NONE', #611 ) ;
#882 = VECTOR ( 'NONE', #1596, 1000.000000000000000 ) ;
#883 = PLANE ( 'NONE',  #4472 ) ;
#884 = AXIS2_PLACEMENT_3D ( 'NONE', #7460, #7501, #6114 ) ;
#885 = EDGE_CURVE ( 'NONE', #3517, #7852, #4897, .T. ) ;
#886 = DIRECTION ( 'NONE',  ( -1.000000000000000000, -0.000000000000000000, -0.000000000000000000 ) ) ;
#887 = CARTESIAN_POINT ( 'NONE',  ( -36.62499999999999289, -11.77500000000000036, 34.50500000000002387 ) ) ;
#888 = DIRECTION ( 'NONE',  ( 0.000000000000000000, 2.891205793294672410E-16, -1.000000000000000000 ) ) ;
#889 = ORIENTED_EDGE ( 'NONE', *, *, #4620, .T. ) ;
#890 = PRESENTATION_STYLE_ASSIGNMENT (( #2211 ) ) ;
#891 = VECTOR ( 'NONE', #3048, 1000.000000000000000 ) ;
#892 = LINE ( 'NONE', #1551, #7200 ) ;
#893 = CARTESIAN_POINT ( 'NONE',  ( -26.83130611590349801, -10.26722200603487245, -35.97316733070443462 ) ) ;
#894 = B_SPLINE_CURVE_WITH_KNOTS ( 'NONE', 3,
 ( #6024, #9061, #1756, #4012 ),
 .UNSPECIFIED., .F., .F.,
 ( 4, 4 ),
 ( 0.000000000000000000, 1.000000000000000000 ),
 .UNSPECIFIED. ) ;
#895 = FACE_OUTER_BOUND ( 'NONE', #7552, .T. ) ;
#896 = ORIENTED_EDGE ( 'NONE', *, *, #2385, .F. ) ;
#897 = ORIENTED_EDGE ( 'NONE', *, *, #9227, .T. ) ;
#898 = CARTESIAN_POINT ( 'NONE',  ( 35.22500000000000142, -1.439075079334741991, -7.698339877204666060 ) ) ;
#899 = AXIS2_PLACEMENT_3D ( 'NONE', #3496, #4825, #6399 ) ;
#900 = CARTESIAN_POINT ( 'NONE',  ( -26.83130611590349801, -10.26722200603487067, 29.42683266929556041 ) ) ;
#901 = ORIENTED_EDGE ( 'NONE', *, *, #9304, .F. ) ;
#902 = CARTESIAN_POINT ( 'NONE',  ( -36.04539674051500953, -1.306536231126048442, -14.09999999999997833 ) ) ;
#903 = CARTESIAN_POINT ( 'NONE',  ( 36.22500000000000142, -1.779691693111580708, -14.10332024559068920 ) ) ;
#904 = VECTOR ( 'NONE', #7613, 1000.000000000000000 ) ;
#905 = CARTESIAN_POINT ( 'NONE',  ( 35.22500000000000142, 0.000000000000000000, -29.49999999999997868 ) ) ;
#906 = EDGE_LOOP ( 'NONE', ( #3714, #7767, #1441, #6620 ) ) ;
#907 = DIRECTION ( 'NONE',  ( 0.000000000000000000, 0.000000000000000000, 1.000000000000000000 ) ) ;
#908 = VECTOR ( 'NONE', #7461, 1000.000000000000000 ) ;
#909 = ORIENTED_EDGE ( 'NONE', *, *, #8445, .T. ) ;
#910 = DIRECTION ( 'NONE',  ( -0.000000000000000000, 1.000000000000000000, 0.000000000000000000 ) ) ;
#911 = PLANE ( 'NONE',  #8440 ) ;
#912 = EDGE_CURVE ( 'NONE', #8517, #4573, #8607, .T. ) ;
#913 = DIRECTION ( 'NONE',  ( 0.000000000000000000, 0.000000000000000000, 1.000000000000000000 ) ) ;
#914 = AXIS2_PLACEMENT_3D ( 'NONE', #8405, #1913, #4794 ) ;
#915 = ORIENTED_EDGE ( 'NONE', *, *, #2427, .F. ) ;
#916 = MANIFOLD_SOLID_BREP ( 'Mirror15', #3559 ) ;
#917 = DIRECTION ( 'NONE',  ( 0.000000000000000000, 0.000000000000000000, -1.000000000000000000 ) ) ;
#918 = CARTESIAN_POINT ( 'NONE',  ( -35.22500000000000142, 0.000000000000000000, 0.000000000000000000 ) ) ;
#919 = VERTEX_POINT ( 'NONE', #4949 ) ;
#920 = VECTOR ( 'NONE', #4643, 1000.000000000000000 ) ;
#921 = LINE ( 'NONE', #520, #3257 ) ;
#922 = ORIENTED_EDGE ( 'NONE', *, *, #7082, .T. ) ;
#923 = CARTESIAN_POINT ( 'NONE',  ( -27.20518624071151947, -10.55589838528810454, 8.729250788160655361 ) ) ;
#924 = EDGE_CURVE ( 'NONE', #3259, #6036, #2021, .T. ) ;
#925 = DIRECTION ( 'NONE',  ( 0.000000000000000000, 0.000000000000000000, -1.000000000000000000 ) ) ;
#926 = ADVANCED_FACE ( 'NONE', ( #7853, #1371, #7378 ), #182, .T. ) ;
#927 = DIRECTION ( 'NONE',  ( -1.000000000000000000, 0.000000000000000000, 0.000000000000000000 ) ) ;
#928 = ORIENTED_EDGE ( 'NONE', *, *, #1608, .F. ) ;
#929 = VECTOR ( 'NONE', #7727, 1000.000000000000114 ) ;
#930 = LINE ( 'NONE', #3797, #2824 ) ;
#931 = ORIENTED_EDGE ( 'NONE', *, *, #6712, .T. ) ;
#932 = DIRECTION ( 'NONE',  ( 0.000000000000000000, -0.000000000000000000, -1.000000000000000000 ) ) ;
#933 = DIRECTION ( 'NONE',  ( 0.000000000000000000, 0.000000000000000000, -1.000000000000000000 ) ) ;
#934 = LINE ( 'NONE', #2260, #8103 ) ;
#935 = DIRECTION ( 'NONE',  ( 0.000000000000000000, 0.7071067811865918706, 0.7071067811865030528 ) ) ;
#936 = EDGE_CURVE ( 'NONE', #2342, #8391, #5280, .T. ) ;
#937 = AXIS2_PLACEMENT_3D ( 'NONE', #508, #2675, #1313 ) ;
#938 = CARTESIAN_POINT ( 'NONE',  ( 36.22499999999999432, -11.77500000000000036, 7.700000000000022382 ) ) ;
#939 = EDGE_CURVE ( 'NONE', #6698, #7297, #8179, .T. ) ;
#940 = CARTESIAN_POINT ( 'NONE',  ( -25.21348780755074159, -9.737363899785258070, -37.31427041245514431 ) ) ;
#941 = EDGE_CURVE ( 'NONE', #1093, #9080, #8081, .T. ) ;
#942 = CARTESIAN_POINT ( 'NONE',  ( -43.31380793923467110, -11.77500000000000036, 26.89500000000002089 ) ) ;
#943 = ORIENTED_EDGE ( 'NONE', *, *, #6429, .T. ) ;
#944 = EDGE_LOOP ( 'NONE', ( #596, #335, #3213, #6788 ) ) ;
#945 = EDGE_LOOP ( 'NONE', ( #8632, #4870, #6119, #974, #7320, #8426 ) ) ;
#946 = CARTESIAN_POINT ( 'NONE',  ( 35.84308110755474530, -1.439075079334741991, -7.693359508818644166 ) ) ;
#947 = CARTESIAN_POINT ( 'NONE',  ( -26.07349211351373697, -9.946160579764853793, 28.55405502132930451 ) ) ;
#948 = EDGE_LOOP ( 'NONE', ( #3915, #4050, #2627, #8012 ) ) ;
#949 = CARTESIAN_POINT ( 'NONE',  ( -36.15191202463030606, -1.439202975440221799, -14.09984969636126806 ) ) ;
#950 = CARTESIAN_POINT ( 'NONE',  ( 24.22500000000000142, -11.77500000000000036, 34.47500000000000142 ) ) ;
#951 = EDGE_CURVE ( 'NONE', #4863, #4297, #8839, .T. ) ;
#952 = CARTESIAN_POINT ( 'NONE',  ( 36.22499999999999432, -11.77500000000000036, -12.40000000000000391 ) ) ;
#953 = ORIENTED_EDGE ( 'NONE', *, *, #6831, .T. ) ;
#954 = EDGE_CURVE ( 'NONE', #6683, #6381, #3621, .T. ) ;
#955 = DIRECTION ( 'NONE',  ( 1.000000000000000000, 0.000000000000000000, 0.000000000000000000 ) ) ;
#956 = ORIENTED_EDGE ( 'NONE', *, *, #6124, .T. ) ;
#957 = CARTESIAN_POINT ( 'NONE',  ( -27.22499999999999787, -11.77500000000000036, -37.47500000000000142 ) ) ;
#958 = ORIENTED_EDGE ( 'NONE', *, *, #5714, .T. ) ;
#959 = CARTESIAN_POINT ( 'NONE',  ( 38.72500000000000142, 5.421010862427522170E-16, 34.20000000000000284 ) ) ;
#960 = CARTESIAN_POINT ( 'NONE',  ( -9.830958940036490292E-06, 1.493496405698542029, 0.1301750000000000129 ) ) ;
#961 = DIRECTION ( 'NONE',  ( 1.000000000000000000, -0.000000000000000000, -0.000000000000000000 ) ) ;
#962 = ORIENTED_EDGE ( 'NONE', *, *, #5890, .T. ) ;
#963 = ORIENTED_EDGE ( 'NONE', *, *, #343, .T. ) ;
#964 = PLANE ( 'NONE',  #5415 ) ;
#965 = CARTESIAN_POINT ( 'NONE',  ( 25.02463851276272067, -9.708811568194553487, -6.226496910594562451 ) ) ;
#966 = ORIENTED_EDGE ( 'NONE', *, *, #125, .T. ) ;
#967 = DIRECTION ( 'NONE',  ( -0.000000000000000000, 1.000000000000000000, 0.000000000000000000 ) ) ;
#968 = VERTEX_POINT ( 'NONE', #8888 ) ;
#969 = CARTESIAN_POINT ( 'NONE',  ( 0.08687802539211569863, 7.826489972236299053, -2.387599999999999945 ) ) ;
#970 = PLANE ( 'NONE',  #2735 ) ;
#971 = CARTESIAN_POINT ( 'NONE',  ( 26.22150987399926692, -9.997091699051175340, 6.877510949666841178 ) ) ;
#972 = ORIENTED_EDGE ( 'NONE', *, *, #8673, .F. ) ;
#973 = LINE ( 'NONE', #6497, #411 ) ;
#974 = ORIENTED_EDGE ( 'NONE', *, *, #8222, .F. ) ;
#975 = DIRECTION ( 'NONE',  ( 0.000000000000000000, -1.000000000000000000, -5.528999126619305500E-16 ) ) ;
#976 = EDGE_CURVE ( 'NONE', #3905, #1280, #4557, .T. ) ;
#977 = CARTESIAN_POINT ( 'NONE',  ( 36.15191201083782602, -1.439202982863501123, -7.699849687168051737 ) ) ;
#978 = MANIFOLD_SOLID_BREP ( 'NONE', #3862 ) ;
#979 = DIRECTION ( 'NONE',  ( -1.000000000000000000, 0.000000000000000000, 1.084202172485504631E-15 ) ) ;
#980 = CARTESIAN_POINT ( 'NONE',  ( -26.22150987399927047, -9.997091699051170011, 36.72248905033317357 ) ) ;
#981 = CARTESIAN_POINT ( 'NONE',  ( -36.22499999999999432, -6.275000000000002132, -7.699999999999976197 ) ) ;
#982 = CARTESIAN_POINT ( 'NONE',  ( -26.61757646021300161, -10.15895812762798123, -36.29514142379670005 ) ) ;
#983 = LINE ( 'NONE', #3145, #7951 ) ;
#984 = ORIENTED_EDGE ( 'NONE', *, *, #7937, .T. ) ;
#985 = ORIENTED_EDGE ( 'NONE', *, *, #452, .F. ) ;
#986 = EDGE_LOOP ( 'NONE', ( #1432, #3002, #8881, #172, #8716, #9222, #5877, #518, #6102 ) ) ;
#987 = LINE ( 'NONE', #1173, #7077 ) ;
#988 = ADVANCED_FACE ( 'NONE', ( #806 ), #4512, .F. ) ;
#989 = EDGE_CURVE ( 'NONE', #3516, #5708, #3708, .T. ) ;
#990 = LINE ( 'NONE', #3062, #441 ) ;
#991 = ORIENTED_EDGE ( 'NONE', *, *, #51, .F. ) ;
#992 = DIRECTION ( 'NONE',  ( 0.9993908270190957621, 0.03489949670250105246, 0.000000000000000000 ) ) ;
#993 = DIRECTION ( 'NONE',  ( -0.000000000000000000, 1.000000000000000000, 0.000000000000000000 ) ) ;
#994 = LINE ( 'NONE', #3602, #9225 ) ;
#995 = ORIENTED_EDGE ( 'NONE', *, *, #3690, .T. ) ;
#996 = AXIS2_PLACEMENT_3D ( 'NONE', #4383, #2267, #7295 ) ;
#997 = VERTEX_POINT ( 'NONE', #3093 ) ;
#998 = DIRECTION ( 'NONE',  ( 0.000000000000000000, 0.000000000000000000, -1.000000000000000000 ) ) ;
#999 = VECTOR ( 'NONE', #1591, 1000.000000000000000 ) ;
#1000 = ADVANCED_FACE ( 'NONE', ( #85 ), #2958, .F. ) ;
#1001 = ORIENTED_EDGE ( 'NONE', *, *, #5492, .F. ) ;
#1002 = EDGE_CURVE ( 'NONE', #4816, #6005, #5141, .T. ) ;
#1003 = FACE_OUTER_BOUND ( 'NONE', #1211, .T. ) ;
#1004 = AXIS2_PLACEMENT_3D ( 'NONE', #7782, #979, #1025 ) ;
#1005 = PLANE ( 'NONE',  #7821 ) ;
#1006 = LINE ( 'NONE', #3875, #1976 ) ;
#1007 = EDGE_LOOP ( 'NONE', ( #4008, #3832, #645, #2476 ) ) ;
#1008 = LINE ( 'NONE', #7591, #8003 ) ;
#1009 = DIRECTION ( 'NONE',  ( 0.000000000000000000, 0.000000000000000000, -1.000000000000000000 ) ) ;
#1010 = CARTESIAN_POINT ( 'NONE',  ( 0.000000000000000000, 0.000000000000000000, 0.000000000000000000 ) ) ;
#1011 = ORIENTED_EDGE ( 'NONE', *, *, #8621, .F. ) ;
#1012 = CARTESIAN_POINT ( 'NONE',  ( -36.22499999999999432, -1.700000000000000178, -14.10166012279533376 ) ) ;
#1013 = ORIENTED_EDGE ( 'NONE', *, *, #6581, .T. ) ;
#1014 = FACE_OUTER_BOUND ( 'NONE', #4101, .T. ) ;
#1015 = CARTESIAN_POINT ( 'NONE',  ( 39.35983003675661251, -0.02500000000000038997, -25.59343290460574494 ) ) ;
#1016 = VECTOR ( 'NONE', #3791, 1000.000000000000000 ) ;
#1017 = DIRECTION ( 'NONE',  ( 0.03489418781261441338, -0.9992388003036510868, -0.01744177813808751865 ) ) ;
#1018 = AXIS2_PLACEMENT_3D ( 'NONE', #2420, #910, #6012 ) ;
#1019 = ORIENTED_EDGE ( 'NONE', *, *, #3579, .F. ) ;
#1020 = CARTESIAN_POINT ( 'NONE',  ( -0.6095901690410600038, 1.493496405698544249, -0.4432325894919639797 ) ) ;
#1021 = VECTOR ( 'NONE', #1338, 1000.000000000000000 ) ;
#1022 = STYLED_ITEM ( 'NONE', ( #890 ), #978 ) ;
#1023 = CARTESIAN_POINT ( 'NONE',  ( 43.31380793923467110, -11.77500000000000036, -26.89500000000002089 ) ) ;
#1024 = ORIENTED_EDGE ( 'NONE', *, *, #5449, .T. ) ;
#1025 = DIRECTION ( 'NONE',  ( 1.084202172485504631E-15, 0.000000000000000000, 1.000000000000000000 ) ) ;
#1026 = CARTESIAN_POINT ( 'NONE',  ( -24.22500000000000497, -9.659192512834597011, 37.47500000000000142 ) ) ;
#1027 = CARTESIAN_POINT ( 'NONE',  ( -0.3047999999999999599, 6.324599999999999334, -3.174999999999999822 ) ) ;
#1028 = CARTESIAN_POINT ( 'NONE',  ( -36.62500000000000000, 0.000000000000000000, 29.50000000000002132 ) ) ;
#1029 = EDGE_CURVE ( 'NONE', #2337, #4077, #8797, .T. ) ;
#1030 = AXIS2_PLACEMENT_3D ( 'NONE', #3868, #4815, #6192 ) ;
#1031 = AXIS2_PLACEMENT_3D ( 'NONE', #746, #8734, #8072 ) ;
#1032 = VECTOR ( 'NONE', #4755, 1000.000000000000000 ) ;
#1033 = CARTESIAN_POINT ( 'NONE',  ( -27.22499999999999787, -11.77500000000000036, 12.67499999999999538 ) ) ;
#1034 = ORIENTED_EDGE ( 'NONE', *, *, #8290, .T. ) ;
#1035 = ORIENTED_EDGE ( 'NONE', *, *, #8974, .F. ) ;
#1036 = DIRECTION ( 'NONE',  ( 1.259407789102440013E-18, 1.000000000000000000, 0.000000000000000000 ) ) ;
#1037 = LINE ( 'NONE', #3908, #4811 ) ;
#1038 = AXIS2_PLACEMENT_3D ( 'NONE', #2104, #4984, #5598 ) ;
#1039 = VECTOR ( 'NONE', #8296, 1000.000000000000000 ) ;
#1040 = ORIENTED_EDGE ( 'NONE', *, *, #8158, .F. ) ;
#1041 = CARTESIAN_POINT ( 'NONE',  ( 3.838674941184240469E-18, 3.048000000000000043, 0.4826000000000000290 ) ) ;
#1042 = DIRECTION ( 'NONE',  ( 0.000000000000000000, 1.000000000000000000, -0.000000000000000000 ) ) ;
#1043 = DIRECTION ( 'NONE',  ( 0.000000000000000000, -1.000000000000000000, -0.000000000000000000 ) ) ;
#1044 = ADVANCED_FACE ( 'NONE', ( #3760 ), #6661, .F. ) ;
#1045 = EDGE_CURVE ( 'NONE', #9147, #428, #9192, .T. ) ;
#1046 = ORIENTED_EDGE ( 'NONE', *, *, #2529, .F. ) ;
#1047 = AXIS2_PLACEMENT_3D ( 'NONE', #5029, #3038, #5172 ) ;
#1048 = DIRECTION ( 'NONE',  ( 0.000000000000000000, 1.000000000000000000, -0.000000000000000000 ) ) ;
#1049 = ORIENTED_EDGE ( 'NONE', *, *, #513, .F. ) ;
#1050 = CARTESIAN_POINT ( 'NONE',  ( -35.22500000000000142, -1.200000000000000178, -7.696679754409310625 ) ) ;
#1051 = ORIENTED_EDGE ( 'NONE', *, *, #6866, .T. ) ;
#1052 = VECTOR ( 'NONE', #7897, 1000.000000000000000 ) ;
#1053 = CARTESIAN_POINT ( 'NONE',  ( 27.22499999999999787, -11.77500000000000036, -34.47500000000000142 ) ) ;
#1054 = CARTESIAN_POINT ( 'NONE',  ( -0.3047999999999999599, 3.048000000000000043, 0.1301750000000000129 ) ) ;
#1055 = ADVANCED_FACE ( 'NONE', ( #2446 ), #1727, .F. ) ;
#1056 = CARTESIAN_POINT ( 'NONE',  ( 35.81229238056328512, -1.199999999999999734, -7.699999999999977973 ) ) ;
#1057 = ADVANCED_FACE ( 'NONE', ( #6845 ), #3315, .T. ) ;
#1058 = EDGE_LOOP ( 'NONE', ( #1381, #1741, #382, #8420 ) ) ;
#1059 = VECTOR ( 'NONE', #7927, 1000.000000000000000 ) ;
#1060 = VECTOR ( 'NONE', #6318, 1000.000000000000000 ) ;
#1061 = PLANE ( 'NONE',  #8604 ) ;
#1062 = CARTESIAN_POINT ( 'NONE',  ( 27.22499999999998721, -10.59437064379733862, -8.924879502564309064 ) ) ;
#1063 = CARTESIAN_POINT ( 'NONE',  ( -38.31380793923467110, -11.77500000000000036, -26.89500000000002444 ) ) ;
#1064 = ORIENTED_EDGE ( 'NONE', *, *, #2992, .F. ) ;
#1065 = CARTESIAN_POINT ( 'NONE',  ( -36.15191202463030606, -1.439202975440221799, -14.09984969636126806 ) ) ;
#1066 = ORIENTED_EDGE ( 'NONE', *, *, #464, .T. ) ;
#1067 = FACE_OUTER_BOUND ( 'NONE', #4871, .T. ) ;
#1069 = DIRECTION ( 'NONE',  ( -0.000000000000000000, 0.000000000000000000, 1.000000000000000000 ) ) ;
#1068 = AXIS2_PLACEMENT_3D ( 'NONE', #1373, #2736, #5662 ) ;
#1070 = EDGE_CURVE ( 'NONE', #5310, #1160, #9024, .T. ) ;
#1071 = FACE_OUTER_BOUND ( 'NONE', #388, .T. ) ;
#1072 = EDGE_CURVE ( 'NONE', #2744, #4166, #1079, .T. ) ;
#1073 = VERTEX_POINT ( 'NONE', #4702 ) ;
#1074 = DIRECTION ( 'NONE',  ( 0.000000000000000000, 1.000000000000000000, 0.000000000000000000 ) ) ;
#1075 = AXIS2_PLACEMENT_3D ( 'NONE', #3686, #6586, #4538 ) ;
#1076 = DIRECTION ( 'NONE',  ( 1.000000000000000000, -0.000000000000000000, -0.000000000000000000 ) ) ;
#1077 = VERTEX_POINT ( 'NONE', #5414 ) ;
#1078 = CARTESIAN_POINT ( 'NONE',  ( 39.35983003675661251, -1.399999999999999467, 20.68393290460574718 ) ) ;
#1079 = LINE ( 'NONE', #8939, #6925 ) ;
#1080 = LINE ( 'NONE', #8267, #5442 ) ;
#1081 = PLANE ( 'NONE',  #4222 ) ;
#1082 = AXIS2_PLACEMENT_3D ( 'NONE', #6328, #2019, #1973 ) ;
#1083 = VECTOR ( 'NONE', #2852, 1000.000000000000000 ) ;
#1084 = CARTESIAN_POINT ( 'NONE',  ( 36.22499999999999432, -11.77500000000000036, -14.09999999999997655 ) ) ;
#1085 = EDGE_LOOP ( 'NONE', ( #7764, #6670, #8946, #2633 ) ) ;
#1086 = EDGE_LOOP ( 'NONE', ( #4470, #4354, #161, #29 ) ) ;
#1087 = LINE ( 'NONE', #5372, #123 ) ;
#1088 = PLANE ( 'NONE',  #749 ) ;
#1089 = VERTEX_POINT ( 'NONE', #3267 ) ;
#1090 = DIRECTION ( 'NONE',  ( 1.000000000000000000, 0.000000000000000000, 0.000000000000000000 ) ) ;
#1091 = CARTESIAN_POINT ( 'NONE',  ( 36.22500000000000142, -2.199999999999999734, 35.90000000000001990 ) ) ;
#1092 = CARTESIAN_POINT ( 'NONE',  ( -3.829619135696194832, 11.68300580833308011, 2.374900000000000233 ) ) ;
#1093 = VERTEX_POINT ( 'NONE', #1823 ) ;
#1094 = ORIENTED_EDGE ( 'NONE', *, *, #1571, .T. ) ;
#1095 = DIRECTION ( 'NONE',  ( 0.000000000000000000, -0.000000000000000000, 1.000000000000000000 ) ) ;
#1096 = EDGE_CURVE ( 'NONE', #3700, #5421, #1865, .T. ) ;
#1097 = VERTEX_POINT ( 'NONE', #4028 ) ;
#1098 = PLANE ( 'NONE',  #2233 ) ;
#1099 = CARTESIAN_POINT ( 'NONE',  ( -0.3047999999999999599, 3.048000000000000043, 0.2476499999999999813 ) ) ;
#1100 = LINE ( 'NONE', #8962, #8789 ) ;
#1101 = DIRECTION ( 'NONE',  ( 1.000000000000000000, -1.259407789102440013E-18, 0.000000000000000000 ) ) ;
#1102 = ORIENTED_EDGE ( 'NONE', *, *, #5076, .F. ) ;
#1103 = DIRECTION ( 'NONE',  ( 0.000000000000000000, 0.000000000000000000, -1.000000000000000000 ) ) ;
#1104 = EDGE_CURVE ( 'NONE', #6708, #7668, #8266, .T. ) ;
#1105 = EDGE_CURVE ( 'NONE', #2829, #7729, #5502, .T. ) ;
#1106 = CARTESIAN_POINT ( 'NONE',  ( 26.07349211351372986, -9.946160579764852017, -6.754055021329318009 ) ) ;
#1107 = CARTESIAN_POINT ( 'NONE',  ( 0.3047901690410594888, 2.316503594301455138, 0.01270000000000020071 ) ) ;
#1108 = EDGE_LOOP ( 'NONE', ( #7666, #7889, #7928, #8999 ) ) ;
#1109 = EDGE_CURVE ( 'NONE', #4391, #514, #8317, .T. ) ;
#1110 = ORIENTED_EDGE ( 'NONE', *, *, #3709, .T. ) ;
#1111 = CARTESIAN_POINT ( 'NONE',  ( -36.62499999999999289, -11.77500000000000036, -7.699999999999977973 ) ) ;
#1112 = CARTESIAN_POINT ( 'NONE',  ( -35.22500000000000142, 1.084202172485504434E-15, -34.20000000000000284 ) ) ;
#1113 = CARTESIAN_POINT ( 'NONE',  ( -0.3047901690410605435, 1.493496405698546026, -0.3644977684758924918 ) ) ;
#1114 = ORIENTED_EDGE ( 'NONE', *, *, #7041, .F. ) ;
#1115 = CARTESIAN_POINT ( 'NONE',  ( -0.3047999999999999599, 0.7620000000000000107, -0.4826000000000000290 ) ) ;
#1116 = EDGE_CURVE ( 'NONE', #6708, #3089, #7606, .T. ) ;
#1117 = FACE_OUTER_BOUND ( 'NONE', #1058, .T. ) ;
#1118 = ORIENTED_EDGE ( 'NONE', *, *, #5967, .T. ) ;
#1119 = CYLINDRICAL_SURFACE ( 'NONE', #6310, 2.999999999999999112 ) ;
#1120 = ADVANCED_FACE ( 'NONE', ( #9117 ), #1119, .F. ) ;
#1121 = LINE ( 'NONE', #6125, #2802 ) ;
#1122 = DIRECTION ( 'NONE',  ( 0.000000000000000000, 0.000000000000000000, -1.000000000000000000 ) ) ;
#1123 = FACE_OUTER_BOUND ( 'NONE', #5543, .T. ) ;
#1124 = ORIENTED_EDGE ( 'NONE', *, *, #5666, .F. ) ;
#1125 = VERTEX_POINT ( 'NONE', #456 ) ;
#1126 = LINE ( 'NONE', #3906, #8288 ) ;
#1127 = CARTESIAN_POINT ( 'NONE',  ( 36.62499999999999289, -11.77500000000000036, -9.094999999999977547 ) ) ;
#1128 = ORIENTED_EDGE ( 'NONE', *, *, #7804, .T. ) ;
#1129 = DIRECTION ( 'NONE',  ( 0.000000000000000000, -1.000000000000000000, -2.843494106224449617E-16 ) ) ;
#1130 = LINE ( 'NONE', #4664, #2682 ) ;
#1131 = CARTESIAN_POINT ( 'NONE',  ( 1.535515227524490209E-17, 12.19235930419984015, 2.374900000000000233 ) ) ;
#1132 = ORIENTED_EDGE ( 'NONE', *, *, #7934, .F. ) ;
#1133 = VERTEX_POINT ( 'NONE', #1772 ) ;
#1134 = EDGE_CURVE ( 'NONE', #1882, #3355, #6993, .T. ) ;
#1135 = CARTESIAN_POINT ( 'NONE',  ( -27.22499999999999787, -11.77500000000000036, -12.67499999999999538 ) ) ;
#1136 = VERTEX_POINT ( 'NONE', #7891 ) ;
#1137 = VERTEX_POINT ( 'NONE', #2719 ) ;
#1138 = CYLINDRICAL_SURFACE ( 'NONE', #2975, 2.999999999999999112 ) ;
#1139 = CARTESIAN_POINT ( 'NONE',  ( -0.3047999999999999599, 3.048000000000000043, 0.01270000000000000122 ) ) ;
#1140 = VECTOR ( 'NONE', #1509, 1000.000000000000000 ) ;
#1141 = CARTESIAN_POINT ( 'NONE',  ( 35.22500000000000142, 0.000000000000000000, 43.47500000000000142 ) ) ;
#1142 = EDGE_CURVE ( 'NONE', #1136, #1428, #1962, .T. ) ;
#1143 = VECTOR ( 'NONE', #4559, 1000.000000000000000 ) ;
#1144 = ORIENTED_EDGE ( 'NONE', *, *, #1096, .T. ) ;
#1145 = CARTESIAN_POINT ( 'NONE',  ( 35.22500000000000142, 1.084202172485504434E-15, -34.20000000000000284 ) ) ;
#1146 = CARTESIAN_POINT ( 'NONE',  ( -0.3047999999999999599, 0.7620000000000000107, 0.4826000000000000290 ) ) ;
#1147 = VECTOR ( 'NONE', #1455, 1000.000000000000000 ) ;
#1148 = DIRECTION ( 'NONE',  ( -1.000000000000000000, 0.000000000000000000, 0.000000000000000000 ) ) ;
#1149 = DIRECTION ( 'NONE',  ( 1.000000000000000000, 0.000000000000000000, 0.000000000000000000 ) ) ;
#1150 = ORIENTED_EDGE ( 'NONE', *, *, #8900, .F. ) ;
#1151 = ORIENTED_EDGE ( 'NONE', *, *, #1618, .F. ) ;
#1152 = CARTESIAN_POINT ( 'NONE',  ( -39.35983003675661251, 0.000000000000000000, -17.97443290460574161 ) ) ;
#1153 = CARTESIAN_POINT ( 'NONE',  ( 27.22499999999999787, -11.77500000000000036, 15.67499999999999361 ) ) ;
#1154 = CARTESIAN_POINT ( 'NONE',  ( -0.3047901690410599884, 2.316503594301455138, -0.4432325894919639797 ) ) ;
#1155 = EDGE_CURVE ( 'NONE', #4099, #6735, #6413, .T. ) ;
#1156 = ADVANCED_FACE ( 'NONE', ( #7841 ), #3127, .F. ) ;
#1157 = EDGE_LOOP ( 'NONE', ( #2769, #2717, #778, #4753 ) ) ;
#1158 = CARTESIAN_POINT ( 'NONE',  ( -0.6095901690410600038, 2.316503594301455138, -0.04955848441160469464 ) ) ;
#1159 = CARTESIAN_POINT ( 'NONE',  ( -38.31380793923467110, 0.000000000000000000, 0.000000000000000000 ) ) ;
#1160 = VERTEX_POINT ( 'NONE', #5695 ) ;
#1161 = AXIS2_PLACEMENT_3D ( 'NONE', #5158, #193, #4392 ) ;
#1162 = DIRECTION ( 'NONE',  ( 0.000000000000000000, 1.000000000000000000, -0.000000000000000000 ) ) ;
#1163 = DIRECTION ( 'NONE',  ( 1.000000000000000000, -0.000000000000000000, -0.000000000000000000 ) ) ;
#1164 = VECTOR ( 'NONE', #5416, 1000.000000000000000 ) ;
#1165 = CARTESIAN_POINT ( 'NONE',  ( -0.3047999999999999599, 0.7620000000000000107, 0.4826000000000000290 ) ) ;
#1166 = EDGE_CURVE ( 'NONE', #2474, #2438, #281, .T. ) ;
#1167 = VECTOR ( 'NONE', #7164, 1000.000000000000000 ) ;
#1168 = CARTESIAN_POINT ( 'NONE',  ( 27.22499999999999787, -11.77500000000000036, 9.125000000000008882 ) ) ;
#1169 = EDGE_CURVE ( 'NONE', #5472, #2829, #1406, .T. ) ;
#1170 = ORIENTED_EDGE ( 'NONE', *, *, #8633, .T. ) ;
#1171 = AXIS2_PLACEMENT_3D ( 'NONE', #7393, #992, #5238 ) ;
#1172 = ORIENTED_EDGE ( 'NONE', *, *, #6962, .T. ) ;
#1173 = CARTESIAN_POINT ( 'NONE',  ( -36.62499999999999289, -11.77500000000000036, 34.50500000000002387 ) ) ;
#1174 = LINE ( 'NONE', #4610, #4660 ) ;
#1175 = ORIENTED_EDGE ( 'NONE', *, *, #8921, .F. ) ;
#1176 = CARTESIAN_POINT ( 'NONE',  ( 38.72500000000000142, -11.77500000000000036, 0.000000000000000000 ) ) ;
#1177 = AXIS2_PLACEMENT_3D ( 'NONE', #1840, #6145, #1095 ) ;
#1178 = CARTESIAN_POINT ( 'NONE',  ( 36.22500000000000142, -2.199999999999999734, -34.20000000000000284 ) ) ;
#1179 = AXIS2_PLACEMENT_3D ( 'NONE', #4712, #7615, #1129 ) ;
#1180 = DIRECTION ( 'NONE',  ( -0.000000000000000000, 0.000000000000000000, -1.000000000000000000 ) ) ;
#1181 = VECTOR ( 'NONE', #6856, 1000.000000000000000 ) ;
#1182 = B_SPLINE_CURVE_WITH_KNOTS ( 'NONE', 3,
 ( #1543, #5132, #8031, #5079, #2298, #1496, #6558, #4414, #7366, #880, #3747, #171, #3044, #5928, #8831, #5220, #3936, #2437 ),
 .UNSPECIFIED., .F., .F.,
 ( 4, 2, 2, 2, 2, 2, 2, 2, 4 ),
 ( 0.000000000000000000, 0.0005996163484686797742, 0.001199232696937359548, 0.001798849045406039323, 0.002398465393874719097, 0.002998081742343399088, 0.003597698090812078645, 0.004197314439280758203, 0.004796930787749438194 ),
 .UNSPECIFIED. ) ;
#1183 = VERTEX_POINT ( 'NONE', #3465 ) ;
#1184 = ORIENTED_EDGE ( 'NONE', *, *, #6935, .F. ) ;
#1185 = ORIENTED_EDGE ( 'NONE', *, *, #4547, .T. ) ;
#1186 = FACE_OUTER_BOUND ( 'NONE', #2457, .T. ) ;
#1187 = VECTOR ( 'NONE', #6551, 1000.000000000000000 ) ;
#1188 = AXIS2_PLACEMENT_3D ( 'NONE', #5844, #6613, #8750 ) ;
#1189 = ORIENTED_EDGE ( 'NONE', *, *, #5432, .T. ) ;
#1190 = ORIENTED_EDGE ( 'NONE', *, *, #5683, .T. ) ;
#1191 = CARTESIAN_POINT ( 'NONE',  ( -0.3047999999999999599, 12.19235930419984015, 3.174999999999999822 ) ) ;
#1192 = VECTOR ( 'NONE', #1391, 1000.000000000000000 ) ;
#1193 = LINE ( 'NONE', #6289, #8182 ) ;
#1194 = ORIENTED_EDGE ( 'NONE', *, *, #1922, .F. ) ;
#1195 = ORIENTED_EDGE ( 'NONE', *, *, #4385, .F. ) ;
#1196 = DIRECTION ( 'NONE',  ( 1.084202172485504631E-15, 0.000000000000000000, 1.000000000000000000 ) ) ;
#1197 = DIRECTION ( 'NONE',  ( -1.000000000000000000, 0.000000000000000000, 0.000000000000000000 ) ) ;
#1198 = AXIS2_PLACEMENT_3D ( 'NONE', #402, #6798, #1769 ) ;
#1199 = DIRECTION ( 'NONE',  ( -1.084202172485504631E-15, 0.000000000000000000, 1.000000000000000000 ) ) ;
#1200 = APPLICATION_PROTOCOL_DEFINITION ( 'draft international standard', 'automotive_design', 1998, #56 ) ;
#1201 = ORIENTED_EDGE ( 'NONE', *, *, #5260, .T. ) ;
#1202 = ADVANCED_FACE ( 'NONE', ( #649 ), #1259, .T. ) ;
#1203 = ORIENTED_EDGE ( 'NONE', *, *, #3169, .F. ) ;
#1204 = LINE ( 'NONE', #8492, #3894 ) ;
#1205 = CARTESIAN_POINT ( 'NONE',  ( -26.22150987399927757, -9.997091699051166458, -28.67751094966683567 ) ) ;
#1206 = DIRECTION ( 'NONE',  ( 0.000000000000000000, 0.000000000000000000, -1.000000000000000000 ) ) ;
#1207 = AXIS2_PLACEMENT_3D ( 'NONE', #1301, #1404, #4076 ) ;
#1208 = ORIENTED_EDGE ( 'NONE', *, *, #4144, .T. ) ;
#1209 = DIRECTION ( 'NONE',  ( 0.000000000000000000, 0.000000000000000000, 1.000000000000000000 ) ) ;
#1210 = PLANE ( 'NONE',  #2560 ) ;
#1211 = EDGE_LOOP ( 'NONE', ( #4847, #5358, #2261, #2888 ) ) ;
#1212 = EDGE_CURVE ( 'NONE', #6340, #7113, #8500, .T. ) ;
#1213 = AXIS2_PLACEMENT_3D ( 'NONE', #4358, #787, #3067 ) ;
#1214 = EDGE_CURVE ( 'NONE', #5611, #2377, #2009, .T. ) ;
#1215 = DIRECTION ( 'NONE',  ( -1.084202172485504631E-15, 0.000000000000000000, 1.000000000000000000 ) ) ;
#1216 = LINE ( 'NONE', #4793, #4989 ) ;
#1217 = LINE ( 'NONE', #5417, #7567 ) ;
#1218 = AXIS2_PLACEMENT_3D ( 'NONE', #1581, #4369, #8787 ) ;
#1219 = DIRECTION ( 'NONE',  ( 0.000000000000000000, 0.000000000000000000, 1.000000000000000000 ) ) ;
#1220 = ORIENTED_EDGE ( 'NONE', *, *, #254, .F. ) ;
#1221 = EDGE_LOOP ( 'NONE', ( #4698, #2101, #5721, #1785 ) ) ;
#1222 = CARTESIAN_POINT ( 'NONE',  ( 27.22499999999999787, -10.62779375035100848, 30.92499999999999716 ) ) ;
#1223 = CARTESIAN_POINT ( 'NONE',  ( -25.21348780755075580, -9.737363899785258070, 28.08572958754484716 ) ) ;
#1224 = EDGE_CURVE ( 'NONE', #6179, #5908, #692, .T. ) ;
#1225 = EDGE_CURVE ( 'NONE', #6922, #538, #9264, .T. ) ;
#1226 = CARTESIAN_POINT ( 'NONE',  ( -24.22500000000000142, -11.77500000000000036, -37.47500000000000142 ) ) ;
#1227 = ORIENTED_EDGE ( 'NONE', *, *, #2441, .F. ) ;
#1228 = LINE ( 'NONE', #5378, #6002 ) ;
#1229 = AXIS2_PLACEMENT_3D ( 'NONE', #8011, #2929, #3637 ) ;
#1230 = DIRECTION ( 'NONE',  ( -1.084202172485504631E-15, 0.000000000000000000, 1.000000000000000000 ) ) ;
#1231 = EDGE_CURVE ( 'NONE', #2609, #5775, #3301, .T. ) ;
#1232 = DIRECTION ( 'NONE',  ( 1.084202172485504631E-15, 0.000000000000000000, 1.000000000000000000 ) ) ;
#1233 = VERTEX_POINT ( 'NONE', #4886 ) ;
#1234 = CARTESIAN_POINT ( 'NONE',  ( -36.62500000000000000, -11.77500000000000036, -35.89999999999997016 ) ) ;
#1235 = VERTEX_POINT ( 'NONE', #5648 ) ;
#1236 = CARTESIAN_POINT ( 'NONE',  ( -38.72500000000000142, -11.77500000000000036, 0.000000000000000000 ) ) ;
#1237 = ORIENTED_EDGE ( 'NONE', *, *, #3650, .T. ) ;
#1238 = ADVANCED_FACE ( 'NONE', ( #8544 ), #7029, .T. ) ;
#1239 = VERTEX_POINT ( 'NONE', #4224 ) ;
#1240 = DIRECTION ( 'NONE',  ( 1.000000000000000000, -1.259407789102440013E-18, 0.000000000000000000 ) ) ;
#1241 = DIRECTION ( 'NONE',  ( 1.259407789102440013E-18, 1.000000000000000000, 0.000000000000000000 ) ) ;
#1242 = EDGE_CURVE ( 'NONE', #151, #3999, #3510, .T. ) ;
#1243 = DIRECTION ( 'NONE',  ( 0.000000000000000000, 0.000000000000000000, -1.000000000000000000 ) ) ;
#1244 = VERTEX_POINT ( 'NONE', #9308 ) ;
#1245 = LINE ( 'NONE', #4771, #6616 ) ;
#1246 = CARTESIAN_POINT ( 'NONE',  ( -39.35983003675661251, 0.000000000000000000, 21.78393290460574505 ) ) ;
#1247 = LINE ( 'NONE', #9198, #2265 ) ;
#1248 = CARTESIAN_POINT ( 'NONE',  ( 36.62500000000000000, -14.95161261900211258, -32.71503926322797184 ) ) ;
#1249 = ORIENTED_EDGE ( 'NONE', *, *, #5943, .T. ) ;
#1250 = CARTESIAN_POINT ( 'NONE',  ( 38.72500000000000142, -11.77500000000000036, 9.095000000000020179 ) ) ;
#1251 = ORIENTED_EDGE ( 'NONE', *, *, #7698, .T. ) ;
#1252 = CARTESIAN_POINT ( 'NONE',  ( -35.22500000000000142, 0.000000000000000000, 0.000000000000000000 ) ) ;
#1253 = CARTESIAN_POINT ( 'NONE',  ( 6.077901990208380357E-19, 0.4826000000000000290, 0.000000000000000000 ) ) ;
#1254 = DIRECTION ( 'NONE',  ( 0.000000000000000000, 1.000000000000000000, 0.000000000000000000 ) ) ;
#1255 = ORIENTED_EDGE ( 'NONE', *, *, #2612, .T. ) ;
#1256 = LINE ( 'NONE', #593, #7241 ) ;
#1257 = CARTESIAN_POINT ( 'NONE',  ( 35.22500000000000142, 0.000000000000000000, 21.92500000000000071 ) ) ;
#1258 = ORIENTED_EDGE ( 'NONE', *, *, #4144, .F. ) ;
#1259 = PLANE ( 'NONE',  #5857 ) ;
#1260 = CARTESIAN_POINT ( 'NONE',  ( -36.15196530988674795, -1.439218638768963832, -7.699829940146781126 ) ) ;
#1261 = PLANE ( 'NONE',  #2723 ) ;
#1262 = ADVANCED_FACE ( 'NONE', ( #4990 ), #2860, .T. ) ;
#1263 = CARTESIAN_POINT ( 'NONE',  ( -9.830958940470169467E-06, 2.316503594301455138, 0.01270000000000020071 ) ) ;
#1264 = ORIENTED_EDGE ( 'NONE', *, *, #3265, .T. ) ;
#1265 = ORIENTED_EDGE ( 'NONE', *, *, #8525, .T. ) ;
#1266 = LINE ( 'NONE', #1971, #430 ) ;
#1267 = DIRECTION ( 'NONE',  ( 0.000000000000000000, 0.000000000000000000, 1.000000000000000000 ) ) ;
#1268 = DIRECTION ( 'NONE',  ( 0.5124556377240662153, 0.8587137004641421933, 0.000000000000000000 ) ) ;
#1269 = ORIENTED_EDGE ( 'NONE', *, *, #2845, .F. ) ;
#1270 = DIRECTION ( 'NONE',  ( 0.000000000000000000, 1.000000000000000000, -0.000000000000000000 ) ) ;
#1271 = LINE ( 'NONE', #7242, #117 ) ;
#1272 = LINE ( 'NONE', #1837, #6508 ) ;
#1273 = ORIENTED_EDGE ( 'NONE', *, *, #4087, .T. ) ;
#1274 = ADVANCED_FACE ( 'NONE', ( #6316 ), #7697, .F. ) ;
#1275 = CARTESIAN_POINT ( 'NONE',  ( -0.3047999999999999599, 0.7620000000000000107, 0.4826000000000000290 ) ) ;
#1276 = ADVANCED_FACE ( 'NONE', ( #7279 ), #4412, .T. ) ;
#1277 = VERTEX_POINT ( 'NONE', #7412 ) ;
#1278 = PLANE ( 'NONE',  #7838 ) ;
#1279 = ORIENTED_EDGE ( 'NONE', *, *, #6723, .T. ) ;
#1280 = VERTEX_POINT ( 'NONE', #5880 ) ;
#1281 = CARTESIAN_POINT ( 'NONE',  ( 24.22499999999999787, -11.77500000000000036, -12.67499999999999538 ) ) ;
#1282 = CARTESIAN_POINT ( 'NONE',  ( 25.57449291493243493, -9.808253005177544281, -15.36161201994827152 ) ) ;
#1283 = CARTESIAN_POINT ( 'NONE',  ( -38.19761272433690635, 3.327395604074866675, -43.73638670415930108 ) ) ;
#1284 = EDGE_CURVE ( 'NONE', #2274, #4545, #3590, .T. ) ;
#1285 = EDGE_LOOP ( 'NONE', ( #112, #2892, #1918, #5274, #4234, #8872, #6234, #9155, #1916, #8437 ) ) ;
#1286 = VERTEX_POINT ( 'NONE', #3610 ) ;
#1287 = ORIENTED_EDGE ( 'NONE', *, *, #7531, .T. ) ;
#1288 = LINE ( 'NONE', #6448, #6303 ) ;
#1289 = CARTESIAN_POINT ( 'NONE',  ( 38.31380793923467110, 8.673617379884035472E-16, 9.095000000000020179 ) ) ;
#1290 = EDGE_CURVE ( 'NONE', #2582, #2518, #7078, .T. ) ;
#1291 = DIRECTION ( 'NONE',  ( 0.000000000000000000, 0.000000000000000000, 1.000000000000000000 ) ) ;
#1292 = ORIENTED_EDGE ( 'NONE', *, *, #2200, .F. ) ;
#1293 = PLANE ( 'NONE',  #3705 ) ;
#1294 = ORIENTED_EDGE ( 'NONE', *, *, #1777, .F. ) ;
#1295 = CARTESIAN_POINT ( 'NONE',  ( -38.72500000000000142, 5.421010862427522170E-16, -9.399999999999998579 ) ) ;
#1296 = CARTESIAN_POINT ( 'NONE',  ( -24.22500000000000497, -9.659192512834597011, -27.92499999999999716 ) ) ;
#1297 = DIRECTION ( 'NONE',  ( 0.000000000000000000, -1.000000000000000000, -0.000000000000000000 ) ) ;
#1298 = ORIENTED_EDGE ( 'NONE', *, *, #4744, .F. ) ;
#1299 = AXIS2_PLACEMENT_3D ( 'NONE', #2891, #4353, #8674 ) ;
#1300 = CARTESIAN_POINT ( 'NONE',  ( 27.22499999999999787, -11.77500000000000036, 15.67499999999999361 ) ) ;
#1301 = CARTESIAN_POINT ( 'NONE',  ( -38.72500000000000142, -6.275000000000001243, 12.40000000000000213 ) ) ;
#1302 = VERTEX_POINT ( 'NONE', #169 ) ;
#1303 = DIRECTION ( 'NONE',  ( -0.000000000000000000, 1.000000000000000000, 0.000000000000000000 ) ) ;
#1304 = DIRECTION ( 'NONE',  ( 0.000000000000000000, 1.000000000000000000, -0.000000000000000000 ) ) ;
#1305 = AXIS2_PLACEMENT_3D ( 'NONE', #959, #7401, #2467 ) ;
#1306 = CARTESIAN_POINT ( 'NONE',  ( 9.596687352960589616E-19, 0.7620000000000000107, 0.3651249999999999774 ) ) ;
#1307 = DIRECTION ( 'NONE',  ( -1.000000000000000000, 0.000000000000000000, 0.000000000000000000 ) ) ;
#1308 = ORIENTED_EDGE ( 'NONE', *, *, #6765, .F. ) ;
#1309 = ORIENTED_EDGE ( 'NONE', *, *, #4290, .F. ) ;
#1310 = CARTESIAN_POINT ( 'NONE',  ( 35.22500000000000142, -1.819537539667370973, 7.703320245590689730 ) ) ;
#1311 = AXIS2_PLACEMENT_3D ( 'NONE', #1442, #7362, #1540 ) ;
#1312 = CARTESIAN_POINT ( 'NONE',  ( 39.35983003675661251, 0.000000000000000000, -21.78393290460574505 ) ) ;
#1313 = DIRECTION ( 'NONE',  ( 0.000000000000000000, 2.891205793294672410E-16, -1.000000000000000000 ) ) ;
#1314 = VERTEX_POINT ( 'NONE', #4449 ) ;
#1315 = DIRECTION ( 'NONE',  ( 0.000000000000000000, 0.000000000000000000, 1.000000000000000000 ) ) ;
#1316 = EDGE_CURVE ( 'NONE', #5232, #6381, #7930, .T. ) ;
#1317 = DIRECTION ( 'NONE',  ( 1.000000000000000000, -0.000000000000000000, -0.000000000000000000 ) ) ;
#1318 = CARTESIAN_POINT ( 'NONE',  ( -36.22500000000000142, -0.8195375396673710844, -7.703320245590689730 ) ) ;
#1319 = CIRCLE ( 'NONE', #5557, 2.999999999999999112 ) ;
#1320 = AXIS2_PLACEMENT_3D ( 'NONE', #624, #7910, #5722 ) ;
#1321 = AXIS2_PLACEMENT_3D ( 'NONE', #2597, #7624, #8340 ) ;
#1322 = DIRECTION ( 'NONE',  ( 1.000000000000000000, 0.000000000000000000, 0.000000000000000000 ) ) ;
#1323 = ORIENTED_EDGE ( 'NONE', *, *, #3252, .T. ) ;
#1324 = ORIENTED_EDGE ( 'NONE', *, *, #1155, .F. ) ;
#1325 = CARTESIAN_POINT ( 'NONE',  ( 36.22499999999999432, -6.274999999999999467, 9.399999999999995026 ) ) ;
#1326 = EDGE_LOOP ( 'NONE', ( #794, #6783, #5015, #3974 ) ) ;
#1327 = ORIENTED_EDGE ( 'NONE', *, *, #7205, .T. ) ;
#1328 = DIRECTION ( 'NONE',  ( -1.000000000000000000, 0.000000000000000000, 0.000000000000000000 ) ) ;
#1329 = ADVANCED_FACE ( 'NONE', ( #3745 ), #5829, .F. ) ;
#1330 = VECTOR ( 'NONE', #3021, 1000.000000000000000 ) ;
#1331 = LINE ( 'NONE', #2837, #4481 ) ;
#1332 = EDGE_CURVE ( 'NONE', #5908, #9009, #7227, .T. ) ;
#1333 = DIRECTION ( 'NONE',  ( 0.000000000000000000, -0.000000000000000000, 1.000000000000000000 ) ) ;
#1334 = CIRCLE ( 'NONE', #4183, 3.834499999999997577 ) ;
#1335 = VECTOR ( 'NONE', #8362, 1000.000000000000114 ) ;
#1336 = VERTEX_POINT ( 'NONE', #211 ) ;
#1337 = ORIENTED_EDGE ( 'NONE', *, *, #5474, .T. ) ;
#1338 = DIRECTION ( 'NONE',  ( 1.084202172485504631E-15, 0.000000000000000000, 1.000000000000000000 ) ) ;
#1339 = DIRECTION ( 'NONE',  ( 1.000000000000000000, -0.000000000000000000, -0.000000000000000000 ) ) ;
#1340 = PLANE ( 'NONE',  #7108 ) ;
#1341 = CONTEXT_DEPENDENT_SHAPE_REPRESENTATION ( #2562, #2779 ) ;
#1342 = ORIENTED_EDGE ( 'NONE', *, *, #6548, .F. ) ;
#1343 = ADVANCED_FACE ( 'NONE', ( #5975 ), #2339, .F. ) ;
#1344 = VECTOR ( 'NONE', #8397, 1000.000000000000000 ) ;
#1345 = CARTESIAN_POINT ( 'NONE',  ( -36.22499999999998721, -11.77500000000000036, 35.90000000000001990 ) ) ;
#1346 = EDGE_CURVE ( 'NONE', #4141, #4297, #5793, .T. ) ;
#1347 = DIRECTION ( 'NONE',  ( 0.000000000000000000, 0.000000000000000000, -1.000000000000000000 ) ) ;
#1348 = PLANE ( 'NONE',  #1828 ) ;
#1349 = EDGE_CURVE ( 'NONE', #7705, #155, #6646, .T. ) ;
#1350 = CARTESIAN_POINT ( 'NONE',  ( -27.22499999999999787, -11.77500000000000036, -37.47500000000000142 ) ) ;
#1351 = ORIENTED_EDGE ( 'NONE', *, *, #3160, .T. ) ;
#1352 = VECTOR ( 'NONE', #5259, 1000.000000000000114 ) ;
#1353 = DIRECTION ( 'NONE',  ( -0.000000000000000000, -0.000000000000000000, 1.000000000000000000 ) ) ;
#1354 = LINE ( 'NONE', #688, #3764 ) ;
#1355 = EDGE_LOOP ( 'NONE', ( #3219, #7859, #5960, #6601, #1577, #4800, #799, #1993 ) ) ;
#1356 = ADVANCED_FACE ( 'NONE', ( #8115 ), #2249, .F. ) ;
#1357 = CARTESIAN_POINT ( 'NONE',  ( -0.3047901690410599884, 2.316503594301455138, -0.4826000000000000290 ) ) ;
#1358 = VECTOR ( 'NONE', #3507, 1000.000000000000114 ) ;
#1359 = CARTESIAN_POINT ( 'NONE',  ( -36.22499999999999432, -1.606254713182822202, -7.699999999999977973 ) ) ;
#1360 = FACE_OUTER_BOUND ( 'NONE', #6988, .T. ) ;
#1361 = EDGE_CURVE ( 'NONE', #6682, #7909, #2196, .T. ) ;
#1362 = CARTESIAN_POINT ( 'NONE',  ( -38.31380793923467110, 0.000000000000000000, 0.000000000000000000 ) ) ;
#1363 = VERTEX_POINT ( 'NONE', #2991 ) ;
#1364 = ORIENTED_EDGE ( 'NONE', *, *, #2893, .T. ) ;
#1365 = CARTESIAN_POINT ( 'NONE',  ( 26.61638925924249222, -10.15838743722348880, 29.10321567170157664 ) ) ;
#1366 = CIRCLE ( 'NONE', #9072, 3.834499999999997577 ) ;
#1367 = VECTOR ( 'NONE', #8830, 1000.000000000000000 ) ;
#1368 = DIRECTION ( 'NONE',  ( -0.000000000000000000, -1.000000000000000000, -0.000000000000000000 ) ) ;
#1369 = CARTESIAN_POINT ( 'NONE',  ( -24.22500000000000497, -9.659192512834593458, -15.67499999999999361 ) ) ;
#1370 = EDGE_LOOP ( 'NONE', ( #5009, #767 ) ) ;
#1371 = FACE_OUTER_BOUND ( 'NONE', #6535, .T. ) ;
#1372 = CARTESIAN_POINT ( 'NONE',  ( 35.22500000000000142, 0.000000000000000000, 21.92500000000000071 ) ) ;
#1373 = CARTESIAN_POINT ( 'NONE',  ( -0.3047999999999999599, 12.19235930419984015, -3.174999999999999822 ) ) ;
#1374 = AXIS2_PLACEMENT_3D ( 'NONE', #6718, #5784, #8678 ) ;
#1375 = DIRECTION ( 'NONE',  ( 1.000000000000000000, 0.000000000000000000, 0.000000000000000000 ) ) ;
#1376 = ORIENTED_EDGE ( 'NONE', *, *, #8635, .F. ) ;
#1377 = ORIENTED_EDGE ( 'NONE', *, *, #6170, .T. ) ;
#1378 = FACE_OUTER_BOUND ( 'NONE', #9181, .T. ) ;
#1379 = ORIENTED_EDGE ( 'NONE', *, *, #1641, .F. ) ;
#1380 = AXIS2_PLACEMENT_3D ( 'NONE', #3603, #5871, #5209 ) ;
#1381 = ORIENTED_EDGE ( 'NONE', *, *, #4193, .T. ) ;
#1382 = DIRECTION ( 'NONE',  ( 1.000000000000000000, 0.000000000000000000, 0.000000000000000000 ) ) ;
#1383 = CARTESIAN_POINT ( 'NONE',  ( 26.49354543725020150, -10.10336944436757811, 36.44756145270837067 ) ) ;
#1384 = DIRECTION ( 'NONE',  ( 0.000000000000000000, 0.000000000000000000, -1.000000000000000000 ) ) ;
#1385 = VECTOR ( 'NONE', #149, 1000.000000000000114 ) ;
#1386 = VECTOR ( 'NONE', #6984, 1000.000000000000000 ) ;
#1387 = ORIENTED_EDGE ( 'NONE', *, *, #5304, .F. ) ;
#1388 = ORIENTED_EDGE ( 'NONE', *, *, #2199, .F. ) ;
#1389 = DIRECTION ( 'NONE',  ( 0.000000000000000000, 0.000000000000000000, 1.000000000000000000 ) ) ;
#1390 = EDGE_CURVE ( 'NONE', #3969, #4434, #5033, .T. ) ;
#1391 = DIRECTION ( 'NONE',  ( -1.084202172485504631E-15, 0.000000000000000000, 1.000000000000000000 ) ) ;
#1392 = DIRECTION ( 'NONE',  ( 0.000000000000000000, 0.000000000000000000, 1.000000000000000000 ) ) ;
#1393 = ORIENTED_EDGE ( 'NONE', *, *, #8547, .T. ) ;
#1394 = DIRECTION ( 'NONE',  ( -0.000000000000000000, -0.000000000000000000, 1.000000000000000000 ) ) ;
#1395 = DIRECTION ( 'NONE',  ( -0.000000000000000000, 1.000000000000000000, -0.000000000000000000 ) ) ;
#1396 = CARTESIAN_POINT ( 'NONE',  ( -36.62499999999999289, -11.77500000000000036, 30.89500000000002089 ) ) ;
#1397 = CARTESIAN_POINT ( 'NONE',  ( -38.31380793923467110, -11.77500000000000036, 16.70500000000001961 ) ) ;
#1398 = LINE ( 'NONE', #6407, #8477 ) ;
#1399 = EDGE_LOOP ( 'NONE', ( #6768, #4588, #8987, #6167, #7993 ) ) ;
#1400 = EDGE_CURVE ( 'NONE', #3808, #8907, #1443, .T. ) ;
#1401 = EDGE_CURVE ( 'NONE', #4822, #637, #3768, .T. ) ;
#1402 = FACE_OUTER_BOUND ( 'NONE', #339, .T. ) ;
#1403 = EDGE_CURVE ( 'NONE', #661, #8700, #1634, .T. ) ;
#1404 = DIRECTION ( 'NONE',  ( 0.000000000000000000, -1.000000000000000000, -2.891205793294672410E-16 ) ) ;
#1405 = ORIENTED_EDGE ( 'NONE', *, *, #2910, .F. ) ;
#1406 = LINE ( 'NONE', #2108, #4035 ) ;
#1407 = DIRECTION ( 'NONE',  ( -5.737625352702319363E-17, 2.295050141080930210E-16, -1.000000000000000000 ) ) ;
#1408 = CARTESIAN_POINT ( 'NONE',  ( -27.22500000000000497, -10.59439199674361021, 12.87499264689551026 ) ) ;
#1409 = DIRECTION ( 'NONE',  ( 0.000000000000000000, 0.000000000000000000, -1.000000000000000000 ) ) ;
#1410 = VERTEX_POINT ( 'NONE', #3178 ) ;
#1411 = ADVANCED_FACE ( 'NONE', ( #1067 ), #6209, .F. ) ;
#1412 = DIRECTION ( 'NONE',  ( 0.000000000000000000, 0.000000000000000000, -1.000000000000000000 ) ) ;
#1413 = PLANE ( 'NONE',  #2258 ) ;
#1414 = EDGE_CURVE ( 'NONE', #7387, #813, #5268, .T. ) ;
#1415 = ORIENTED_EDGE ( 'NONE', *, *, #8332, .F. ) ;
#1416 = DIRECTION ( 'NONE',  ( -0.000000000000000000, 1.000000000000000000, 0.000000000000000000 ) ) ;
#1417 = CARTESIAN_POINT ( 'NONE',  ( 35.22500000000000142, -6.275000000000001243, -9.399999999999998579 ) ) ;
#1418 = CARTESIAN_POINT ( 'NONE',  ( 25.21348780755074159, -9.737363899785263399, 15.51427041245514538 ) ) ;
#1419 = DIRECTION ( 'NONE',  ( -1.000000000000000000, 0.000000000000000000, 0.000000000000000000 ) ) ;
#1420 = ORIENTED_EDGE ( 'NONE', *, *, #1316, .T. ) ;
#1421 = EDGE_LOOP ( 'NONE', ( #4258, #671, #1324, #6784 ) ) ;
#1422 = CARTESIAN_POINT ( 'NONE',  ( -0.3047999999999999599, 7.899400000000000865, -3.174999999999999822 ) ) ;
#1423 = ORIENTED_EDGE ( 'NONE', *, *, #9330, .T. ) ;
#1424 = VERTEX_POINT ( 'NONE', #7636 ) ;
#1425 = FACE_OUTER_BOUND ( 'NONE', #3919, .T. ) ;
#1426 = LINE ( 'NONE', #5054, #3427 ) ;
#1427 = DIRECTION ( 'NONE',  ( 1.000000000000000000, 0.000000000000000000, 0.000000000000000000 ) ) ;
#1428 = VERTEX_POINT ( 'NONE', #3971 ) ;
#1429 = EDGE_LOOP ( 'NONE', ( #217, #1472, #5181, #5272 ) ) ;
#1430 = CARTESIAN_POINT ( 'NONE',  ( -35.72499999999999432, -1.199999999999999734, 7.701660122795356500 ) ) ;
#1431 = CARTESIAN_POINT ( 'NONE',  ( -27.22499999999999787, -9.659192512834597011, -34.47500000000000142 ) ) ;
#1432 = ORIENTED_EDGE ( 'NONE', *, *, #690, .F. ) ;
#1433 = CARTESIAN_POINT ( 'NONE',  ( -0.3047999999999999599, 3.048000000000000043, 0.4826000000000000290 ) ) ;
#1434 = CARTESIAN_POINT ( 'NONE',  ( 35.22500000000000142, 0.000000000000000000, 0.000000000000000000 ) ) ;
#1435 = EDGE_CURVE ( 'NONE', #5179, #538, #5340, .T. ) ;
#1436 = DIRECTION ( 'NONE',  ( 0.03489949670250104552, 0.9993908270190956511, 0.000000000000000000 ) ) ;
#1437 = LINE ( 'NONE', #4926, #6813 ) ;
#1438 = EDGE_LOOP ( 'NONE', ( #909, #8407, #7452, #2305 ) ) ;
#1439 = CARTESIAN_POINT ( 'NONE',  ( -0.3047999999999999599, 6.324599999999999334, 3.174999999999999822 ) ) ;
#1440 = LINE ( 'NONE', #1538, #1956 ) ;
#1441 = ORIENTED_EDGE ( 'NONE', *, *, #7887, .F. ) ;
#1442 = CARTESIAN_POINT ( 'NONE',  ( 5.421010862427519705E-17, 3.048000000000000043, -0.01019107390356870091 ) ) ;
#1443 = LINE ( 'NONE', #5926, #5549 ) ;
#1444 = EDGE_CURVE ( 'NONE', #3013, #7716, #5455, .T. ) ;
#1445 = CARTESIAN_POINT ( 'NONE',  ( -39.35983003675661251, 0.000000000000000000, -25.59343290460574494 ) ) ;
#1446 = EDGE_CURVE ( 'NONE', #7075, #2150, #1760, .T. ) ;
#1447 = DIRECTION ( 'NONE',  ( -0.000000000000000000, 0.000000000000000000, 1.000000000000000000 ) ) ;
#1448 = VECTOR ( 'NONE', #3011, 1000.000000000000000 ) ;
#1449 = ORIENTED_EDGE ( 'NONE', *, *, #6091, .F. ) ;
#1450 = VECTOR ( 'NONE', #7292, 1000.000000000000000 ) ;
#1451 = CARTESIAN_POINT ( 'NONE',  ( -39.35983003675661251, 0.000000000000000000, 21.78393290460574505 ) ) ;
#1452 = CARTESIAN_POINT ( 'NONE',  ( 35.22500000000000142, -2.199999999999999734, -35.90000000000001990 ) ) ;
#1453 = CARTESIAN_POINT ( 'NONE',  ( -36.62499999999999289, -11.77500000000000036, -12.70499999999998053 ) ) ;
#1454 = AXIS2_PLACEMENT_3D ( 'NONE', #3851, #279, #8365 ) ;
#1455 = DIRECTION ( 'NONE',  ( 0.000000000000000000, 0.000000000000000000, -1.000000000000000000 ) ) ;
#1456 = ORIENTED_EDGE ( 'NONE', *, *, #1880, .F. ) ;
#1457 = PLANE ( 'NONE',  #3262 ) ;
#1458 = DIRECTION ( 'NONE',  ( 0.000000000000000000, -1.000000000000000000, 0.000000000000000000 ) ) ;
#1459 = EDGE_CURVE ( 'NONE', #4841, #1646, #6164, .T. ) ;
#1460 = CARTESIAN_POINT ( 'NONE',  ( 27.22499999999999787, -10.62779375035101026, 12.67499999999999538 ) ) ;
#1461 = EDGE_CURVE ( 'NONE', #4696, #4701, #8353, .T. ) ;
#1462 = DIRECTION ( 'NONE',  ( 0.000000000000000000, 1.000000000000000000, -0.000000000000000000 ) ) ;
#1463 = EDGE_LOOP ( 'NONE', ( #5140, #3081, #1600 ) ) ;
#1464 = EDGE_LOOP ( 'NONE', ( #5591, #5523, #4902, #9097 ) ) ;
#1465 = CARTESIAN_POINT ( 'NONE',  ( -38.72500000000000142, -11.77500000000000036, -9.094999999999977547 ) ) ;
#1466 = ORIENTED_EDGE ( 'NONE', *, *, #8499, .F. ) ;
#1467 = EDGE_LOOP ( 'NONE', ( #5571, #8286, #1128, #7307 ) ) ;
#1468 = DIRECTION ( 'NONE',  ( 0.000000000000000000, 0.000000000000000000, -1.000000000000000000 ) ) ;
#1469 = AXIS2_PLACEMENT_3D ( 'NONE', #3412, #5609, #2622 ) ;
#1470 = CARTESIAN_POINT ( 'NONE',  ( 36.22500000000000142, -1.819537539667370973, 14.10332024559068920 ) ) ;
#1471 = CARTESIAN_POINT ( 'NONE',  ( 39.35983003675661251, -11.77500000000000036, 20.68393290460574718 ) ) ;
#1472 = ORIENTED_EDGE ( 'NONE', *, *, #6866, .F. ) ;
#1473 = ORIENTED_EDGE ( 'NONE', *, *, #4204, .T. ) ;
#1474 = EDGE_LOOP ( 'NONE', ( #5805, #7941, #7300, #9313 ) ) ;
#1475 = CARTESIAN_POINT ( 'NONE',  ( -3.651420223650895025, 11.11302508089036145, 2.374900000000000233 ) ) ;
#1476 = VECTOR ( 'NONE', #4552, 1000.000000000000000 ) ;
#1477 = VECTOR ( 'NONE', #1416, 1000.000000000000000 ) ;
#1478 = PLANE ( 'NONE',  #540 ) ;
#1479 = VERTEX_POINT ( 'NONE', #4015 ) ;
#1480 = CARTESIAN_POINT ( 'NONE',  ( -43.31380793923467110, -11.77500000000000036, -26.89500000000002089 ) ) ;
#1481 = DIRECTION ( 'NONE',  ( 0.000000000000000000, 0.000000000000000000, -1.000000000000000000 ) ) ;
#1482 = AXIS2_PLACEMENT_3D ( 'NONE', #2931, #101, #7488 ) ;
#1483 = FACE_OUTER_BOUND ( 'NONE', #1007, .T. ) ;
#1484 = VECTOR ( 'NONE', #9012, 1000.000000000000000 ) ;
#1485 = DIRECTION ( 'NONE',  ( 0.000000000000000000, 1.000000000000000000, 0.000000000000000000 ) ) ;
#1486 = VECTOR ( 'NONE', #1562, 1000.000000000000000 ) ;
#1487 = ORIENTED_EDGE ( 'NONE', *, *, #318, .F. ) ;
#1488 = LINE ( 'NONE', #5875, #4804 ) ;
#1489 = AXIS2_PLACEMENT_3D ( 'NONE', #841, #8037, #7234 ) ;
#1490 = CIRCLE ( 'NONE', #1936, 1.099999999999996758 ) ;
#1491 = CARTESIAN_POINT ( 'NONE',  ( 39.35983003675661251, 0.000000000000000000, -25.59343290460574494 ) ) ;
#1492 = ORIENTED_EDGE ( 'NONE', *, *, #5150, .T. ) ;
#1493 = CARTESIAN_POINT ( 'NONE',  ( -0.3047999999999999599, 7.899400000000000865, 2.362200000000000077 ) ) ;
#1494 = CARTESIAN_POINT ( 'NONE',  ( -27.22499999999999787, -10.62779375035101026, 9.125000000000008882 ) ) ;
#1495 = LINE ( 'NONE', #8737, #5600 ) ;
#1496 = CARTESIAN_POINT ( 'NONE',  ( 26.92214126508580918, -10.32024456652248645, -29.59707351794145325 ) ) ;
#1497 = AXIS2_PLACEMENT_3D ( 'NONE', #6021, #307, #4632 ) ;
#1498 = ORIENTED_EDGE ( 'NONE', *, *, #8819, .T. ) ;
#1499 = CARTESIAN_POINT ( 'NONE',  ( -36.62499999999999289, -11.77500000000000036, -9.094999999999977547 ) ) ;
#1500 = DIRECTION ( 'NONE',  ( -0.000000000000000000, 1.000000000000000000, -0.000000000000000000 ) ) ;
#1501 = EDGE_CURVE ( 'NONE', #3286, #6238, #6838, .T. ) ;
#1502 = DIRECTION ( 'NONE',  ( -0.000000000000000000, 1.000000000000000000, -0.000000000000000000 ) ) ;
#1503 = AXIS2_PLACEMENT_3D ( 'NONE', #3704, #4457, #1587 ) ;
#1504 = DIRECTION ( 'NONE',  ( -1.000000000000000000, 0.000000000000000000, 0.000000000000000000 ) ) ;
#1505 = ORIENTED_EDGE ( 'NONE', *, *, #2647, .T. ) ;
#1506 = DIRECTION ( 'NONE',  ( -1.000000000000000000, -0.000000000000000000, -0.000000000000000000 ) ) ;
#1507 = CYLINDRICAL_SURFACE ( 'NONE', #774, 3.809500000000000330 ) ;
#1508 = VECTOR ( 'NONE', #8399, 1000.000000000000000 ) ;
#1509 = DIRECTION ( 'NONE',  ( 0.000000000000000000, 0.000000000000000000, -1.000000000000000000 ) ) ;
#1510 = ORIENTED_EDGE ( 'NONE', *, *, #5906, .T. ) ;
#1511 = ORIENTED_EDGE ( 'NONE', *, *, #4285, .T. ) ;
#1512 = PLANE ( 'NONE',  #573 ) ;
#1513 = EDGE_CURVE ( 'NONE', #1479, #4539, #260, .T. ) ;
#1514 = EDGE_CURVE ( 'NONE', #1363, #8305, #3887, .T. ) ;
#1515 = EDGE_LOOP ( 'NONE', ( #5814, #6377, #8058, #77 ) ) ;
#1516 = EDGE_CURVE ( 'NONE', #6202, #3649, #7597, .T. ) ;
#1517 = EDGE_LOOP ( 'NONE', ( #7034, #2202, #8112, #7368 ) ) ;
#1518 = DIRECTION ( 'NONE',  ( 0.000000000000000000, 0.000000000000000000, -1.000000000000000000 ) ) ;
#1519 = VECTOR ( 'NONE', #2918, 1000.000000000000000 ) ;
#1520 = CARTESIAN_POINT ( 'NONE',  ( -24.22500000000000142, -11.77500000000000036, 9.125000000000008882 ) ) ;
#1521 = B_SPLINE_CURVE_WITH_KNOTS ( 'NONE', 3,
 ( #1165, #4032, #369, #7512 ),
 .UNSPECIFIED., .F., .F.,
 ( 4, 4 ),
 ( 0.000000000000000000, 1.000000000000000000 ),
 .UNSPECIFIED. ) ;
#1522 = DIRECTION ( 'NONE',  ( 0.000000000000000000, 0.000000000000000000, -1.000000000000000000 ) ) ;
#1523 = ORIENTED_EDGE ( 'NONE', *, *, #6664, .F. ) ;
#1524 = LINE ( 'NONE', #5915, #5699 ) ;
#1525 = VECTOR ( 'NONE', #1485, 1000.000000000000000 ) ;
#1526 = EDGE_CURVE ( 'NONE', #3808, #2692, #8212, .T. ) ;
#1527 = EDGE_LOOP ( 'NONE', ( #1456, #5051, #1265, #8366 ) ) ;
#1528 = ADVANCED_FACE ( 'NONE', ( #1014 ), #6791, .F. ) ;
#1529 = LINE ( 'NONE', #3500, #8404 ) ;
#1530 = DIRECTION ( 'NONE',  ( 0.000000000000000000, -1.000000000000000000, 0.000000000000000000 ) ) ;
#1531 = VECTOR ( 'NONE', #2819, 1000.000000000000000 ) ;
#1532 = VECTOR ( 'NONE', #3558, 1000.000000000000000 ) ;
#1533 = CARTESIAN_POINT ( 'NONE',  ( 36.22499999999999432, -11.77499999999999858, 31.19999999999999218 ) ) ;
#1534 = EDGE_LOOP ( 'NONE', ( #7532, #5099, #2531, #7255 ) ) ;
#1535 = ORIENTED_EDGE ( 'NONE', *, *, #4264, .F. ) ;
#1536 = CARTESIAN_POINT ( 'NONE',  ( -38.72500000000000142, -11.77500000000000036, 16.70500000000001961 ) ) ;
#1537 = ORIENTED_EDGE ( 'NONE', *, *, #3283, .T. ) ;
#1538 = CARTESIAN_POINT ( 'NONE',  ( -36.22500000000000142, -2.199999999999999734, -35.90000000000001990 ) ) ;
#1539 = ORIENTED_EDGE ( 'NONE', *, *, #7861, .T. ) ;
#1540 = DIRECTION ( 'NONE',  ( 0.000000000000000000, -1.000000000000000000, -1.119002406258962052E-16 ) ) ;
#1541 = DIRECTION ( 'NONE',  ( 0.000000000000000000, 0.000000000000000000, -1.000000000000000000 ) ) ;
#1542 = CARTESIAN_POINT ( 'NONE',  ( 0.3047901690410594888, 2.316503594301455138, 0.3651249999999999774 ) ) ;
#1543 = CARTESIAN_POINT ( 'NONE',  ( 27.22499999999999787, -10.62779375035100848, -30.92499999999999716 ) ) ;
#1544 = EDGE_LOOP ( 'NONE', ( #2797, #4769, #7230, #8956 ) ) ;
#1545 = CARTESIAN_POINT ( 'NONE',  ( -39.35983003675661251, 0.000000000000000000, 21.78393290460574505 ) ) ;
#1546 = PLANE ( 'NONE',  #3278 ) ;
#1547 = DIRECTION ( 'NONE',  ( -0.000000000000000000, 1.000000000000000000, 0.000000000000000000 ) ) ;
#1548 = CARTESIAN_POINT ( 'NONE',  ( -35.39166666666665861, -1.199999999999999734, 7.700000000000022382 ) ) ;
#1549 = ORIENTED_EDGE ( 'NONE', *, *, #4980, .F. ) ;
#1550 = SURFACE_STYLE_FILL_AREA ( #8701 ) ;
#1551 = CARTESIAN_POINT ( 'NONE',  ( 38.31380793923467110, -11.77500000000000036, -16.70500000000001961 ) ) ;
#1552 = CARTESIAN_POINT ( 'NONE',  ( 39.35983003675661251, -1.399999999999999467, -22.88393290460573937 ) ) ;
#1553 = ADVANCED_FACE ( 'NONE', ( #9064 ), #2477, .F. ) ;
#1554 = CARTESIAN_POINT ( 'NONE',  ( 43.31380793923467110, -11.77500000000000036, 26.89500000000002089 ) ) ;
#1555 = VERTEX_POINT ( 'NONE', #7688 ) ;
#1556 = EDGE_LOOP ( 'NONE', ( #2461, #6671, #860, #210 ) ) ;
#1557 = DIRECTION ( 'NONE',  ( 0.000000000000000000, 0.000000000000000000, 1.000000000000000000 ) ) ;
#1558 = CARTESIAN_POINT ( 'NONE',  ( -27.22499999999999787, -10.62779375035100848, 30.92499999999999716 ) ) ;
#1559 = ORIENTED_EDGE ( 'NONE', *, *, #2687, .F. ) ;
#1560 = ORIENTED_EDGE ( 'NONE', *, *, #6423, .F. ) ;
#1561 = DIRECTION ( 'NONE',  ( -0.000000000000000000, 1.000000000000000000, -0.000000000000000000 ) ) ;
#1562 = DIRECTION ( 'NONE',  ( 1.000000000000000000, 0.000000000000000000, 0.000000000000000000 ) ) ;
#1563 = EDGE_CURVE ( 'NONE', #4872, #6028, #7957, .T. ) ;
#1564 = ADVANCED_FACE ( 'NONE', ( #4878 ), #4068, .T. ) ;
#1565 = CARTESIAN_POINT ( 'NONE',  ( 7.965250502957290652E-18, 6.324599999999999334, -2.362200000000000077 ) ) ;
#1566 = ORIENTED_EDGE ( 'NONE', *, *, #2646, .F. ) ;
#1567 = DIRECTION ( 'NONE',  ( 0.000000000000000000, 0.000000000000000000, -1.000000000000000000 ) ) ;
#1568 = ORIENTED_EDGE ( 'NONE', *, *, #7586, .T. ) ;
#1569 = DIRECTION ( 'NONE',  ( 0.000000000000000000, 0.000000000000000000, -1.000000000000000000 ) ) ;
#1570 = CARTESIAN_POINT ( 'NONE',  ( 36.22499999999999432, -1.700000000000000178, 14.10166012279535508 ) ) ;
#1571 = EDGE_CURVE ( 'NONE', #2685, #6347, #1204, .T. ) ;
#1572 = CYLINDRICAL_SURFACE ( 'NONE', #7130, 10.77500000000000036 ) ;
#1573 = EDGE_CURVE ( 'NONE', #8209, #5993, #3452, .T. ) ;
#1574 = VERTEX_POINT ( 'NONE', #5685 ) ;
#1575 = FACE_OUTER_BOUND ( 'NONE', #6402, .T. ) ;
#1576 = CARTESIAN_POINT ( 'NONE',  ( -35.22500000000000142, 0.000000000000000000, -43.47500000000000142 ) ) ;
#1577 = ORIENTED_EDGE ( 'NONE', *, *, #2427, .T. ) ;
#1578 = CARTESIAN_POINT ( 'NONE',  ( 24.22499999999999787, -9.659192512834593458, -15.67499999999999361 ) ) ;
#1579 = CARTESIAN_POINT ( 'NONE',  ( 39.35983003675661251, -1.399999999999999911, -21.78393290460574505 ) ) ;
#1580 = LINE ( 'NONE', #8073, #7286 ) ;
#1581 = CARTESIAN_POINT ( 'NONE',  ( -27.22499999999999787, 1.461533075723289096E-22, -10.90000000000000036 ) ) ;
#1582 = ORIENTED_EDGE ( 'NONE', *, *, #9036, .T. ) ;
#1583 = PRODUCT_RELATED_PRODUCT_CATEGORY ( 'part', '', ( #3441 ) ) ;
#1584 = CARTESIAN_POINT ( 'NONE',  ( 7.965250502957290652E-18, 6.324599999999999334, -2.362200000000000077 ) ) ;
#1585 = EDGE_LOOP ( 'NONE', ( #3796, #4996 ) ) ;
#1586 = DIRECTION ( 'NONE',  ( -1.000000000000000000, -0.000000000000000000, -0.000000000000000000 ) ) ;
#1587 = DIRECTION ( 'NONE',  ( 0.000000000000000000, 0.000000000000000000, -1.000000000000000000 ) ) ;
#1588 = FACE_OUTER_BOUND ( 'NONE', #1464, .T. ) ;
#1589 = ORIENTED_EDGE ( 'NONE', *, *, #6483, .F. ) ;
#1590 =( NAMED_UNIT ( * ) PLANE_ANGLE_UNIT ( ) SI_UNIT ( $, .RADIAN. ) );
#1591 = DIRECTION ( 'NONE',  ( 1.000000000000000000, 0.000000000000000000, 0.000000000000000000 ) ) ;
#1592 = LINE ( 'NONE', #8942, #9078 ) ;
#1593 = CYLINDRICAL_SURFACE ( 'NONE', #996, 1.320799999999999974 ) ;
#1594 = ORIENTED_EDGE ( 'NONE', *, *, #3209, .T. ) ;
#1595 = ORIENTED_EDGE ( 'NONE', *, *, #4263, .T. ) ;
#1596 = DIRECTION ( 'NONE',  ( -0.1391731009600660485, 0.9902680687415702510, 0.000000000000000000 ) ) ;
#1597 = VECTOR ( 'NONE', #1375, 1000.000000000000000 ) ;
#1598 = LINE ( 'NONE', #2846, #142 ) ;
#1599 = EDGE_CURVE ( 'NONE', #8964, #5873, #2800, .T. ) ;
#1600 = ORIENTED_EDGE ( 'NONE', *, *, #8100, .F. ) ;
#1601 = DIRECTION ( 'NONE',  ( 0.000000000000000000, 0.000000000000000000, -1.000000000000000000 ) ) ;
#1602 = DIRECTION ( 'NONE',  ( 1.259407789102440013E-18, 1.000000000000000000, 0.000000000000000000 ) ) ;
#1603 = VECTOR ( 'NONE', #9028, 1000.000000000000000 ) ;
#1604 = DIRECTION ( 'NONE',  ( 0.000000000000000000, 0.000000000000000000, 1.000000000000000000 ) ) ;
#1605 = VERTEX_POINT ( 'NONE', #6975 ) ;
#1606 = DIRECTION ( 'NONE',  ( 0.000000000000000000, 0.000000000000000000, 1.000000000000000000 ) ) ;
#1607 = ADVANCED_FACE ( 'NONE', ( #4157 ), #3396, .F. ) ;
#1608 = EDGE_CURVE ( 'NONE', #538, #2593, #4832, .T. ) ;
#1609 = ORIENTED_EDGE ( 'NONE', *, *, #6555, .F. ) ;
#1610 = LINE ( 'NONE', #2371, #7672 ) ;
#1611 = CARTESIAN_POINT ( 'NONE',  ( 39.35983003675661251, -1.399999999999999467, -21.78393290460574505 ) ) ;
#1612 = CARTESIAN_POINT ( 'NONE',  ( 9.948565889235811505E-18, 7.899400000000000865, -2.362200000000000077 ) ) ;
#1613 = AXIS2_PLACEMENT_3D ( 'NONE', #3113, #152, #4477 ) ;
#1614 = VECTOR ( 'NONE', #5197, 1000.000000000000000 ) ;
#1615 = ORIENTED_EDGE ( 'NONE', *, *, #3445, .T. ) ;
#1616 = ORIENTED_EDGE ( 'NONE', *, *, #4285, .F. ) ;
#1617 = CARTESIAN_POINT ( 'NONE',  ( 36.62499999999999289, -11.77500000000000036, 34.50500000000002387 ) ) ;
#1618 = EDGE_CURVE ( 'NONE', #3484, #4037, #6501, .T. ) ;
#1619 = ADVANCED_FACE ( 'NONE', ( #7070 ), #8442, .F. ) ;
#1620 = DIRECTION ( 'NONE',  ( -1.000000000000000000, -0.000000000000000000, -0.000000000000000000 ) ) ;
#1621 = ORIENTED_EDGE ( 'NONE', *, *, #7205, .F. ) ;
#1622 = VECTOR ( 'NONE', #7155, 1000.000000000000000 ) ;
#1623 = LINE ( 'NONE', #3041, #9339 ) ;
#1624 = EDGE_CURVE ( 'NONE', #6137, #4540, #2224, .T. ) ;
#1625 = VECTOR ( 'NONE', #4612, 1000.000000000000114 ) ;
#1626 = CARTESIAN_POINT ( 'NONE',  ( 35.22500000000000142, 0.000000000000000000, -12.40000000000000391 ) ) ;
#1627 = VECTOR ( 'NONE', #5711, 1000.000000000000000 ) ;
#1628 = LINE ( 'NONE', #3836, #8036 ) ;
#1629 = B_SPLINE_CURVE_WITH_KNOTS ( 'NONE', 3,
 ( #6600, #119, #4451, #3698, #2341, #2947, #5884, #3657, #971, #5832, #1677, #8074, #2390, #263, #4501, #2198, #3837, #798 ),
 .UNSPECIFIED., .F., .F.,
 ( 4, 2, 2, 2, 2, 2, 2, 2, 4 ),
 ( 0.000000000000000000, 0.0005995997566965352143, 0.001199199513393070429, 0.001798799270089605643, 0.002398399026786140857, 0.002997998783482676288, 0.003597598540179211286, 0.004197198296875746283, 0.004796798053572281714 ),
 .UNSPECIFIED. ) ;
#1630 = DIRECTION ( 'NONE',  ( -1.259407789102440013E-18, -1.000000000000000000, 0.000000000000000000 ) ) ;
#1631 = ORIENTED_EDGE ( 'NONE', *, *, #2541, .F. ) ;
#1632 = VECTOR ( 'NONE', #2396, 1000.000000000000000 ) ;
#1633 = DIRECTION ( 'NONE',  ( 0.000000000000000000, 1.000000000000000000, -0.000000000000000000 ) ) ;
#1634 = CIRCLE ( 'NONE', #126, 10.77500000000000036 ) ;
#1635 = ORIENTED_EDGE ( 'NONE', *, *, #3850, .F. ) ;
#1636 = PLANE ( 'NONE',  #5556 ) ;
#1637 = EDGE_CURVE ( 'NONE', #5775, #2414, #2048, .T. ) ;
#1638 = CARTESIAN_POINT ( 'NONE',  ( 35.22500000000000142, -1.819537539667370973, -12.40000000000000391 ) ) ;
#1639 = FACE_OUTER_BOUND ( 'NONE', #7653, .T. ) ;
#1640 = CARTESIAN_POINT ( 'NONE',  ( -38.72500000000000142, -11.77500000000000036, 26.89500000000002444 ) ) ;
#1641 = EDGE_CURVE ( 'NONE', #6036, #1841, #3501, .T. ) ;
#1642 = VECTOR ( 'NONE', #6070, 1000.000000000000000 ) ;
#1643 = DIRECTION ( 'NONE',  ( 0.000000000000000000, 1.000000000000000000, 0.000000000000000000 ) ) ;
#1644 = CARTESIAN_POINT ( 'NONE',  ( -24.22500000000000497, -9.659192512834597011, -37.47500000000000142 ) ) ;
#1645 = DIRECTION ( 'NONE',  ( 0.000000000000000000, 0.000000000000000000, 1.000000000000000000 ) ) ;
#1646 = VERTEX_POINT ( 'NONE', #8104 ) ;
#1647 = ORIENTED_EDGE ( 'NONE', *, *, #179, .T. ) ;
#1648 = ORIENTED_EDGE ( 'NONE', *, *, #5724, .F. ) ;
#1649 = PLANE ( 'NONE',  #9347 ) ;
#1650 = VECTOR ( 'NONE', #6895, 1000.000000000000000 ) ;
#1651 = DIRECTION ( 'NONE',  ( -1.000000000000000000, -0.000000000000000000, -0.000000000000000000 ) ) ;
#1652 = VERTEX_POINT ( 'NONE', #8677 ) ;
#1653 = CARTESIAN_POINT ( 'NONE',  ( -27.22499999999999787, 0.000000000000000000, 10.90000000000000036 ) ) ;
#1654 = PLANE ( 'NONE',  #6617 ) ;
#1655 = CARTESIAN_POINT ( 'NONE',  ( 0.08687802539211569863, 7.826489972236299053, -3.174999999999999822 ) ) ;
#1656 = VECTOR ( 'NONE', #1547, 1000.000000000000000 ) ;
#1657 = VERTEX_POINT ( 'NONE', #6585 ) ;
#1658 = VERTEX_POINT ( 'NONE', #1570 ) ;
#1659 = ORIENTED_EDGE ( 'NONE', *, *, #653, .F. ) ;
#1660 = CARTESIAN_POINT ( 'NONE',  ( -0.3047999999999999599, 0.000000000000000000, 3.174999999999999822 ) ) ;
#1661 = VECTOR ( 'NONE', #4899, 1000.000000000000000 ) ;
#1662 = ORIENTED_EDGE ( 'NONE', *, *, #7641, .T. ) ;
#1663 = DIRECTION ( 'NONE',  ( 0.000000000000000000, 0.000000000000000000, -1.000000000000000000 ) ) ;
#1664 = CARTESIAN_POINT ( 'NONE',  ( 38.31380793923467110, 0.000000000000000000, 16.70500000000001251 ) ) ;
#1665 = DIRECTION ( 'NONE',  ( 0.000000000000000000, 0.000000000000000000, -1.000000000000000000 ) ) ;
#1666 = EDGE_CURVE ( 'NONE', #8051, #1715, #1490, .T. ) ;
#1667 = ORIENTED_EDGE ( 'NONE', *, *, #3682, .T. ) ;
#1668 = FACE_OUTER_BOUND ( 'NONE', #2280, .T. ) ;
#1669 = CARTESIAN_POINT ( 'NONE',  ( 26.61757646021300161, -10.15895812762797767, -7.304858576203312026 ) ) ;
#1670 =( NAMED_UNIT ( * ) PLANE_ANGLE_UNIT ( ) SI_UNIT ( $, .RADIAN. ) );
#1671 = ORIENTED_EDGE ( 'NONE', *, *, #8213, .T. ) ;
#1672 = AXIS2_PLACEMENT_3D ( 'NONE', #7912, #1427, #15 ) ;
#1673 = PLANE ( 'NONE',  #3871 ) ;
#1674 = VERTEX_POINT ( 'NONE', #6547 ) ;
#1675 = CARTESIAN_POINT ( 'NONE',  ( 36.62500000000000000, 0.000000000000000000, 7.700000000000022382 ) ) ;
#1676 = DIRECTION ( 'NONE',  ( 0.000000000000000000, 0.000000000000000000, 1.000000000000000000 ) ) ;
#1677 = CARTESIAN_POINT ( 'NONE',  ( 26.61638925924248866, -10.15838743722349413, 7.303215671701581257 ) ) ;
#1678 = EDGE_CURVE ( 'NONE', #9092, #4026, #826, .T. ) ;
#1679 = ADVANCED_FACE ( 'NONE', ( #2187 ), #5820, .T. ) ;
#1680 = ORIENTED_EDGE ( 'NONE', *, *, #8804, .T. ) ;
#1681 = AXIS2_PLACEMENT_3D ( 'NONE', #4827, #1895, #2043 ) ;
#1682 = DIRECTION ( 'NONE',  ( 1.000000000000000000, 0.000000000000000000, -6.938893903907232322E-16 ) ) ;
#1683 = CARTESIAN_POINT ( 'NONE',  ( -36.22500000000000142, -2.199999999999999734, 34.20000000000000284 ) ) ;
#1684 = DIRECTION ( 'NONE',  ( 0.000000000000000000, -1.000000000000000000, 0.000000000000000000 ) ) ;
#1685 = CARTESIAN_POINT ( 'NONE',  ( 36.62499999999999289, -11.77500000000000036, 35.90000000000001990 ) ) ;
#1686 = CARTESIAN_POINT ( 'NONE',  ( 39.35983003675661251, 0.000000000000000000, -17.94943290460574659 ) ) ;
#1687 = PLANE ( 'NONE',  #6881 ) ;
#1688 = CARTESIAN_POINT ( 'NONE',  ( -3.651420223650895025, 11.11302508089036145, -2.374900000000000233 ) ) ;
#1689 = ADVANCED_FACE ( 'NONE', ( #8636 ), #8721, .F. ) ;
#1690 = FACE_OUTER_BOUND ( 'NONE', #5610, .T. ) ;
#1691 = ORIENTED_EDGE ( 'NONE', *, *, #3381, .F. ) ;
#1692 = ORIENTED_EDGE ( 'NONE', *, *, #3864, .T. ) ;
#1693 = ORIENTED_EDGE ( 'NONE', *, *, #1624, .F. ) ;
#1694 = DIRECTION ( 'NONE',  ( 0.000000000000000000, 0.000000000000000000, 1.000000000000000000 ) ) ;
#1695 = ADVANCED_FACE ( 'NONE', ( #2147 ), #865, .F. ) ;
#1696 = CARTESIAN_POINT ( 'NONE',  ( 35.22500000000000142, 0.000000000000000000, -32.70000000000000284 ) ) ;
#1697 = CARTESIAN_POINT ( 'NONE',  ( 35.22500000000000142, 0.000000000000000000, 7.700000000000022382 ) ) ;
#1698 = CARTESIAN_POINT ( 'NONE',  ( 36.22499999999999432, -1.819537539667371195, -14.10141012279533257 ) ) ;
#1699 = DIRECTION ( 'NONE',  ( -1.000000000000000000, 0.000000000000000000, 0.000000000000000000 ) ) ;
#1700 = ORIENTED_EDGE ( 'NONE', *, *, #3334, .F. ) ;
#1701 = ORIENTED_EDGE ( 'NONE', *, *, #3976, .T. ) ;
#1702 = FACE_OUTER_BOUND ( 'NONE', #233, .T. ) ;
#1703 = ORIENTED_EDGE ( 'NONE', *, *, #1843, .T. ) ;
#1704 = DIRECTION ( 'NONE',  ( -0.000000000000000000, -1.000000000000000000, -0.000000000000000000 ) ) ;
#1705 = DIRECTION ( 'NONE',  ( 1.000000000000000000, -1.259407789102440013E-18, 0.000000000000000000 ) ) ;
#1706 = LINE ( 'NONE', #3208, #8943 ) ;
#1707 = ORIENTED_EDGE ( 'NONE', *, *, #7253, .T. ) ;
#1708 = EDGE_LOOP ( 'NONE', ( #7493, #1861, #3047, #165 ) ) ;
#1709 = CARTESIAN_POINT ( 'NONE',  ( -35.72499999999999432, -1.200000000000000178, -7.696679754409310625 ) ) ;
#1710 = CARTESIAN_POINT ( 'NONE',  ( 26.22190223355801209, -9.997230042551061402, -6.877851016245124072 ) ) ;
#1711 = DIRECTION ( 'NONE',  ( 0.000000000000000000, 0.000000000000000000, 1.000000000000000000 ) ) ;
#1712 = VERTEX_POINT ( 'NONE', #2236 ) ;
#1713 = ADVANCED_FACE ( 'NONE', ( #8821 ), #2329, .F. ) ;
#1714 = CARTESIAN_POINT ( 'NONE',  ( -0.3047999999999999599, 7.899400000000000865, -3.174999999999999822 ) ) ;
#1715 = VERTEX_POINT ( 'NONE', #6453 ) ;
#1716 = DIRECTION ( 'NONE',  ( -1.084202172485504631E-15, 0.000000000000000000, 1.000000000000000000 ) ) ;
#1717 = CARTESIAN_POINT ( 'NONE',  ( -0.3047999999999999599, 4.317999999999999616, -0.4826000000000000290 ) ) ;
#1718 = LINE ( 'NONE', #7600, #4683 ) ;
#1719 = ORIENTED_EDGE ( 'NONE', *, *, #1401, .F. ) ;
#1720 = VERTEX_POINT ( 'NONE', #4357 ) ;
#1721 = CARTESIAN_POINT ( 'NONE',  ( -0.3047999999999999599, 3.048000000000000043, -0.01019107390356870091 ) ) ;
#1722 = LINE ( 'NONE', #6933, #3150 ) ;
#1723 = EDGE_LOOP ( 'NONE', ( #6934, #6144, #8339, #454, #5764, #5434, #237, #1896 ) ) ;
#1724 = EDGE_CURVE ( 'NONE', #5901, #8473, #5207, .T. ) ;
#1725 = ADVANCED_FACE ( 'NONE', ( #4485 ), #2936, .T. ) ;
#1726 = DIRECTION ( 'NONE',  ( -0.000000000000000000, 1.000000000000000000, -0.000000000000000000 ) ) ;
#1727 = CYLINDRICAL_SURFACE ( 'NONE', #5256, 3.809500000000000330 ) ;
#1728 = PLANE ( 'NONE',  #4936 ) ;
#1729 = DIRECTION ( 'NONE',  ( 0.000000000000000000, 0.000000000000000000, 1.000000000000000000 ) ) ;
#1730 = CARTESIAN_POINT ( 'NONE',  ( -35.22500000000000142, -11.77500000000000036, -29.49999999999997868 ) ) ;
#1731 = ORIENTED_EDGE ( 'NONE', *, *, #7053, .T. ) ;
#1732 = ORIENTED_EDGE ( 'NONE', *, *, #1414, .T. ) ;
#1733 = EDGE_LOOP ( 'NONE', ( #8246, #4960, #1185, #5299 ) ) ;
#1734 = DIRECTION ( 'NONE',  ( 1.000000000000000000, 0.000000000000000000, 0.000000000000000000 ) ) ;
#1735 = CARTESIAN_POINT ( 'NONE',  ( -35.22500000000000142, 7.391468880664805317E-23, -0.1250000000000087708 ) ) ;
#1736 = ADVANCED_FACE ( 'NONE', ( #7402 ), #911, .T. ) ;
#1737 = LINE ( 'NONE', #8328, #6305 ) ;
#1738 = CARTESIAN_POINT ( 'NONE',  ( 36.62500000000000000, 0.000000000000000000, 29.50000000000002132 ) ) ;
#1739 = EDGE_CURVE ( 'NONE', #3376, #3286, #7216, .T. ) ;
#1740 = CARTESIAN_POINT ( 'NONE',  ( 39.35983003675661251, 0.000000000000000000, 22.88393290460573937 ) ) ;
#1741 = ORIENTED_EDGE ( 'NONE', *, *, #8140, .T. ) ;
#1742 = VECTOR ( 'NONE', #4954, 1000.000000000000000 ) ;
#1743 = VERTEX_POINT ( 'NONE', #732 ) ;
#1744 = DIRECTION ( 'NONE',  ( 0.000000000000000000, 0.000000000000000000, 1.000000000000000000 ) ) ;
#1745 = EDGE_CURVE ( 'NONE', #5631, #9133, #5169, .T. ) ;
#1746 = VERTEX_POINT ( 'NONE', #7269 ) ;
#1747 = CARTESIAN_POINT ( 'NONE',  ( -38.72500000000000142, -11.77500000000000036, 0.000000000000000000 ) ) ;
#1748 = VECTOR ( 'NONE', #5279, 1000.000000000000000 ) ;
#1749 = CARTESIAN_POINT ( 'NONE',  ( -9.830958940470169467E-06, 2.316503594301455138, 0.3651249999999999774 ) ) ;
#1750 = EDGE_CURVE ( 'NONE', #6867, #2548, #8980, .T. ) ;
#1751 = CARTESIAN_POINT ( 'NONE',  ( 35.22500000000000142, -1.439075079334741991, -14.09833987720466553 ) ) ;
#1752 = ORIENTED_EDGE ( 'NONE', *, *, #3331, .T. ) ;
#1753 = CIRCLE ( 'NONE', #404, 2.999999999999999112 ) ;
#1754 = DIRECTION ( 'NONE',  ( -1.084202172485504631E-15, 0.000000000000000000, 1.000000000000000000 ) ) ;
#1755 = PLANE ( 'NONE',  #3156 ) ;
#1756 = CARTESIAN_POINT ( 'NONE',  ( 35.39166666666665861, -1.199999999999999956, -14.09335950881864363 ) ) ;
#1757 = ORIENTED_EDGE ( 'NONE', *, *, #3097, .T. ) ;
#1758 = CARTESIAN_POINT ( 'NONE',  ( 0.08687802539211569863, 7.826489972236299053, 3.174999999999999822 ) ) ;
#1759 = EDGE_LOOP ( 'NONE', ( #3177, #9037, #2538, #393 ) ) ;
#1760 = LINE ( 'NONE', #1152, #6773 ) ;
#1761 = AXIS2_PLACEMENT_3D ( 'NONE', #5962, #3164, #3076 ) ;
#1762 = DIRECTION ( 'NONE',  ( 1.000000000000000000, 0.000000000000000000, 0.000000000000000000 ) ) ;
#1763 = AXIS2_PLACEMENT_3D ( 'NONE', #4343, #1328, #54 ) ;
#1764 = CARTESIAN_POINT ( 'NONE',  ( 24.22499999999999787, -11.77500000000000036, -34.47500000000000142 ) ) ;
#1765 = ORIENTED_EDGE ( 'NONE', *, *, #6311, .F. ) ;
#1766 = CARTESIAN_POINT ( 'NONE',  ( -0.3047999999999999599, 0.7620000000000000107, -0.3644977684758924918 ) ) ;
#1767 = VECTOR ( 'NONE', #9292, 1000.000000000000000 ) ;
#1768 = PRESENTATION_LAYER_ASSIGNMENT (  '', '', ( #1022 ) ) ;
#1769 = DIRECTION ( 'NONE',  ( 0.000000000000000000, 0.000000000000000000, 1.000000000000000000 ) ) ;
#1770 = EDGE_LOOP ( 'NONE', ( #5439, #966, #4708, #2291 ) ) ;
#1771 = PLANE ( 'NONE',  #4458 ) ;
#1772 = CARTESIAN_POINT ( 'NONE',  ( 35.22500000000000142, -1.200000000000000178, -7.696679754409310625 ) ) ;
#1773 = CARTESIAN_POINT ( 'NONE',  ( -36.62499999999999289, 0.000000000000000000, 34.50500000000002387 ) ) ;
#1774 = DIRECTION ( 'NONE',  ( 1.000000000000000000, -1.259407789102440013E-18, 0.000000000000000000 ) ) ;
#1775 = VECTOR ( 'NONE', #4039, 1000.000000000000000 ) ;
#1776 = AXIS2_PLACEMENT_3D ( 'NONE', #1579, #8785, #2945 ) ;
#1777 = EDGE_CURVE ( 'NONE', #7884, #5308, #3601, .T. ) ;
#1778 = VECTOR ( 'NONE', #1042, 1000.000000000000000 ) ;
#1779 = DIRECTION ( 'NONE',  ( 0.000000000000000000, -1.000000000000000000, 0.000000000000000000 ) ) ;
#1780 = ORIENTED_EDGE ( 'NONE', *, *, #2372, .F. ) ;
#1781 = ORIENTED_EDGE ( 'NONE', *, *, #6373, .F. ) ;
#1782 = FACE_OUTER_BOUND ( 'NONE', #3769, .T. ) ;
#1783 = DIRECTION ( 'NONE',  ( 0.000000000000000000, 1.000000000000000000, 0.000000000000000000 ) ) ;
#1784 = VECTOR ( 'NONE', #2584, 1000.000000000000000 ) ;
#1785 = ORIENTED_EDGE ( 'NONE', *, *, #1516, .F. ) ;
#1786 = CARTESIAN_POINT ( 'NONE',  ( -36.22500000000000142, -2.199999999999999734, -35.90000000000001990 ) ) ;
#1787 = LINE ( 'NONE', #1091, #5405 ) ;
#1788 = CARTESIAN_POINT ( 'NONE',  ( -36.22499999999999432, -11.77500000000000036, 34.20000000000000284 ) ) ;
#1789 = ORIENTED_EDGE ( 'NONE', *, *, #4341, .F. ) ;
#1790 = EDGE_CURVE ( 'NONE', #4166, #4711, #7625, .T. ) ;
#1791 = AXIS2_PLACEMENT_3D ( 'NONE', #7479, #7165, #8848 ) ;
#1792 = CARTESIAN_POINT ( 'NONE',  ( -35.89375401499388829, -1.221469809958286135, -7.699999999999978861 ) ) ;
#1793 = EDGE_CURVE ( 'NONE', #4672, #2631, #3961, .T. ) ;
#1794 = ORIENTED_EDGE ( 'NONE', *, *, #8766, .F. ) ;
#1795 = CARTESIAN_POINT ( 'NONE',  ( -38.72500000000000142, -1.819537539667370751, -9.399999999999998579 ) ) ;
#1796 = EDGE_CURVE ( 'NONE', #5493, #3700, #1319, .T. ) ;
#1797 = ORIENTED_EDGE ( 'NONE', *, *, #3049, .T. ) ;
#1798 = VECTOR ( 'NONE', #4278, 1000.000000000000000 ) ;
#1799 = DIRECTION ( 'NONE',  ( -1.000000000000000000, -0.000000000000000000, -0.000000000000000000 ) ) ;
#1800 = CARTESIAN_POINT ( 'NONE',  ( -0.3047999999999999599, 3.048000000000000043, 0.4434416666666664564 ) ) ;
#1801 = CARTESIAN_POINT ( 'NONE',  ( -36.62500000000000000, 0.000000000000000000, -14.09999999999997655 ) ) ;
#1802 = ADVANCED_FACE ( 'NONE', ( #8201 ), #6687, .T. ) ;
#1803 = ORIENTED_EDGE ( 'NONE', *, *, #6836, .T. ) ;
#1804 = VERTEX_POINT ( 'NONE', #202 ) ;
#1805 = VECTOR ( 'NONE', #9107, 1000.000000000000000 ) ;
#1806 = VECTOR ( 'NONE', #1043, 1000.000000000000000 ) ;
#1807 = LINE ( 'NONE', #5306, #1352 ) ;
#1808 = ADVANCED_FACE ( 'NONE', ( #4535 ), #6824, .F. ) ;
#1809 = DIRECTION ( 'NONE',  ( 0.000000000000000000, 0.000000000000000000, -1.000000000000000000 ) ) ;
#1810 =( NAMED_UNIT ( * ) SI_UNIT ( $, .STERADIAN. ) SOLID_ANGLE_UNIT ( ) );
#1811 = ORIENTED_EDGE ( 'NONE', *, *, #3004, .T. ) ;
#1812 = VERTEX_POINT ( 'NONE', #9001 ) ;
#1813 = CARTESIAN_POINT ( 'NONE',  ( -0.3047999999999999599, 0.7620000000000000107, -0.01019107390356831927 ) ) ;
#1815 = FACE_OUTER_BOUND ( 'NONE', #2904, .T. ) ;
#1814 = AXIS2_PLACEMENT_3D ( 'NONE', #4284, #2168, #5713 ) ;
#1816 = CARTESIAN_POINT ( 'NONE',  ( -3.366374583178094682, 9.084819961172630798, 2.374900000000000233 ) ) ;
#1817 = ORIENTED_EDGE ( 'NONE', *, *, #6361, .F. ) ;
#1818 = ORIENTED_EDGE ( 'NONE', *, *, #2441, .T. ) ;
#1819 = AXIS2_PLACEMENT_3D ( 'NONE', #2534, #5464, #1866 ) ;
#1820 = CARTESIAN_POINT ( 'NONE',  ( -0.3047999999999999599, 3.048000000000000043, -0.3644977684758924918 ) ) ;
#1821 = DIRECTION ( 'NONE',  ( 0.000000000000000000, 0.000000000000000000, -1.000000000000000000 ) ) ;
#1822 = ORIENTED_EDGE ( 'NONE', *, *, #7249, .F. ) ;
#1823 = CARTESIAN_POINT ( 'NONE',  ( 39.35983003675661251, -0.02500000000000038997, -17.97443290460574161 ) ) ;
#1824 = CARTESIAN_POINT ( 'NONE',  ( 38.72500000000000142, -6.275000000000001243, -9.399999999999998579 ) ) ;
#1825 = ADVANCED_FACE ( 'NONE', ( #7491 ), #1005, .T. ) ;
#1826 = LINE ( 'NONE', #7608, #160 ) ;
#1827 = VECTOR ( 'NONE', #2469, 1000.000000000000000 ) ;
#1828 = AXIS2_PLACEMENT_3D ( 'NONE', #1397, #7172, #7739 ) ;
#1829 = DIRECTION ( 'NONE',  ( -1.000000000000000000, 0.000000000000000000, -1.084202172485504631E-15 ) ) ;
#1830 = VERTEX_POINT ( 'NONE', #6776 ) ;
#1831 = EDGE_LOOP ( 'NONE', ( #5057, #2921, #1719, #5865 ) ) ;
#1832 = LINE ( 'NONE', #2495, #2980 ) ;
#1833 = DIRECTION ( 'NONE',  ( -1.000000000000000000, -0.000000000000000000, -0.000000000000000000 ) ) ;
#1834 = CARTESIAN_POINT ( 'NONE',  ( -36.62499999999999289, -11.77500000000000036, 30.89500000000002089 ) ) ;
#1835 = EDGE_CURVE ( 'NONE', #2586, #8726, #2421, .T. ) ;
#1836 = DIRECTION ( 'NONE',  ( -0.000000000000000000, 0.000000000000000000, -1.000000000000000000 ) ) ;
#1837 = CARTESIAN_POINT ( 'NONE',  ( 43.31380793923467110, -11.77500000000000036, 16.70500000000001961 ) ) ;
#1838 = VERTEX_POINT ( 'NONE', #6150 ) ;
#1839 = ORIENTED_EDGE ( 'NONE', *, *, #2465, .F. ) ;
#1840 = CARTESIAN_POINT ( 'NONE',  ( 35.22500000000000142, -11.77500000000000036, 0.000000000000000000 ) ) ;
#1841 = VERTEX_POINT ( 'NONE', #1664 ) ;
#1842 = ORIENTED_EDGE ( 'NONE', *, *, #4705, .F. ) ;
#1843 = EDGE_CURVE ( 'NONE', #3259, #3905, #2511, .T. ) ;
#1844 = CARTESIAN_POINT ( 'NONE',  ( -36.62499999999999289, -11.77500000000000036, -7.699999999999977973 ) ) ;
#1845 = ADVANCED_FACE ( 'NONE', ( #3207 ), #5391, .F. ) ;
#1846 = CARTESIAN_POINT ( 'NONE',  ( -9.830958940036490292E-06, 1.493496405698542029, 0.3651249999999999774 ) ) ;
#1847 = CARTESIAN_POINT ( 'NONE',  ( 35.22500000000000142, 0.000000000000000000, -14.09999999999997655 ) ) ;
#1848 = LINE ( 'NONE', #6913, #711 ) ;
#1849 = ORIENTED_EDGE ( 'NONE', *, *, #9265, .T. ) ;
#1850 = CARTESIAN_POINT ( 'NONE',  ( 24.22500000000000142, -11.77500000000000036, -9.125000000000008882 ) ) ;
#1851 = DIRECTION ( 'NONE',  ( -1.000000000000000000, -0.000000000000000000, -0.000000000000000000 ) ) ;
#1852 = CARTESIAN_POINT ( 'NONE',  ( 36.62499999999999289, -11.77500000000000036, 34.50500000000002387 ) ) ;
#1853 = ORIENTED_EDGE ( 'NONE', *, *, #2362, .F. ) ;
#1854 = ADVANCED_FACE ( 'NONE', ( #2468 ), #4808, .T. ) ;
#1855 = EDGE_CURVE ( 'NONE', #8184, #7507, #8381, .T. ) ;
#1856 = ORIENTED_EDGE ( 'NONE', *, *, #4264, .T. ) ;
#1857 = CARTESIAN_POINT ( 'NONE',  ( -25.57518165881203487, -9.808445427359496094, 6.438817930793364397 ) ) ;
#1858 = DIRECTION ( 'NONE',  ( -0.000000000000000000, -1.000000000000000000, 0.000000000000000000 ) ) ;
#1859 = ADVANCED_FACE ( 'NONE', ( #435 ), #3294, .F. ) ;
#1860 = CARTESIAN_POINT ( 'NONE',  ( -0.3047901690410605435, 1.493496405698544249, -0.1282933054276765850 ) ) ;
#1861 = ORIENTED_EDGE ( 'NONE', *, *, #7191, .T. ) ;
#1862 = CARTESIAN_POINT ( 'NONE',  ( 38.72500000000000142, 1.084202172485504434E-15, 9.399999999999998579 ) ) ;
#1863 = CARTESIAN_POINT ( 'NONE',  ( -0.2944141918529090129, 6.403488044947239999, -3.174999999999999822 ) ) ;
#1864 = VERTEX_POINT ( 'NONE', #6416 ) ;
#1865 = LINE ( 'NONE', #4743, #3425 ) ;
#1866 = DIRECTION ( 'NONE',  ( 0.000000000000000000, 0.000000000000000000, 1.000000000000000000 ) ) ;
#1867 = CARTESIAN_POINT ( 'NONE',  ( 38.31380793923467110, 0.000000000000000000, 34.50500000000000966 ) ) ;
#1868 = PLANE ( 'NONE',  #8249 ) ;
#1869 = ORIENTED_EDGE ( 'NONE', *, *, #7595, .F. ) ;
#1870 = ORIENTED_EDGE ( 'NONE', *, *, #522, .T. ) ;
#1871 = CARTESIAN_POINT ( 'NONE',  ( -0.3047999999999999599, 0.4826000000000000290, 0.4826000000000000290 ) ) ;
#1872 = LINE ( 'NONE', #4751, #6334 ) ;
#1873 = ORIENTED_EDGE ( 'NONE', *, *, #7305, .F. ) ;
#1874 = DIRECTION ( 'NONE',  ( -0.000000000000000000, 1.000000000000000000, 0.000000000000000000 ) ) ;
#1875 = LINE ( 'NONE', #3235, #9196 ) ;
#1876 = DIRECTION ( 'NONE',  ( 0.000000000000000000, 0.000000000000000000, -1.000000000000000000 ) ) ;
#1877 = ORIENTED_EDGE ( 'NONE', *, *, #6032, .F. ) ;
#1878 = ORIENTED_EDGE ( 'NONE', *, *, #7991, .F. ) ;
#1879 = LINE ( 'NONE', #713, #5547 ) ;
#1880 = EDGE_CURVE ( 'NONE', #322, #4496, #5505, .T. ) ;
#1881 = ORIENTED_EDGE ( 'NONE', *, *, #6315, .T. ) ;
#1882 = VERTEX_POINT ( 'NONE', #654 ) ;
#1883 = DIRECTION ( 'NONE',  ( 0.000000000000000000, -1.000000000000000000, -0.000000000000000000 ) ) ;
#1884 = DIRECTION ( 'NONE',  ( -0.000000000000000000, 1.000000000000000000, -0.000000000000000000 ) ) ;
#1885 = AXIS2_PLACEMENT_3D ( 'NONE', #1948, #6249, #4826 ) ;
#1886 = CARTESIAN_POINT ( 'NONE',  ( -38.72500000000000142, -11.77500000000000036, -26.89500000000002444 ) ) ;
#1887 = ORIENTED_EDGE ( 'NONE', *, *, #5236, .T. ) ;
#1888 = CARTESIAN_POINT ( 'NONE',  ( 27.22499999999999787, -11.77500000000000036, -15.67499999999999361 ) ) ;
#1889 = EDGE_CURVE ( 'NONE', #592, #1410, #7059, .T. ) ;
#1890 = EDGE_CURVE ( 'NONE', #8879, #6956, #8548, .T. ) ;
#1891 = B_SPLINE_CURVE_WITH_KNOTS ( 'NONE', 3,
 ( #2628, #8371, #4754, #6949 ),
 .UNSPECIFIED., .F., .F.,
 ( 4, 4 ),
 ( 0.8804624603326289822, 1.000000000000000000 ),
 .UNSPECIFIED. ) ;
#1892 = CARTESIAN_POINT ( 'NONE',  ( 35.22500000000000142, 5.421010862427522170E-16, 34.20000000000000284 ) ) ;
#1893 = VECTOR ( 'NONE', #3350, 1000.000000000000000 ) ;
#1894 = CARTESIAN_POINT ( 'NONE',  ( 36.62500000000000000, -11.77500000000000036, -14.09999999999997655 ) ) ;
#1895 = DIRECTION ( 'NONE',  ( 0.000000000000000000, 0.000000000000000000, 1.000000000000000000 ) ) ;
#1896 = ORIENTED_EDGE ( 'NONE', *, *, #7146, .T. ) ;
#1897 = ORIENTED_EDGE ( 'NONE', *, *, #7945, .T. ) ;
#1898 = CARTESIAN_POINT ( 'NONE',  ( -26.49306973311140823, -10.10316865628966454, -7.151901321756056973 ) ) ;
#1899 = LINE ( 'NONE', #4158, #6343 ) ;
#1900 = DIRECTION ( 'NONE',  ( -1.000000000000000000, 0.000000000000000000, -6.938893903907232322E-16 ) ) ;
#1901 = VECTOR ( 'NONE', #1101, 1000.000000000000000 ) ;
#1902 = ORIENTED_EDGE ( 'NONE', *, *, #4313, .F. ) ;
#1903 = ADVANCED_FACE ( 'NONE', ( #2814 ), #3320, .T. ) ;
#1904 = EDGE_CURVE ( 'NONE', #3291, #198, #5558, .T. ) ;
#1905 = CARTESIAN_POINT ( 'NONE',  ( -26.49354543725019440, -10.10336944436757278, -14.64756145270835752 ) ) ;
#1906 = EDGE_CURVE ( 'NONE', #2342, #6799, #8457, .T. ) ;
#1907 = CARTESIAN_POINT ( 'NONE',  ( 7.965250502957290652E-18, 6.324599999999999334, 2.387599999999999945 ) ) ;
#1908 = ORIENTED_EDGE ( 'NONE', *, *, #9127, .F. ) ;
#1909 = VECTOR ( 'NONE', #5700, 1000.000000000000000 ) ;
#1910 = VECTOR ( 'NONE', #3859, 1000.000000000000000 ) ;
#1911 = CARTESIAN_POINT ( 'NONE',  ( -25.21059208921509409, -9.736852453990751499, 37.31535622886637782 ) ) ;
#1912 = CARTESIAN_POINT ( 'NONE',  ( -0.2944141918529090129, 6.403488044947239999, 2.387599999999999945 ) ) ;
#1913 = DIRECTION ( 'NONE',  ( -1.000000000000000000, 0.000000000000000000, 0.000000000000000000 ) ) ;
#1914 = VECTOR ( 'NONE', #1409, 1000.000000000000000 ) ;
#1915 = CARTESIAN_POINT ( 'NONE',  ( -0.3047999999999999599, 3.048000000000000043, 0.01270000000000014173 ) ) ;
#1916 = ORIENTED_EDGE ( 'NONE', *, *, #3737, .F. ) ;
#1917 = EDGE_CURVE ( 'NONE', #8334, #3916, #587, .T. ) ;
#1918 = ORIENTED_EDGE ( 'NONE', *, *, #766, .T. ) ;
#1919 = CARTESIAN_POINT ( 'NONE',  ( 26.92177908689250287, -10.32005512919786838, 29.59651604338711550 ) ) ;
#1920 = AXIS2_PLACEMENT_3D ( 'NONE', #3163, #8242, #8862 ) ;
#1921 = CARTESIAN_POINT ( 'NONE',  ( 35.22500000000000142, 0.000000000000000000, 0.000000000000000000 ) ) ;
#1922 = EDGE_CURVE ( 'NONE', #5371, #8641, #6221, .T. ) ;
#1923 = EDGE_LOOP ( 'NONE', ( #8061, #3569, #2246, #4446 ) ) ;
#1924 = CARTESIAN_POINT ( 'NONE',  ( 38.31380793923467110, 0.000000000000000000, -26.89500000000002444 ) ) ;
#1925 = VECTOR ( 'NONE', #4435, 1000.000000000000000 ) ;
#1926 = CARTESIAN_POINT ( 'NONE',  ( -0.2944141918529090129, 6.403488044947239999, -2.387599999999999945 ) ) ;
#1927 = AXIS2_PLACEMENT_3D ( 'NONE', #2056, #6463, #5750 ) ;
#1928 = DIRECTION ( 'NONE',  ( -1.000000000000000000, 0.000000000000000000, 0.000000000000000000 ) ) ;
#1929 = VECTOR ( 'NONE', #807, 1000.000000000000000 ) ;
#1930 = ORIENTED_EDGE ( 'NONE', *, *, #3881, .T. ) ;
#1931 = DIRECTION ( 'NONE',  ( 0.000000000000000000, 0.000000000000000000, -1.000000000000000000 ) ) ;
#1932 = ORIENTED_EDGE ( 'NONE', *, *, #941, .F. ) ;
#1933 = ORIENTED_EDGE ( 'NONE', *, *, #4111, .F. ) ;
#1934 = FACE_BOUND ( 'NONE', #675, .T. ) ;
#1935 = VECTOR ( 'NONE', #5319, 1000.000000000000000 ) ;
#1936 = AXIS2_PLACEMENT_3D ( 'NONE', #1611, #7352, #6637 ) ;
#1937 = ORIENTED_EDGE ( 'NONE', *, *, #6821, .T. ) ;
#1938 = ORIENTED_EDGE ( 'NONE', *, *, #2142, .T. ) ;
#1939 = FACE_OUTER_BOUND ( 'NONE', #4113, .T. ) ;
#1940 = CARTESIAN_POINT ( 'NONE',  ( 25.21059208921509409, -9.736852453990744394, -15.51535622886637000 ) ) ;
#1941 = VECTOR ( 'NONE', #7681, 1000.000000000000000 ) ;
#1942 = DIRECTION ( 'NONE',  ( -1.000000000000000000, 0.000000000000000000, -0.000000000000000000 ) ) ;
#1943 = EDGE_LOOP ( 'NONE', ( #3430, #1287, #6178, #3575 ) ) ;
#1944 = VERTEX_POINT ( 'NONE', #7088 ) ;
#1945 = CARTESIAN_POINT ( 'NONE',  ( 39.35983003675661251, -1.399999999999999911, -25.59343290460574494 ) ) ;
#1946 = CARTESIAN_POINT ( 'NONE',  ( 38.72500000000000142, 1.084202172485504434E-15, -34.20000000000000284 ) ) ;
#1947 = VECTOR ( 'NONE', #1821, 1000.000000000000000 ) ;
#1948 = CARTESIAN_POINT ( 'NONE',  ( -36.62499999999999289, -11.77500000000000036, 14.10000000000002274 ) ) ;
#1949 = ORIENTED_EDGE ( 'NONE', *, *, #2895, .F. ) ;
#1950 = CARTESIAN_POINT ( 'NONE',  ( 0.08687802539211569863, 7.826489972236299053, -3.174999999999999822 ) ) ;
#1951 = ORIENTED_EDGE ( 'NONE', *, *, #4829, .T. ) ;
#1952 = CARTESIAN_POINT ( 'NONE',  ( -36.62500000000000000, -11.77500000000000036, 7.700000000000022382 ) ) ;
#1953 = EDGE_CURVE ( 'NONE', #8311, #1841, #4939, .T. ) ;
#1954 = DIRECTION ( 'NONE',  ( 0.000000000000000000, 1.000000000000000000, 5.528999126619305500E-16 ) ) ;
#1955 = LINE ( 'NONE', #7073, #2131 ) ;
#1956 = VECTOR ( 'NONE', #831, 1000.000000000000000 ) ;
#1957 = ORIENTED_EDGE ( 'NONE', *, *, #2763, .F. ) ;
#1958 = CARTESIAN_POINT ( 'NONE',  ( -26.22190223355801209, -9.997230042551056073, -14.92214898375487842 ) ) ;
#1959 = CARTESIAN_POINT ( 'NONE',  ( -0.3047999999999999599, 6.324599999999999334, -2.362200000000000077 ) ) ;
#1960 = EDGE_LOOP ( 'NONE', ( #3431, #8472, #7769, #2727 ) ) ;
#1961 = AXIS2_PLACEMENT_3D ( 'NONE', #236, #3108, #2589 ) ;
#1962 = LINE ( 'NONE', #6983, #8142 ) ;
#1963 = EDGE_CURVE ( 'NONE', #6207, #9142, #1968, .T. ) ;
#1964 = CARTESIAN_POINT ( 'NONE',  ( 2.806472304743364940E-17, 0.7620000000000000107, -0.01019107390356895938 ) ) ;
#1965 = ADVANCED_FACE ( 'NONE', ( #7652 ), #7845, .T. ) ;
#1966 = FACE_OUTER_BOUND ( 'NONE', #5048, .T. ) ;
#1967 = VECTOR ( 'NONE', #6697, 1000.000000000000000 ) ;
#1968 = LINE ( 'NONE', #9120, #3434 ) ;
#1969 = ORIENTED_EDGE ( 'NONE', *, *, #5617, .F. ) ;
#1970 = ORIENTED_EDGE ( 'NONE', *, *, #7743, .F. ) ;
#1971 = CARTESIAN_POINT ( 'NONE',  ( 35.22500000000000142, -6.275000000000001243, 12.40000000000000213 ) ) ;
#1972 = CARTESIAN_POINT ( 'NONE',  ( -0.3047999999999999599, 7.899400000000000865, 3.174999999999999822 ) ) ;
#1973 = DIRECTION ( 'NONE',  ( 0.000000000000000000, -1.000000000000000000, 0.000000000000000000 ) ) ;
#1974 = ORIENTED_EDGE ( 'NONE', *, *, #6385, .T. ) ;
#1975 = CARTESIAN_POINT ( 'NONE',  ( 27.22499999999999787, -9.659192512834602340, 12.67499999999999538 ) ) ;
#1976 = VECTOR ( 'NONE', #6780, 1000.000000000000114 ) ;
#1977 = CARTESIAN_POINT ( 'NONE',  ( -39.35983003675661251, -1.399999999999999467, -22.88393290460573937 ) ) ;
#1978 = EDGE_CURVE ( 'NONE', #4573, #7705, #9312, .T. ) ;
#1979 = VECTOR ( 'NONE', #9309, 1000.000000000000114 ) ;
#1980 = DIRECTION ( 'NONE',  ( 0.000000000000000000, 0.000000000000000000, 1.000000000000000000 ) ) ;
#1981 = VERTEX_POINT ( 'NONE', #1168 ) ;
#1982 = ADVANCED_FACE ( 'NONE', ( #7704 ), #2012, .F. ) ;
#1983 = CARTESIAN_POINT ( 'NONE',  ( -38.72500000000000142, -11.77500000000000036, 0.000000000000000000 ) ) ;
#1984 = VERTEX_POINT ( 'NONE', #4798 ) ;
#1985 = ORIENTED_EDGE ( 'NONE', *, *, #1963, .T. ) ;
#1986 = DIRECTION ( 'NONE',  ( -0.000000000000000000, 1.000000000000000000, -0.000000000000000000 ) ) ;
#1987 = VECTOR ( 'NONE', #2775, 1000.000000000000000 ) ;
#1988 = ORIENTED_EDGE ( 'NONE', *, *, #6412, .T. ) ;
#1989 = ORIENTED_EDGE ( 'NONE', *, *, #4048, .F. ) ;
#1990 = PLANE ( 'NONE',  #6907 ) ;
#1991 = CARTESIAN_POINT ( 'NONE',  ( 38.72500000000000142, -11.77500000000000036, 34.50500000000002387 ) ) ;
#1992 = CARTESIAN_POINT ( 'NONE',  ( 36.62499999999999289, -11.77500000000000036, -7.699999999999977973 ) ) ;
#1993 = ORIENTED_EDGE ( 'NONE', *, *, #2152, .T. ) ;
#1994 = DIRECTION ( 'NONE',  ( 0.000000000000000000, -1.000000000000000000, -0.000000000000000000 ) ) ;
#1995 = CARTESIAN_POINT ( 'NONE',  ( 3.838674941184240469E-18, 3.048000000000000043, 0.01270000000000000122 ) ) ;
#1996 = DIRECTION ( 'NONE',  ( 0.000000000000000000, 0.000000000000000000, 1.000000000000000000 ) ) ;
#1997 = ITEM_DEFINED_TRANSFORMATION ( 'NONE', 'NONE', #9254,  #2439 ) ;
#1998 = EDGE_LOOP ( 'NONE', ( #1172, #7925, #1877, #5670, #9160, #943, #6046, #1094 ) ) ;
#1999 = DIRECTION ( 'NONE',  ( 0.000000000000000000, 0.000000000000000000, -1.000000000000000000 ) ) ;
#2000 = ORIENTED_EDGE ( 'NONE', *, *, #5092, .F. ) ;
#2001 = CARTESIAN_POINT ( 'NONE',  ( -27.22499999999999787, -10.62779375035100315, -9.125000000000008882 ) ) ;
#2002 = CARTESIAN_POINT ( 'NONE',  ( -27.12813223880081281, -10.46924288888235743, -30.14372686363353182 ) ) ;
#2003 = CARTESIAN_POINT ( 'NONE',  ( -38.72500000000000142, -11.77500000000000036, 34.50500000000002387 ) ) ;
#2004 = ORIENTED_EDGE ( 'NONE', *, *, #4031, .T. ) ;
#2005 = LINE ( 'NONE', #3460, #5111 ) ;
#2006 = EDGE_CURVE ( 'NONE', #474, #6922, #8746, .T. ) ;
#2007 = DIRECTION ( 'NONE',  ( 1.000000000000000000, 0.000000000000000000, -0.000000000000000000 ) ) ;
#2008 = EDGE_LOOP ( 'NONE', ( #5245, #2419, #283, #3683, #4489, #297 ) ) ;
#2009 = LINE ( 'NONE', #4168, #2395 ) ;
#2010 = LINE ( 'NONE', #4270, #6650 ) ;
#2011 = CARTESIAN_POINT ( 'NONE',  ( 9.596687352960599246E-19, 0.7620000000000000107, 0.1301750000000000129 ) ) ;
#2012 = CYLINDRICAL_SURFACE ( 'NONE', #1469, 3.000000000000002665 ) ;
#2013 = ORIENTED_EDGE ( 'NONE', *, *, #3987, .T. ) ;
#2014 = ORIENTED_EDGE ( 'NONE', *, *, #5338, .F. ) ;
#2015 = CARTESIAN_POINT ( 'NONE',  ( 27.12813223880081281, -10.46924288888235743, 30.14372686363353182 ) ) ;
#2016 = EDGE_CURVE ( 'NONE', #1125, #1812, #8406, .T. ) ;
#2017 = EDGE_CURVE ( 'NONE', #6692, #6799, #4890, .T. ) ;
#2018 = FACE_OUTER_BOUND ( 'NONE', #2653, .T. ) ;
#2019 = DIRECTION ( 'NONE',  ( 5.557958971484909267E-18, 0.000000000000000000, -1.000000000000000000 ) ) ;
#2020 = VERTEX_POINT ( 'NONE', #6374 ) ;
#2021 = LINE ( 'NONE', #7801, #5541 ) ;
#2022 = DIRECTION ( 'NONE',  ( -1.000000000000000000, 0.000000000000000000, -1.084202172485504631E-15 ) ) ;
#2023 = PRODUCT_DEFINITION_SHAPE ( 'NONE', 'NONE',  #9364 ) ;
#2024 = PLANE ( 'NONE',  #1068 ) ;
#2025 = CARTESIAN_POINT ( 'NONE',  ( 39.35983003675661251, -0.02500000000000038997, 21.78393290460574505 ) ) ;
#2026 = EDGE_LOOP ( 'NONE', ( #6989, #4762, #6451, #3287 ) ) ;
#2027 = ORIENTED_EDGE ( 'NONE', *, *, #8114, .F. ) ;
#2028 = CARTESIAN_POINT ( 'NONE',  ( -0.3235685795572380008, 17.55803854374730122, -2.374900000000000233 ) ) ;
#2029 = ADVANCED_FACE ( 'NONE', ( #9269 ), #2767, .T. ) ;
#2030 = ADVANCED_FACE ( 'NONE', ( #174 ), #2161, .F. ) ;
#2031 = ORIENTED_EDGE ( 'NONE', *, *, #6493, .F. ) ;
#2032 = ADVANCED_FACE ( 'NONE', ( #3046 ), #883, .F. ) ;
#2033 = VERTEX_POINT ( 'NONE', #2998 ) ;
#2034 = LINE ( 'NONE', #7770, #4932 ) ;
#2035 = LINE ( 'NONE', #1470, #8745 ) ;
#2036 = LINE ( 'NONE', #7772, #4236 ) ;
#2037 = ORIENTED_EDGE ( 'NONE', *, *, #1225, .T. ) ;
#2038 = ORIENTED_EDGE ( 'NONE', *, *, #2300, .F. ) ;
#2039 = CARTESIAN_POINT ( 'NONE',  ( -2.454989055573035373, 13.98645140630594064, -2.374900000000000233 ) ) ;
#2040 = ADVANCED_FACE ( 'NONE', ( #5134 ), #5539, .F. ) ;
#2041 = DIRECTION ( 'NONE',  ( 0.000000000000000000, 0.000000000000000000, 1.000000000000000000 ) ) ;
#2042 = DIRECTION ( 'NONE',  ( -0.000000000000000000, 1.000000000000000000, 0.000000000000000000 ) ) ;
#2043 = DIRECTION ( 'NONE',  ( 1.000000000000000000, 0.000000000000000000, 0.000000000000000000 ) ) ;
#2044 = ORIENTED_EDGE ( 'NONE', *, *, #7127, .F. ) ;
#2045 = EDGE_CURVE ( 'NONE', #265, #8379, #7183, .T. ) ;
#2046 = DIRECTION ( 'NONE',  ( 0.000000000000000000, 2.891205793294672903E-16, -1.000000000000000000 ) ) ;
#2047 = ORIENTED_EDGE ( 'NONE', *, *, #120, .F. ) ;
#2048 = LINE ( 'NONE', #7828, #287 ) ;
#2049 = DIRECTION ( 'NONE',  ( 0.000000000000000000, -0.000000000000000000, 1.000000000000000000 ) ) ;
#2050 = DIRECTION ( 'NONE',  ( -1.147525070540463873E-16, -2.295050141080930210E-16, 1.000000000000000000 ) ) ;
#2051 = EDGE_LOOP ( 'NONE', ( #5346, #8419, #8470, #714 ) ) ;
#2052 = VECTOR ( 'NONE', #9294, 1000.000000000000000 ) ;
#2053 = DIRECTION ( 'NONE',  ( 1.259407789102440013E-18, 1.000000000000000000, 0.000000000000000000 ) ) ;
#2054 = CARTESIAN_POINT ( 'NONE',  ( -39.35983003675661251, -1.399999999999999467, 21.78393290460574505 ) ) ;
#2055 = ORIENTED_EDGE ( 'NONE', *, *, #7832, .T. ) ;
#2056 = CARTESIAN_POINT ( 'NONE',  ( -38.72500000000000142, -11.77500000000000036, 0.000000000000000000 ) ) ;
#2057 = DIRECTION ( 'NONE',  ( 0.000000000000000000, 0.000000000000000000, 1.000000000000000000 ) ) ;
#2058 = VECTOR ( 'NONE', #2915, 1000.000000000000000 ) ;
#2059 = CARTESIAN_POINT ( 'NONE',  ( -24.62689431690673558, -9.669340239903538858, 15.65462170257637986 ) ) ;
#2060 = CARTESIAN_POINT ( 'NONE',  ( -38.31380793923467110, 0.000000000000000000, 16.70500000000001961 ) ) ;
#2061 = EDGE_LOOP ( 'NONE', ( #6550, #1498, #9306, #6172, #6131, #4707, #331, #1937 ) ) ;
#2062 = ORIENTED_EDGE ( 'NONE', *, *, #4087, .F. ) ;
#2063 = CARTESIAN_POINT ( 'NONE',  ( -38.72500000000000142, -11.77500000000000036, -34.50499999999998124 ) ) ;
#2064 = DIRECTION ( 'NONE',  ( 1.000000000000000000, -1.259407789102440013E-18, 0.000000000000000000 ) ) ;
#2065 = CARTESIAN_POINT ( 'NONE',  ( -0.06183264365576709998, 17.40184206536899936, -2.374900000000000233 ) ) ;
#2066 = EDGE_LOOP ( 'NONE', ( #6626, #6496, #7579, #3223, #4051, #356, #849, #8447 ) ) ;
#2067 = LINE ( 'NONE', #1372, #6009 ) ;
#2068 = CARTESIAN_POINT ( 'NONE',  ( 36.15196532373683169, -1.439218631442219287, -14.09982994934767220 ) ) ;
#2069 = EDGE_CURVE ( 'NONE', #7075, #4725, #7371, .T. ) ;
#2070 = VECTOR ( 'NONE', #1389, 1000.000000000000000 ) ;
#2071 = VECTOR ( 'NONE', #4637, 1000.000000000000000 ) ;
#2072 = CARTESIAN_POINT ( 'NONE',  ( -0.3047999999999999599, 3.048000000000000043, 0.4826000000000000290 ) ) ;
#2073 = ADVANCED_FACE ( 'NONE', ( #6654 ), #6520, .T. ) ;
#2074 = ORIENTED_EDGE ( 'NONE', *, *, #30, .F. ) ;
#2075 = CARTESIAN_POINT ( 'NONE',  ( 25.01724498359139659, -9.707919402531915765, -37.37534694793576762 ) ) ;
#2076 = ORIENTED_EDGE ( 'NONE', *, *, #5078, .T. ) ;
#2077 = VECTOR ( 'NONE', #1682, 1000.000000000000000 ) ;
#2078 = VECTOR ( 'NONE', #1270, 1000.000000000000000 ) ;
#2079 = EDGE_LOOP ( 'NONE', ( #1566, #2997, #4436, #8665 ) ) ;
#2080 = CARTESIAN_POINT ( 'NONE',  ( 35.22500000000000142, -1.819537539667370973, -7.703320245590689730 ) ) ;
#2081 = AXIS2_PLACEMENT_3D ( 'NONE', #8512, #6383, #2872 ) ;
#2082 = CARTESIAN_POINT ( 'NONE',  ( 24.22499999999999787, -11.77500000000000036, 15.67499999999999361 ) ) ;
#2083 = ADVANCED_FACE ( 'NONE', ( #5754 ), #2203, .T. ) ;
#2084 = EDGE_CURVE ( 'NONE', #1812, #7774, #696, .T. ) ;
#2085 = LINE ( 'NONE', #6444, #3033 ) ;
#2086 = CIRCLE ( 'NONE', #2237, 0.3047999999999999599 ) ;
#2087 = EDGE_CURVE ( 'NONE', #9113, #4297, #7985, .T. ) ;
#2088 = VECTOR ( 'NONE', #2387, 1000.000000000000000 ) ;
#2089 = ORIENTED_EDGE ( 'NONE', *, *, #1361, .T. ) ;
#2090 = VERTEX_POINT ( 'NONE', #5180 ) ;
#2091 = CARTESIAN_POINT ( 'NONE',  ( 6.077901990208369764E-19, 0.4826000000000000290, -0.4826000000000000290 ) ) ;
#2092 = DIRECTION ( 'NONE',  ( 0.000000000000000000, 0.000000000000000000, 1.000000000000000000 ) ) ;
#2093 = CARTESIAN_POINT ( 'NONE',  ( -0.3047999999999999599, 0.4826000000000000290, -0.4826000000000000290 ) ) ;
#2094 = ORIENTED_EDGE ( 'NONE', *, *, #1796, .F. ) ;
#2095 = AXIS2_PLACEMENT_3D ( 'NONE', #31, #2941, #6457 ) ;
#2096 = CARTESIAN_POINT ( 'NONE',  ( -0.3047999999999999599, 12.19235930419984015, -3.174999999999999822 ) ) ;
#2097 = CARTESIAN_POINT ( 'NONE',  ( -26.61638925924249222, -10.15838743722348880, -7.303215671701583034 ) ) ;
#2098 = LINE ( 'NONE', #4070, #6366 ) ;
#2099 = EDGE_CURVE ( 'NONE', #1830, #9331, #4372, .T. ) ;
#2100 = CARTESIAN_POINT ( 'NONE',  ( 36.22499999999999432, -11.77500000000000036, -29.49999999999997868 ) ) ;
#2101 = ORIENTED_EDGE ( 'NONE', *, *, #7768, .T. ) ;
#2102 = ADVANCED_FACE ( 'NONE', ( #7936 ), #6468, .F. ) ;
#2103 = VECTOR ( 'NONE', #2700, 1000.000000000000000 ) ;
#2104 = CARTESIAN_POINT ( 'NONE',  ( -36.62500000000000000, -11.77500000000000036, 29.50000000000002132 ) ) ;
#2105 = PRODUCT_DEFINITION_SHAPE ( 'NONE', 'NONE',  #9370 ) ;
#2106 = CARTESIAN_POINT ( 'NONE',  ( -0.3047999999999999599, 4.317999999999999616, 0.4826000000000000290 ) ) ;
#2107 = ORIENTED_EDGE ( 'NONE', *, *, #2786, .T. ) ;
#2108 = CARTESIAN_POINT ( 'NONE',  ( -0.06183264365576709998, 17.40184206536899936, 2.374900000000000233 ) ) ;
#2109 = VECTOR ( 'NONE', #2256, 1000.000000000000114 ) ;
#2110 = CARTESIAN_POINT ( 'NONE',  ( 24.22499999999999787, -9.659192512834597011, 27.92499999999999716 ) ) ;
#2111 = PLANE ( 'NONE',  #2573 ) ;
#2112 = CARTESIAN_POINT ( 'NONE',  ( -24.22500000000000142, -11.77500000000000036, 12.67499999999999538 ) ) ;
#2113 = ORIENTED_EDGE ( 'NONE', *, *, #1906, .F. ) ;
#2114 = ORIENTED_EDGE ( 'NONE', *, *, #4491, .F. ) ;
#2115 = CARTESIAN_POINT ( 'NONE',  ( 24.62689431690672137, -9.669340239903531753, 27.94537829742361623 ) ) ;
#2116 = AXIS2_PLACEMENT_3D ( 'NONE', #5143, #8799, #274 ) ;
#2117 = DIRECTION ( 'NONE',  ( 0.000000000000000000, 0.000000000000000000, -1.000000000000000000 ) ) ;
#2118 = LINE ( 'NONE', #2065, #7438 ) ;
#2119 = ORIENTED_EDGE ( 'NONE', *, *, #298, .T. ) ;
#2120 = ADVANCED_FACE ( 'NONE', ( #7369 ), #2950, .F. ) ;
#2121 = LINE ( 'NONE', #2821, #2078 ) ;
#2122 = DIRECTION ( 'NONE',  ( -1.084202172485504631E-15, 0.000000000000000000, 1.000000000000000000 ) ) ;
#2123 = LINE ( 'NONE', #3426, #11 ) ;
#2124 = VECTOR ( 'NONE', #4317, 1000.000000000000114 ) ;
#2125 = CARTESIAN_POINT ( 'NONE',  ( -36.62499999999999289, -11.77500000000000036, 9.095000000000020179 ) ) ;
#2126 = VERTEX_POINT ( 'NONE', #3752 ) ;
#2127 = VERTEX_POINT ( 'NONE', #3561 ) ;
#2128 = DIRECTION ( 'NONE',  ( 0.000000000000000000, -1.000000000000000000, -0.000000000000000000 ) ) ;
#2129 = EDGE_CURVE ( 'NONE', #3101, #1574, #113, .T. ) ;
#2130 = ORIENTED_EDGE ( 'NONE', *, *, #26, .T. ) ;
#2131 = VECTOR ( 'NONE', #1297, 1000.000000000000000 ) ;
#2132 = DIRECTION ( 'NONE',  ( -0.000000000000000000, 1.000000000000000000, 0.000000000000000000 ) ) ;
#2133 = ORIENTED_EDGE ( 'NONE', *, *, #7404, .T. ) ;
#2134 = PLANE ( 'NONE',  #8877 ) ;
#2135 = CARTESIAN_POINT ( 'NONE',  ( -3.022599999999999731, 11.20139999999999958, 4.789387001412979572 ) ) ;
#2136 = CARTESIAN_POINT ( 'NONE',  ( 0.08687802539211569863, 7.826489972236299053, -2.387599999999999945 ) ) ;
#2137 = VECTOR ( 'NONE', #4394, 1000.000000000000000 ) ;
#2138 = ORIENTED_EDGE ( 'NONE', *, *, #3461, .T. ) ;
#2139 = ORIENTED_EDGE ( 'NONE', *, *, #4437, .F. ) ;
#2140 = CARTESIAN_POINT ( 'NONE',  ( -36.62499999999999289, -11.77500000000000036, -29.49999999999997868 ) ) ;
#2141 = DIRECTION ( 'NONE',  ( 0.2588190451025145222, 0.9659258262890699775, 0.000000000000000000 ) ) ;
#2142 = EDGE_CURVE ( 'NONE', #4410, #2934, #5037, .T. ) ;
#2143 = ADVANCED_FACE ( 'NONE', ( #5886 ), #8790, .F. ) ;
#2144 = DIRECTION ( 'NONE',  ( 0.000000000000000000, -1.000000000000000000, 0.000000000000000000 ) ) ;
#2145 = VERTEX_POINT ( 'NONE', #8348 ) ;
#2146 = DIRECTION ( 'NONE',  ( 0.000000000000000000, 0.000000000000000000, 1.000000000000000000 ) ) ;
#2147 = FACE_OUTER_BOUND ( 'NONE', #4528, .T. ) ;
#2148 = CARTESIAN_POINT ( 'NONE',  ( 27.22499999999999787, -11.77500000000000036, -12.67499999999999538 ) ) ;
#2149 = CARTESIAN_POINT ( 'NONE',  ( -36.62499999999999289, 0.000000000000000000, 12.70500000000002139 ) ) ;
#2150 = VERTEX_POINT ( 'NONE', #6743 ) ;
#2151 = CARTESIAN_POINT ( 'NONE',  ( -36.62500000000000000, -11.77500000000000036, 7.700000000000022382 ) ) ;
#2152 = EDGE_CURVE ( 'NONE', #5652, #3970, #7524, .T. ) ;
#2153 = DIRECTION ( 'NONE',  ( -0.000000000000000000, 1.000000000000000000, -0.000000000000000000 ) ) ;
#2154 = VERTEX_POINT ( 'NONE', #7464 ) ;
#2155 = LINE ( 'NONE', #691, #7517 ) ;
#2156 = ADVANCED_FACE ( 'NONE', ( #5224 ), #3299, .T. ) ;
#2157 = DIRECTION ( 'NONE',  ( -1.000000000000000000, 0.000000000000000000, -0.000000000000000000 ) ) ;
#2158 = CARTESIAN_POINT ( 'NONE',  ( -3.567883199794724902, 11.52680932995479779, 3.174999999999999822 ) ) ;
#2159 = CARTESIAN_POINT ( 'NONE',  ( -27.07017254884050317, -10.42092389632503924, 13.64581421178465703 ) ) ;
#2160 = ORIENTED_EDGE ( 'NONE', *, *, #3121, .T. ) ;
#2161 = PLANE ( 'NONE',  #5084 ) ;
#2162 = CARTESIAN_POINT ( 'NONE',  ( 38.72500000000000142, -11.77500000000000036, 12.70500000000002139 ) ) ;
#2163 = FACE_OUTER_BOUND ( 'NONE', #2965, .T. ) ;
#2164 = LINE ( 'NONE', #5042, #1531 ) ;
#2165 = ORIENTED_EDGE ( 'NONE', *, *, #318, .T. ) ;
#2166 = CARTESIAN_POINT ( 'NONE',  ( -24.22500000000000497, -9.659192512834602340, 15.67499999999999361 ) ) ;
#2167 = CARTESIAN_POINT ( 'NONE',  ( -38.31380793923467110, 0.000000000000000000, -26.89500000000001734 ) ) ;
#2168 = DIRECTION ( 'NONE',  ( 1.259407789102440013E-18, 1.000000000000000000, 0.000000000000000000 ) ) ;
#2169 = CARTESIAN_POINT ( 'NONE',  ( 0.08687802539211569863, 7.826489972236299053, -3.174999999999999822 ) ) ;
#2170 = ORIENTED_EDGE ( 'NONE', *, *, #1361, .F. ) ;
#2171 = ORIENTED_EDGE ( 'NONE', *, *, #3004, .F. ) ;
#2172 = CARTESIAN_POINT ( 'NONE',  ( -39.35983003675661251, -1.399999999999999467, 21.78393290460574505 ) ) ;
#2173 = ORIENTED_EDGE ( 'NONE', *, *, #7717, .T. ) ;
#2174 = CARTESIAN_POINT ( 'NONE',  ( -0.3047999999999999599, 4.317999999999999616, -3.174999999999999822 ) ) ;
#2175 = ORIENTED_EDGE ( 'NONE', *, *, #6782, .F. ) ;
#2176 = FACE_OUTER_BOUND ( 'NONE', #4364, .T. ) ;
#2177 = LINE ( 'NONE', #7911, #7988 ) ;
#2178 = LINE ( 'NONE', #5056, #3173 ) ;
#2179 = ADVANCED_FACE ( 'NONE', ( #5488 ), #4726, .F. ) ;
#2180 = ORIENTED_EDGE ( 'NONE', *, *, #6013, .F. ) ;
#2181 = ORIENTED_EDGE ( 'NONE', *, *, #3445, .F. ) ;
#2182 = ORIENTED_EDGE ( 'NONE', *, *, #4694, .F. ) ;
#2183 = LINE ( 'NONE', #5632, #3876 ) ;
#2184 = FACE_BOUND ( 'NONE', #7201, .T. ) ;
#2185 = ORIENTED_EDGE ( 'NONE', *, *, #5777, .F. ) ;
#2186 = DIRECTION ( 'NONE',  ( -0.000000000000000000, -1.000000000000000000, 0.000000000000000000 ) ) ;
#2187 = FACE_OUTER_BOUND ( 'NONE', #1544, .T. ) ;
#2188 = FACE_OUTER_BOUND ( 'NONE', #7687, .T. ) ;
#2189 = CYLINDRICAL_SURFACE ( 'NONE', #1075, 2.999999999999999112 ) ;
#2190 = EDGE_CURVE ( 'NONE', #3970, #7377, #4504, .T. ) ;
#2191 = ORIENTED_EDGE ( 'NONE', *, *, #7923, .F. ) ;
#2192 = PLANE ( 'NONE',  #5719 ) ;
#2193 = CARTESIAN_POINT ( 'NONE',  ( -36.22499999999999432, -11.77500000000000036, 14.10000000000002274 ) ) ;
#2194 = ORIENTED_EDGE ( 'NONE', *, *, #2954, .F. ) ;
#2195 = CARTESIAN_POINT ( 'NONE',  ( -0.3047999999999999599, 0.000000000000000000, 3.174999999999999822 ) ) ;
#2196 = LINE ( 'NONE', #8029, #276 ) ;
#2197 = DIRECTION ( 'NONE',  ( -1.000000000000000000, 0.000000000000000000, 0.000000000000000000 ) ) ;
#2198 = CARTESIAN_POINT ( 'NONE',  ( 27.20520594547036097, -10.55583604369455486, 8.728847211096958603 ) ) ;
#2199 = EDGE_CURVE ( 'NONE', #1424, #4775, #2644, .T. ) ;
#2200 = EDGE_CURVE ( 'NONE', #2792, #3472, #1245, .T. ) ;
#2201 = VECTOR ( 'NONE', #6432, 1000.000000000000000 ) ;
#2202 = ORIENTED_EDGE ( 'NONE', *, *, #5853, .T. ) ;
#2203 = CYLINDRICAL_SURFACE ( 'NONE', #727, 0.4826000000000000290 ) ;
#2204 = EDGE_CURVE ( 'NONE', #8759, #3026, #3088, .T. ) ;
#2205 = DIRECTION ( 'NONE',  ( 1.000000000000000000, 0.000000000000000000, -0.000000000000000000 ) ) ;
#2206 = FACE_OUTER_BOUND ( 'NONE', #6974, .T. ) ;
#2207 = CARTESIAN_POINT ( 'NONE',  ( -35.72499999999999432, -1.200000000000000178, 14.10166012279535508 ) ) ;
#2208 = AXIS2_PLACEMENT_3D ( 'NONE', #9201, #8938, #8491 ) ;
#2209 = CARTESIAN_POINT ( 'NONE',  ( -35.22500000000000142, -1.199999999999999956, 7.701660122795355612 ) ) ;
#2210 = ORIENTED_EDGE ( 'NONE', *, *, #2257, .T. ) ;
#2211 = SURFACE_STYLE_USAGE ( .BOTH. , #4378 ) ;
#2212 = DIRECTION ( 'NONE',  ( 1.000000000000000000, 0.000000000000000000, 0.000000000000000000 ) ) ;
#2213 = CARTESIAN_POINT ( 'NONE',  ( 27.22500000000000497, -10.59437064379734394, 12.87512049743569520 ) ) ;
#2214 = ADVANCED_FACE ( 'NONE', ( #6035 ), #5980, .F. ) ;
#2215 = CARTESIAN_POINT ( 'NONE',  ( 36.62499999999999289, -11.77500000000000036, -12.70499999999998053 ) ) ;
#2216 = ORIENTED_EDGE ( 'NONE', *, *, #5027, .T. ) ;
#2217 = VECTOR ( 'NONE', #6769, 1000.000000000000000 ) ;
#2218 = ORIENTED_EDGE ( 'NONE', *, *, #3406, .F. ) ;
#2219 = CARTESIAN_POINT ( 'NONE',  ( -38.72500000000000142, -1.819537539667370751, 12.40000000000000213 ) ) ;
#2220 = ADVANCED_FACE ( 'NONE', ( #3135 ), #6203, .T. ) ;
#2221 = ORIENTED_EDGE ( 'NONE', *, *, #4728, .F. ) ;
#2222 = VERTEX_POINT ( 'NONE', #5447 ) ;
#2223 = CARTESIAN_POINT ( 'NONE',  ( -36.15191202463030606, -1.439202975440221799, -14.09984969636126806 ) ) ;
#2224 = CIRCLE ( 'NONE', #4621, 2.999999999999999112 ) ;
#2225 = CARTESIAN_POINT ( 'NONE',  ( -36.62499999999999289, 0.000000000000000000, -30.89499999999997826 ) ) ;
#2226 = VECTOR ( 'NONE', #8479, 1000.000000000000114 ) ;
#2227 = AXIS2_PLACEMENT_3D ( 'NONE', #5167, #5206, #5917 ) ;
#2228 = CARTESIAN_POINT ( 'NONE',  ( -3.829619135696194832, 11.68300580833308011, -2.374900000000000233 ) ) ;
#2229 = ORIENTED_EDGE ( 'NONE', *, *, #4852, .F. ) ;
#2230 = DIRECTION ( 'NONE',  ( -1.000000000000000000, 0.000000000000000000, -0.000000000000000000 ) ) ;
#2231 = CIRCLE ( 'NONE', #4628, 3.809500000000000330 ) ;
#2232 = AXIS2_PLACEMENT_3D ( 'NONE', #4806, #7523, #419 ) ;
#2233 = AXIS2_PLACEMENT_3D ( 'NONE', #7009, #1241, #2694 ) ;
#2234 = ORIENTED_EDGE ( 'NONE', *, *, #3371, .F. ) ;
#2235 = DIRECTION ( 'NONE',  ( 0.000000000000000000, 1.000000000000000000, 0.000000000000000000 ) ) ;
#2236 = CARTESIAN_POINT ( 'NONE',  ( -24.22500000000000142, -11.77500000000000036, 6.125000000000008882 ) ) ;
#2237 = AXIS2_PLACEMENT_3D ( 'NONE', #9047, #2635, #7720 ) ;
#2238 = VECTOR ( 'NONE', #8689, 1000.000000000000000 ) ;
#2239 = LINE ( 'NONE', #6507, #167 ) ;
#2240 = AXIS2_PLACEMENT_3D ( 'NONE', #2459, #3816, #5334 ) ;
#2241 = VERTEX_POINT ( 'NONE', #6246 ) ;
#2242 = ORIENTED_EDGE ( 'NONE', *, *, #6017, .F. ) ;
#2243 = CARTESIAN_POINT ( 'NONE',  ( -36.62499999999999289, -11.77500000000000036, -7.699999999999977973 ) ) ;
#2244 = AXIS2_PLACEMENT_3D ( 'NONE', #548, #1307, #4173 ) ;
#2245 = CARTESIAN_POINT ( 'NONE',  ( -0.3047999999999999599, 6.324599999999999334, -2.387599999999999945 ) ) ;
#2246 = ORIENTED_EDGE ( 'NONE', *, *, #2659, .T. ) ;
#2247 = ADVANCED_FACE ( 'NONE', ( #4009 ), #7014, .T. ) ;
#2248 = DIRECTION ( 'NONE',  ( 0.000000000000000000, 0.000000000000000000, 1.000000000000000000 ) ) ;
#2249 = CYLINDRICAL_SURFACE ( 'NONE', #3735, 2.999999999999999112 ) ;
#2250 = CARTESIAN_POINT ( 'NONE',  ( 0.3047901690410599884, 1.493496405698544249, 0.1301750000000000129 ) ) ;
#2251 = PLANE ( 'NONE',  #9240 ) ;
#2252 = CONICAL_SURFACE ( 'NONE', #6786, 3.834499999999997577, 0.7853981633973854404 ) ;
#2253 = VERTEX_POINT ( 'NONE', #7419 ) ;
#2254 = DIRECTION ( 'NONE',  ( -0.000000000000000000, 1.000000000000000000, -0.000000000000000000 ) ) ;
#2255 = CARTESIAN_POINT ( 'NONE',  ( 24.22500000000000142, -11.77500000000000036, 15.67499999999999361 ) ) ;
#2256 = DIRECTION ( 'NONE',  ( 0.03489949670250104552, -0.9993908270190956511, 0.000000000000000000 ) ) ;
#2257 = EDGE_CURVE ( 'NONE', #7418, #5146, #9143, .T. ) ;
#2258 = AXIS2_PLACEMENT_3D ( 'NONE', #3419, #6326, #9226 ) ;
#2259 = EDGE_CURVE ( 'NONE', #3152, #5043, #930, .T. ) ;
#2260 = CARTESIAN_POINT ( 'NONE',  ( 38.72500000000000142, -6.275000000000000355, 9.399999999999995026 ) ) ;
#2261 = ORIENTED_EDGE ( 'NONE', *, *, #7945, .F. ) ;
#2262 = FILL_AREA_STYLE_COLOUR ( '', #9185 ) ;
#2263 = LINE ( 'NONE', #4379, #5068 ) ;
#2264 = CARTESIAN_POINT ( 'NONE',  ( -25.02463851276272067, -9.708811568194560593, -37.37350308940544608 ) ) ;
#2265 = VECTOR ( 'NONE', #4108, 1000.000000000000000 ) ;
#2266 = VECTOR ( 'NONE', #2655, 1000.000000000000000 ) ;
#2267 = DIRECTION ( 'NONE',  ( 0.000000000000000000, 0.000000000000000000, -1.000000000000000000 ) ) ;
#2268 = ORIENTED_EDGE ( 'NONE', *, *, #3266, .T. ) ;
#2269 = EDGE_LOOP ( 'NONE', ( #9, #377, #6148 ) ) ;
#2270 = DIRECTION ( 'NONE',  ( -0.000000000000000000, 1.000000000000000000, -0.000000000000000000 ) ) ;
#2271 = PRODUCT_DEFINITION_CONTEXT ( 'detailed design', #6897, 'design' ) ;
#2272 = ORIENTED_EDGE ( 'NONE', *, *, #4697, .T. ) ;
#2273 = ADVANCED_FACE ( 'NONE', ( #5528 ), #6291, .F. ) ;
#2274 = VERTEX_POINT ( 'NONE', #1945 ) ;
#2275 = CARTESIAN_POINT ( 'NONE',  ( 39.35983003675661251, -11.77500000000000036, 21.78393290460574505 ) ) ;
#2276 = VECTOR ( 'NONE', #326, 1000.000000000000000 ) ;
#2277 = CARTESIAN_POINT ( 'NONE',  ( -43.31380793923467110, -11.77500000000000036, -26.89500000000002089 ) ) ;
#2278 = EDGE_CURVE ( 'NONE', #2126, #5468, #2394, .T. ) ;
#2279 = FACE_OUTER_BOUND ( 'NONE', #4140, .T. ) ;
#2280 = EDGE_LOOP ( 'NONE', ( #5567, #5806, #2749, #5196, #3591, #1609 ) ) ;
#2281 = CARTESIAN_POINT ( 'NONE',  ( 36.22500000000000142, -2.199999999999999734, 29.50000000000002132 ) ) ;
#2282 = CONICAL_SURFACE ( 'NONE', #1380, 3.834499999999997577, 0.7853981633973854404 ) ;
#2283 = CONTEXT_DEPENDENT_SHAPE_REPRESENTATION ( #7313, #9056 ) ;
#2284 = ORIENTED_EDGE ( 'NONE', *, *, #7160, .T. ) ;
#2285 = FACE_OUTER_BOUND ( 'NONE', #8389, .T. ) ;
#2286 = DIRECTION ( 'NONE',  ( 0.000000000000000000, 0.000000000000000000, -1.000000000000000000 ) ) ;
#2287 = VECTOR ( 'NONE', #7038, 1000.000000000000000 ) ;
#2288 = VECTOR ( 'NONE', #641, 1000.000000000000000 ) ;
#2289 =( REPRESENTATION_RELATIONSHIP ('NONE','NONE', #5123, #7375 ) REPRESENTATION_RELATIONSHIP_WITH_TRANSFORMATION ( #8098 )SHAPE_REPRESENTATION_RELATIONSHIP( ) );
#2290 = DIRECTION ( 'NONE',  ( -0.000000000000000000, 1.000000000000000000, -0.000000000000000000 ) ) ;
#2291 = ORIENTED_EDGE ( 'NONE', *, *, #2300, .T. ) ;
#2292 = CARTESIAN_POINT ( 'NONE',  ( 35.22500000000000142, -9.659192512834593458, -15.67499999999999361 ) ) ;
#2293 = CARTESIAN_POINT ( 'NONE',  ( 0.3812922172450244895, 7.747601927289059276, -3.174999999999999822 ) ) ;
#2294 = ORIENTED_EDGE ( 'NONE', *, *, #3966, .T. ) ;
#2295 = LINE ( 'NONE', #2944, #6607 ) ;
#2296 = DIRECTION ( 'NONE',  ( -0.000000000000000000, 1.000000000000000000, -0.000000000000000000 ) ) ;
#2297 = DIRECTION ( 'NONE',  ( 0.000000000000000000, 0.000000000000000000, 1.000000000000000000 ) ) ;
#2298 = CARTESIAN_POINT ( 'NONE',  ( 27.07124291334524813, -10.42170876108506938, -29.95708418557552477 ) ) ;
#2299 = ORIENTED_EDGE ( 'NONE', *, *, #8344, .F. ) ;
#2300 = EDGE_CURVE ( 'NONE', #9214, #4053, #973, .T. ) ;
#2301 = CARTESIAN_POINT ( 'NONE',  ( -36.62500000000000000, -11.77500000000000036, 7.700000000000022382 ) ) ;
#2302 = DIRECTION ( 'NONE',  ( -0.000000000000000000, -1.000000000000000000, 0.000000000000000000 ) ) ;
#2303 = CARTESIAN_POINT ( 'NONE',  ( 27.22499999999999787, -11.77500000000000036, 37.47500000000000142 ) ) ;
#2304 = CARTESIAN_POINT ( 'NONE',  ( -0.3047999999999999599, 7.899400000000000865, 3.174999999999999822 ) ) ;
#2305 = ORIENTED_EDGE ( 'NONE', *, *, #5445, .T. ) ;
#2306 = CARTESIAN_POINT ( 'NONE',  ( 35.22500000000000142, 7.391468880664805317E-23, -0.1250000000000087708 ) ) ;
#2307 = LINE ( 'NONE', #6614, #7644 ) ;
#2308 = FACE_OUTER_BOUND ( 'NONE', #3522, .T. ) ;
#2309 = EDGE_CURVE ( 'NONE', #1137, #2792, #4916, .T. ) ;
#2310 = LINE ( 'NONE', #2169, #5214 ) ;
#2311 = VERTEX_POINT ( 'NONE', #677 ) ;
#2312 = EDGE_CURVE ( 'NONE', #3948, #7346, #2844, .T. ) ;
#2313 = VERTEX_POINT ( 'NONE', #7058 ) ;
#2314 = DIRECTION ( 'NONE',  ( 1.000000000000000000, 0.000000000000000000, -0.000000000000000000 ) ) ;
#2315 = DIRECTION ( 'NONE',  ( 0.000000000000000000, 0.000000000000000000, -1.000000000000000000 ) ) ;
#2316 = ORIENTED_EDGE ( 'NONE', *, *, #5778, .F. ) ;
#2317 = ORIENTED_EDGE ( 'NONE', *, *, #6765, .T. ) ;
#2318 = CARTESIAN_POINT ( 'NONE',  ( 35.22500000000000142, -1.199999999999999956, 14.10166012279535508 ) ) ;
#2319 = CARTESIAN_POINT ( 'NONE',  ( 35.86327599773563435, -1.199999999999999512, 14.10000000000002451 ) ) ;
#2320 = FACE_OUTER_BOUND ( 'NONE', #4763, .T. ) ;
#2321 = EDGE_CURVE ( 'NONE', #4405, #265, #7210, .T. ) ;
#2322 = CARTESIAN_POINT ( 'NONE',  ( 35.22500000000000142, -9.659192512834595234, -6.125000000000008882 ) ) ;
#2323 = EDGE_CURVE ( 'NONE', #9063, #8484, #1288, .T. ) ;
#2324 = ORIENTED_EDGE ( 'NONE', *, *, #5759, .T. ) ;
#2325 = LINE ( 'NONE', #1660, #6906 ) ;
#2326 = EDGE_CURVE ( 'NONE', #569, #7153, #4873, .T. ) ;
#2327 = ORIENTED_EDGE ( 'NONE', *, *, #2939, .F. ) ;
#2328 = CARTESIAN_POINT ( 'NONE',  ( 24.22500000000000142, -11.77500000000000036, 34.47500000000000142 ) ) ;
#2329 = PLANE ( 'NONE',  #2968 ) ;
#2330 = DIRECTION ( 'NONE',  ( -0.000000000000000000, 1.000000000000000000, -0.000000000000000000 ) ) ;
#2331 = EDGE_CURVE ( 'NONE', #9122, #5994, #2183, .T. ) ;
#2332 = ORIENTED_EDGE ( 'NONE', *, *, #5999, .F. ) ;
#2333 = VERTEX_POINT ( 'NONE', #5060 ) ;
#2334 = LINE ( 'NONE', #5124, #8147 ) ;
#2335 = ADVANCED_FACE ( 'NONE', ( #19 ), #2890, .T. ) ;
#2336 = PLANE ( 'NONE',  #3611 ) ;
#2337 = VERTEX_POINT ( 'NONE', #5732 ) ;
#2338 = CYLINDRICAL_SURFACE ( 'NONE', #5085, 2.999999999999999112 ) ;
#2339 = PLANE ( 'NONE',  #7233 ) ;
#2340 = CARTESIAN_POINT ( 'NONE',  ( -3.022599999999999731, 11.20139999999999958, -3.174999999999999822 ) ) ;
#2341 = CARTESIAN_POINT ( 'NONE',  ( 25.21059208921509054, -9.736852453990756828, 6.284643771133632484 ) ) ;
#2342 = VERTEX_POINT ( 'NONE', #1475 ) ;
#2343 = DIRECTION ( 'NONE',  ( 1.000000000000000000, 0.000000000000000000, -0.000000000000000000 ) ) ;
#2344 = VERTEX_POINT ( 'NONE', #779 ) ;
#2345 = DIRECTION ( 'NONE',  ( 1.000000000000000000, -0.000000000000000000, -0.000000000000000000 ) ) ;
#2346 = FACE_OUTER_BOUND ( 'NONE', #9089, .T. ) ;
#2347 = CARTESIAN_POINT ( 'NONE',  ( 36.62499999999999289, 0.000000000000000000, -7.699999999999977973 ) ) ;
#2348 = DIRECTION ( 'NONE',  ( 1.000000000000000000, 7.022160630754120640E-15, 0.000000000000000000 ) ) ;
#2349 = CARTESIAN_POINT ( 'NONE',  ( 36.22500000000000142, -2.199999999999999734, -35.90000000000001990 ) ) ;
#2350 = VECTOR ( 'NONE', #2961, 1000.000000000000000 ) ;
#2351 = DIRECTION ( 'NONE',  ( 0.000000000000000000, 0.000000000000000000, -1.000000000000000000 ) ) ;
#2352 = VECTOR ( 'NONE', #3005, 1000.000000000000000 ) ;
#2353 = DIRECTION ( 'NONE',  ( -1.084202172485504631E-15, 0.000000000000000000, 1.000000000000000000 ) ) ;
#2354 = VERTEX_POINT ( 'NONE', #8530 ) ;
#2355 = ORIENTED_EDGE ( 'NONE', *, *, #8105, .F. ) ;
#2356 = ORIENTED_EDGE ( 'NONE', *, *, #4684, .T. ) ;
#2357 = LINE ( 'NONE', #5234, #7231 ) ;
#2358 = VECTOR ( 'NONE', #5139, 1000.000000000000000 ) ;
#2359 = CARTESIAN_POINT ( 'NONE',  ( 35.22500000000000142, -6.275000000000001243, -12.40000000000000391 ) ) ;
#2360 = ORIENTED_EDGE ( 'NONE', *, *, #3383, .F. ) ;
#2361 = LINE ( 'NONE', #3719, #5241 ) ;
#2362 = EDGE_CURVE ( 'NONE', #2553, #131, #3332, .T. ) ;
#2363 = CARTESIAN_POINT ( 'NONE',  ( -38.72500000000000142, -11.77500000000000036, 9.095000000000020179 ) ) ;
#2364 = PLANE ( 'NONE',  #1961 ) ;
#2365 = ORIENTED_EDGE ( 'NONE', *, *, #7836, .F. ) ;
#2366 = CARTESIAN_POINT ( 'NONE',  ( -36.22500000000000142, -1.779691693111580708, 14.10332024559068920 ) ) ;
#2367 = ORIENTED_EDGE ( 'NONE', *, *, #1166, .T. ) ;
#2368 = CARTESIAN_POINT ( 'NONE',  ( -35.22500000000000142, -1.200000000000000178, -14.09667975440931009 ) ) ;
#2369 = AXIS2_PLACEMENT_3D ( 'NONE', #2195, #745, #2905 ) ;
#2370 = EDGE_CURVE ( 'NONE', #9122, #5942, #8485, .T. ) ;
#2371 = CARTESIAN_POINT ( 'NONE',  ( 35.22500000000000142, -2.199999999999999734, -29.50000000000002132 ) ) ;
#2372 = EDGE_CURVE ( 'NONE', #2544, #7065, #4352, .T. ) ;
#2373 = CARTESIAN_POINT ( 'NONE',  ( -0.3047999999999999599, 3.048000000000000043, 0.3651249999999999774 ) ) ;
#2374 = EDGE_CURVE ( 'NONE', #9302, #1720, #2231, .T. ) ;
#2375 = DIRECTION ( 'NONE',  ( 0.000000000000000000, -1.000000000000000000, -5.528999126619305500E-16 ) ) ;
#2376 = CIRCLE ( 'NONE', #7669, 1.099999999999996758 ) ;
#2377 = VERTEX_POINT ( 'NONE', #5017 ) ;
#2378 = FACE_OUTER_BOUND ( 'NONE', #7476, .T. ) ;
#2379 = CARTESIAN_POINT ( 'NONE',  ( 27.12874297933606726, -10.46984523231757791, -8.346280424058713621 ) ) ;
#2380 =( NAMED_UNIT ( * ) PLANE_ANGLE_UNIT ( ) SI_UNIT ( $, .RADIAN. ) );
#2381 = ORIENTED_EDGE ( 'NONE', *, *, #3024, .T. ) ;
#2382 = VECTOR ( 'NONE', #6672, 1000.000000000000000 ) ;
#2383 = CARTESIAN_POINT ( 'NONE',  ( 36.62499999999999289, -11.77500000000000036, -30.89499999999997826 ) ) ;
#2384 = VECTOR ( 'NONE', #2348, 1000.000000000000000 ) ;
#2385 = EDGE_CURVE ( 'NONE', #3359, #6553, #8573, .T. ) ;
#2386 = VERTEX_POINT ( 'NONE', #2039 ) ;
#2387 = DIRECTION ( 'NONE',  ( 0.000000000000000000, 1.000000000000000000, -0.000000000000000000 ) ) ;
#2388 = AXIS2_PLACEMENT_3D ( 'NONE', #6098, #5513, #9174 ) ;
#2389 = FACE_OUTER_BOUND ( 'NONE', #6623, .T. ) ;
#2390 = CARTESIAN_POINT ( 'NONE',  ( 26.92177908689250287, -10.32005512919786838, 7.796516043387129891 ) ) ;
#2391 = EDGE_CURVE ( 'NONE', #703, #4338, #6349, .T. ) ;
#2392 = ORIENTED_EDGE ( 'NONE', *, *, #6241, .F. ) ;
#2393 = AXIS2_PLACEMENT_3D ( 'NONE', #7707, #5704, #6325 ) ;
#2394 = LINE ( 'NONE', #5273, #2077 ) ;
#2395 = VECTOR ( 'NONE', #1215, 1000.000000000000000 ) ;
#2396 = DIRECTION ( 'NONE',  ( -0.000000000000000000, 1.000000000000000000, -0.000000000000000000 ) ) ;
#2397 = DIRECTION ( 'NONE',  ( 0.000000000000000000, 0.000000000000000000, -1.000000000000000000 ) ) ;
#2398 = FACE_OUTER_BOUND ( 'NONE', #8779, .T. ) ;
#2399 = CARTESIAN_POINT ( 'NONE',  ( 36.62500000000000000, -11.77500000000000036, 7.700000000000022382 ) ) ;
#2400 = VECTOR ( 'NONE', #4255, 1000.000000000000000 ) ;
#2401 = FACE_OUTER_BOUND ( 'NONE', #3593, .T. ) ;
#2402 = CARTESIAN_POINT ( 'NONE',  ( -36.62500000000000000, -11.77500000000000036, -14.09999999999997655 ) ) ;
#2403 = FACE_OUTER_BOUND ( 'NONE', #1221, .T. ) ;
#2404 = ORIENTED_EDGE ( 'NONE', *, *, #2017, .F. ) ;
#2405 = EDGE_LOOP ( 'NONE', ( #4350, #5522, #7664, #3653 ) ) ;
#2406 = ORIENTED_EDGE ( 'NONE', *, *, #3987, .F. ) ;
#2407 = DIRECTION ( 'NONE',  ( 0.000000000000000000, 0.000000000000000000, -1.000000000000000000 ) ) ;
#2408 = AXIS2_PLACEMENT_3D ( 'NONE', #8507, #5756, #8603 ) ;
#2409 = CARTESIAN_POINT ( 'NONE',  ( 36.62500000000000000, -11.77500000000000036, -35.89999999999997016 ) ) ;
#2410 = ORIENTED_EDGE ( 'NONE', *, *, #6412, .F. ) ;
#2411 = DIRECTION ( 'NONE',  ( 0.000000000000000000, 0.000000000000000000, 1.000000000000000000 ) ) ;
#2412 = DIRECTION ( 'NONE',  ( 0.000000000000000000, 0.000000000000000000, 1.000000000000000000 ) ) ;
#2413 = PLANE ( 'NONE',  #1374 ) ;
#2414 = VERTEX_POINT ( 'NONE', #2091 ) ;
#2415 = ORIENTED_EDGE ( 'NONE', *, *, #3931, .T. ) ;
#2416 = CARTESIAN_POINT ( 'NONE',  ( -35.72499999999999432, -1.199999999999999734, -14.09667975440931009 ) ) ;
#2417 = EDGE_CURVE ( 'NONE', #7948, #4099, #7871, .T. ) ;
#2418 = CIRCLE ( 'NONE', #8928, 3.809500000000000330 ) ;
#2419 = ORIENTED_EDGE ( 'NONE', *, *, #3209, .F. ) ;
#2420 = CARTESIAN_POINT ( 'NONE',  ( 24.22499999999999787, -11.77500000000000036, 9.125000000000008882 ) ) ;
#2421 = LINE ( 'NONE', #5254, #1039 ) ;
#2422 = CARTESIAN_POINT ( 'NONE',  ( 39.35983003675661251, 0.000000000000000000, -21.78393290460574505 ) ) ;
#2423 = DIRECTION ( 'NONE',  ( 0.000000000000000000, 0.000000000000000000, 1.000000000000000000 ) ) ;
#2424 = VECTOR ( 'NONE', #8822, 1000.000000000000000 ) ;
#2425 = ORIENTED_EDGE ( 'NONE', *, *, #6713, .F. ) ;
#2426 = EDGE_CURVE ( 'NONE', #6653, #6834, #9249, .T. ) ;
#2427 = EDGE_CURVE ( 'NONE', #2624, #997, #5677, .T. ) ;
#2428 = CARTESIAN_POINT ( 'NONE',  ( -27.22499999999999787, -11.77500000000000036, 30.92499999999999716 ) ) ;
#2429 = PLANE ( 'NONE',  #7708 ) ;
#2430 = FACE_OUTER_BOUND ( 'NONE', #1474, .T. ) ;
#2431 = VERTEX_POINT ( 'NONE', #1430 ) ;
#2432 = VECTOR ( 'NONE', #7451, 1000.000000000000114 ) ;
#2433 = DIRECTION ( 'NONE',  ( 1.000000000000000000, -0.000000000000000000, -0.000000000000000000 ) ) ;
#2434 = EDGE_LOOP ( 'NONE', ( #3955, #4460, #3112, #1659 ) ) ;
#2435 = DIRECTION ( 'NONE',  ( 0.000000000000000000, 0.000000000000000000, 1.000000000000000000 ) ) ;
#2436 = DIRECTION ( 'NONE',  ( -1.000000000000000000, -0.000000000000000000, -0.000000000000000000 ) ) ;
#2437 = CARTESIAN_POINT ( 'NONE',  ( 24.22500000000000142, -9.659192512834597011, -27.92499999999999716 ) ) ;
#2438 = VERTEX_POINT ( 'NONE', #2368 ) ;
#2439 = AXIS2_PLACEMENT_3D ( 'NONE', #1010, #3831, #3883 ) ;
#2440 = ORIENTED_EDGE ( 'NONE', *, *, #7191, .F. ) ;
#2441 = EDGE_CURVE ( 'NONE', #8801, #6634, #861, .T. ) ;
#2442 = CARTESIAN_POINT ( 'NONE',  ( -39.35983003675661251, 0.000000000000000000, 17.97443290460574161 ) ) ;
#2443 = ADVANCED_FACE ( 'NONE', ( #5246 ), #8816, .F. ) ;
#2444 = FACE_OUTER_BOUND ( 'NONE', #1770, .T. ) ;
#2445 = DIRECTION ( 'NONE',  ( 0.000000000000000000, -0.01745240643728362614, -0.9998476951563912696 ) ) ;
#2446 = FACE_OUTER_BOUND ( 'NONE', #805, .T. ) ;
#2447 = DIRECTION ( 'NONE',  ( 0.000000000000000000, 0.000000000000000000, 1.000000000000000000 ) ) ;
#2448 = CARTESIAN_POINT ( 'NONE',  ( -38.31380793923466399, 0.000000000000000000, 43.79446661047027334 ) ) ;
#2449 = DIRECTION ( 'NONE',  ( -1.000000000000000000, 0.000000000000000000, 6.938893903907232322E-16 ) ) ;
#2450 = ORIENTED_EDGE ( 'NONE', *, *, #8390, .T. ) ;
#2451 = ORIENTED_EDGE ( 'NONE', *, *, #5848, .T. ) ;
#2452 = ORIENTED_EDGE ( 'NONE', *, *, #7703, .T. ) ;
#2453 = LINE ( 'NONE', #374, #1784 ) ;
#2454 = B_SPLINE_CURVE_WITH_KNOTS ( 'NONE', 3,
 ( #6819, #6771, #296, #1050 ),
 .UNSPECIFIED., .F., .F.,
 ( 4, 4 ),
 ( 0.000000000000000000, 1.000000000000000000 ),
 .UNSPECIFIED. ) ;
#2455 = DIRECTION ( 'NONE',  ( -0.000000000000000000, 0.000000000000000000, 1.000000000000000000 ) ) ;
#2456 = ADVANCED_FACE ( 'NONE', ( #820 ), #8150, .F. ) ;
#2457 = EDGE_LOOP ( 'NONE', ( #4776, #6828, #2651, #5291 ) ) ;
#2458 = DIRECTION ( 'NONE',  ( 0.000000000000000000, 0.000000000000000000, 1.000000000000000000 ) ) ;
#2459 = CARTESIAN_POINT ( 'NONE',  ( -38.72500000000000142, -11.77500000000000036, 0.000000000000000000 ) ) ;
#2460 = CARTESIAN_POINT ( 'NONE',  ( -38.31380793923467110, 8.673617379884035472E-16, -30.89499999999997826 ) ) ;
#2461 = ORIENTED_EDGE ( 'NONE', *, *, #5465, .F. ) ;
#2462 = CARTESIAN_POINT ( 'NONE',  ( 36.22500000000000142, -2.199999999999999734, -29.50000000000002132 ) ) ;
#2463 = EDGE_LOOP ( 'NONE', ( #6730, #6966, #3203, #6245 ) ) ;
#2464 = CARTESIAN_POINT ( 'NONE',  ( -39.35983003675661251, -11.77500000000000036, 20.68393290460574718 ) ) ;
#2465 = EDGE_CURVE ( 'NONE', #5952, #2575, #2325, .T. ) ;
#2466 = EDGE_LOOP ( 'NONE', ( #3305, #5185, #4575 ) ) ;
#2467 = DIRECTION ( 'NONE',  ( -1.000000000000000000, 0.000000000000000000, -0.000000000000000000 ) ) ;
#2468 = FACE_OUTER_BOUND ( 'NONE', #3230, .T. ) ;
#2469 = DIRECTION ( 'NONE',  ( 0.000000000000000000, -0.000000000000000000, -1.000000000000000000 ) ) ;
#2470 = EDGE_LOOP ( 'NONE', ( #4670, #5350, #1647, #1757 ) ) ;
#2471 = DIRECTION ( 'NONE',  ( 0.000000000000000000, 1.000000000000000000, 0.000000000000000000 ) ) ;
#2472 = DIRECTION ( 'NONE',  ( 0.000000000000000000, 2.891205793294672410E-16, -1.000000000000000000 ) ) ;
#2473 = DIRECTION ( 'NONE',  ( 1.000000000000000000, 0.000000000000000000, 0.000000000000000000 ) ) ;
#2474 = VERTEX_POINT ( 'NONE', #2416 ) ;
#2475 = DIRECTION ( 'NONE',  ( -0.000000000000000000, 1.000000000000000000, -0.000000000000000000 ) ) ;
#2476 = ORIENTED_EDGE ( 'NONE', *, *, #6546, .F. ) ;
#2477 = PLANE ( 'NONE',  #867 ) ;
#2478 = EDGE_CURVE ( 'NONE', #2957, #7028, #4938, .T. ) ;
#2479 = DIRECTION ( 'NONE',  ( 0.000000000000000000, 0.000000000000000000, -1.000000000000000000 ) ) ;
#2480 = PLANE ( 'NONE',  #4994 ) ;
#2481 = ORIENTED_EDGE ( 'NONE', *, *, #4964, .F. ) ;
#2482 = LINE ( 'NONE', #2442, #1632 ) ;
#2483 = CARTESIAN_POINT ( 'NONE',  ( 36.22499999999999432, -11.77500000000000036, -29.49999999999997868 ) ) ;
#2484 = EDGE_LOOP ( 'NONE', ( #1560, #8196, #3827, #1487 ) ) ;
#2485 = CARTESIAN_POINT ( 'NONE',  ( -38.72500000000000142, -11.77500000000000036, 0.000000000000000000 ) ) ;
#2486 = CARTESIAN_POINT ( 'NONE',  ( -27.07017254884050317, -10.42092389632503568, 35.44581421178464353 ) ) ;
#2487 = EDGE_CURVE ( 'NONE', #4338, #2414, #59, .T. ) ;
#2488 = CARTESIAN_POINT ( 'NONE',  ( -39.35983003675661251, -1.399999999999999911, -17.97443290460574161 ) ) ;
#2489 = EDGE_CURVE ( 'NONE', #2518, #2582, #2376, .T. ) ;
#2490 = LINE ( 'NONE', #4601, #8321 ) ;
#2491 = ADVANCED_FACE ( 'NONE', ( #1702 ), #6633, .F. ) ;
#2492 = CARTESIAN_POINT ( 'NONE',  ( -38.31380793923467110, -11.77500000000000036, -26.89500000000002444 ) ) ;
#2493 = ORIENTED_EDGE ( 'NONE', *, *, #3817, .T. ) ;
#2494 = ORIENTED_EDGE ( 'NONE', *, *, #2636, .T. ) ;
#2495 = CARTESIAN_POINT ( 'NONE',  ( -35.22500000000000142, -11.77500000000000036, 7.700000000000022382 ) ) ;
#2496 = DIRECTION ( 'NONE',  ( -0.000000000000000000, 1.000000000000000000, -0.000000000000000000 ) ) ;
#2497 = ORIENTED_EDGE ( 'NONE', *, *, #4842, .F. ) ;
#2498 = DIRECTION ( 'NONE',  ( -1.000000000000000000, 0.000000000000000000, 0.000000000000000000 ) ) ;
#2499 = PLANE ( 'NONE',  #4187 ) ;
#2500 = EDGE_CURVE ( 'NONE', #863, #4685, #3071, .T. ) ;
#2501 = DIRECTION ( 'NONE',  ( -1.000000000000000000, 0.000000000000000000, 0.000000000000000000 ) ) ;
#2502 = ORIENTED_EDGE ( 'NONE', *, *, #2722, .F. ) ;
#2503 = EDGE_CURVE ( 'NONE', #7153, #5371, #5957, .T. ) ;
#2504 = CARTESIAN_POINT ( 'NONE',  ( -35.22500000000000142, -1.439075079334741991, -7.698339877204666060 ) ) ;
#2505 = AXIS2_PLACEMENT_3D ( 'NONE', #3641, #2144, #7212 ) ;
#2506 = EDGE_LOOP ( 'NONE', ( #7168, #5477, #1309, #8618 ) ) ;
#2507 = DIRECTION ( 'NONE',  ( -3.468256695428074887E-34, -2.753879025871234817E-16, 1.000000000000000000 ) ) ;
#2508 = ORIENTED_EDGE ( 'NONE', *, *, #1835, .F. ) ;
#2509 = CARTESIAN_POINT ( 'NONE',  ( 27.07017254884048540, -10.42092389632503036, -13.64581421178465348 ) ) ;
#2510 = VECTOR ( 'NONE', #8079, 1000.000000000000000 ) ;
#2511 = LINE ( 'NONE', #8961, #559 ) ;
#2512 = DIRECTION ( 'NONE',  ( -0.000000000000000000, 1.000000000000000000, -0.000000000000000000 ) ) ;
#2513 = ORIENTED_EDGE ( 'NONE', *, *, #6999, .F. ) ;
#2514 = CARTESIAN_POINT ( 'NONE',  ( -0.06183264365576709998, 17.40184206536899936, 2.374900000000000233 ) ) ;
#2515 = CARTESIAN_POINT ( 'NONE',  ( 27.22499999999999787, -10.62779375035100315, -9.125000000000008882 ) ) ;
#2516 = CARTESIAN_POINT ( 'NONE',  ( 3.838674941184240469E-18, 3.048000000000000043, 0.01270000000000000122 ) ) ;
#2517 = EDGE_CURVE ( 'NONE', #8216, #9063, #6006, .T. ) ;
#2518 = VERTEX_POINT ( 'NONE', #2973 ) ;
#2519 = ORIENTED_EDGE ( 'NONE', *, *, #6842, .T. ) ;
#2520 = CARTESIAN_POINT ( 'NONE',  ( -26.07349211351373697, -9.946160579764857346, 6.754055021329319786 ) ) ;
#2521 = AXIS2_PLACEMENT_3D ( 'NONE', #8341, #3244, #302 ) ;
#2522 = LINE ( 'NONE', #3256, #328 ) ;
#2523 = VECTOR ( 'NONE', #2693, 1000.000000000000114 ) ;
#2524 = CARTESIAN_POINT ( 'NONE',  ( 3.218423261307530256E-18, 0.7620000000000000107, -0.4432325894919644793 ) ) ;
#2525 = CIRCLE ( 'NONE', #7074, 3.000000000000002665 ) ;
#2526 = EDGE_LOOP ( 'NONE', ( #4490, #4072, #3087, #7266 ) ) ;
#2527 = EDGE_LOOP ( 'NONE', ( #3947, #4770, #7012, #6154 ) ) ;
#2528 = CARTESIAN_POINT ( 'NONE',  ( -0.3047999999999999599, 3.048000000000000043, -0.4826000000000000290 ) ) ;
#2529 = EDGE_CURVE ( 'NONE', #6883, #7126, #1524, .T. ) ;
#2530 = DIRECTION ( 'NONE',  ( 1.000000000000000000, 0.000000000000000000, 0.000000000000000000 ) ) ;
#2531 = ORIENTED_EDGE ( 'NONE', *, *, #6986, .T. ) ;
#2532 = VECTOR ( 'NONE', #1602, 1000.000000000000000 ) ;
#2533 = CARTESIAN_POINT ( 'NONE',  ( -3.567883199794724902, 11.52680932995479779, 2.374900000000000233 ) ) ;
#2534 = CARTESIAN_POINT ( 'NONE',  ( 39.35983003675661251, -0.02500000000000038997, 21.78393290460574505 ) ) ;
#2535 = CARTESIAN_POINT ( 'NONE',  ( -27.22499999999999787, -11.77500000000000036, -34.47500000000000142 ) ) ;
#2536 = PLANE ( 'NONE',  #8714 ) ;
#2537 = EDGE_LOOP ( 'NONE', ( #2618, #3012, #3834, #4498 ) ) ;
#2538 = ORIENTED_EDGE ( 'NONE', *, *, #8608, .T. ) ;
#2539 = CARTESIAN_POINT ( 'NONE',  ( 35.55833333333333002, -1.199999999999999734, -7.699999999999977973 ) ) ;
#2540 = ADVANCED_FACE ( 'NONE', ( #7347 ), #8859, .F. ) ;
#2541 = EDGE_CURVE ( 'NONE', #1093, #7439, #6161, .T. ) ;
#2542 = CARTESIAN_POINT ( 'NONE',  ( -24.42810911145754815, -9.659192512834600564, 27.92499999999999361 ) ) ;
#2543 = CIRCLE ( 'NONE', #4033, 10.77499999999999325 ) ;
#2544 = VERTEX_POINT ( 'NONE', #5866 ) ;
#2545 = DIRECTION ( 'NONE',  ( -1.000000000000000000, 0.000000000000000000, 0.000000000000000000 ) ) ;
#2546 = CARTESIAN_POINT ( 'NONE',  ( 38.72500000000000142, -11.77500000000000036, -34.50499999999998124 ) ) ;
#2547 = CARTESIAN_POINT ( 'NONE',  ( 36.22499999999999432, -6.275000000000002132, -29.49999999999997868 ) ) ;
#2548 = VERTEX_POINT ( 'NONE', #8910 ) ;
#2549 = VECTOR ( 'NONE', #8780, 1000.000000000000000 ) ;
#2550 = ORIENTED_EDGE ( 'NONE', *, *, #4371, .T. ) ;
#2551 = LINE ( 'NONE', #1795, #8584 ) ;
#2552 = ADVANCED_FACE ( 'NONE', ( #5114 ), #8013, .T. ) ;
#2553 = VERTEX_POINT ( 'NONE', #3822 ) ;
#2554 = CIRCLE ( 'NONE', #3455, 10.77499999999999325 ) ;
#2555 = LINE ( 'NONE', #8380, #4177 ) ;
#2556 = DIRECTION ( 'NONE',  ( 0.000000000000000000, 0.000000000000000000, 1.000000000000000000 ) ) ;
#2557 = CARTESIAN_POINT ( 'NONE',  ( 35.72499999999999432, -1.199999999999999956, -7.696679754409310625 ) ) ;
#2558 = EDGE_LOOP ( 'NONE', ( #5205, #3628, #7706, #2139 ) ) ;
#2559 = DIRECTION ( 'NONE',  ( -1.084202172485504631E-15, 0.000000000000000000, 1.000000000000000000 ) ) ;
#2560 = AXIS2_PLACEMENT_3D ( 'NONE', #8593, #2807, #6312 ) ;
#2561 = AXIS2_PLACEMENT_3D ( 'NONE', #2340, #2297, #8786 ) ;
#2562 =( REPRESENTATION_RELATIONSHIP ('NONE','NONE', #5123, #7375 ) REPRESENTATION_RELATIONSHIP_WITH_TRANSFORMATION ( #3449 )SHAPE_REPRESENTATION_RELATIONSHIP( ) );
#2563 = DIRECTION ( 'NONE',  ( 0.000000000000000000, 0.000000000000000000, -1.000000000000000000 ) ) ;
#2564 = DIRECTION ( 'NONE',  ( 0.000000000000000000, -1.000000000000000000, 2.843494106224449617E-16 ) ) ;
#2565 = ORIENTED_EDGE ( 'NONE', *, *, #3049, .F. ) ;
#2566 = ORIENTED_EDGE ( 'NONE', *, *, #2713, .F. ) ;
#2567 = DIRECTION ( 'NONE',  ( 0.000000000000000000, 0.000000000000000000, 1.000000000000000000 ) ) ;
#2569 = CARTESIAN_POINT ( 'NONE',  ( 35.22500000000000142, -1.819537539667370973, -7.703320245590689730 ) ) ;
#2568 = VECTOR ( 'NONE', #1699, 1000.000000000000000 ) ;
#2570 = CARTESIAN_POINT ( 'NONE',  ( 35.22500000000000142, 0.000000000000000000, 12.40000000000000213 ) ) ;
#2571 = ORIENTED_EDGE ( 'NONE', *, *, #8854, .T. ) ;
#2572 = LINE ( 'NONE', #1683, #5710 ) ;
#2573 = AXIS2_PLACEMENT_3D ( 'NONE', #2812, #4171, #9268 ) ;
#2574 = LINE ( 'NONE', #8360, #5423 ) ;
#2575 = VERTEX_POINT ( 'NONE', #6722 ) ;
#2576 = CARTESIAN_POINT ( 'NONE',  ( 38.72500000000000142, -11.77500000000000036, 0.000000000000000000 ) ) ;
#2577 = LINE ( 'NONE', #9118, #620 ) ;
#2578 = DIRECTION ( 'NONE',  ( 1.000000000000000000, 0.000000000000000000, 0.000000000000000000 ) ) ;
#2579 = ADVANCED_FACE ( 'NONE', ( #243 ), #6541, .T. ) ;
#2580 = AXIS2_PLACEMENT_3D ( 'NONE', #7259, #6539, #1522 ) ;
#2581 = LINE ( 'NONE', #2492, #4752 ) ;
#2582 = VERTEX_POINT ( 'NONE', #2464 ) ;
#2583 = ORIENTED_EDGE ( 'NONE', *, *, #4697, .F. ) ;
#2584 = DIRECTION ( 'NONE',  ( 1.000000000000000000, 0.000000000000000000, 0.000000000000000000 ) ) ;
#2585 = CARTESIAN_POINT ( 'NONE',  ( 36.62499999999999289, -11.77500000000000036, 9.095000000000020179 ) ) ;
#2586 = VERTEX_POINT ( 'NONE', #4619 ) ;
#2587 = DIRECTION ( 'NONE',  ( 0.000000000000000000, 0.000000000000000000, -1.000000000000000000 ) ) ;
#2588 = LINE ( 'NONE', #2546, #4027 ) ;
#2589 = DIRECTION ( 'NONE',  ( 0.000000000000000000, -1.000000000000000000, 0.000000000000000000 ) ) ;
#2590 = ADVANCED_FACE ( 'NONE', ( #8422, #1934, #4052, #5520, #4000, #6236, #6957, #2594, #383 ), #342, .F. ) ;
#2591 = ADVANCED_FACE ( 'NONE', ( #3957, #9134 ), #4761, .F. ) ;
#2592 = VERTEX_POINT ( 'NONE', #3288 ) ;
#2593 = VERTEX_POINT ( 'NONE', #3240 ) ;
#2594 = FACE_BOUND ( 'NONE', #7143, .T. ) ;
#2595 = VERTEX_POINT ( 'NONE', #4718 ) ;
#2596 = EDGE_LOOP ( 'NONE', ( #6010, #3128, #1648, #95, #7570 ) ) ;
#2597 = CARTESIAN_POINT ( 'NONE',  ( 39.35983003675661251, 0.000000000000000000, 21.78393290460574505 ) ) ;
#2598 = CARTESIAN_POINT ( 'NONE',  ( -9.830958940470169467E-06, 2.316503594301455138, 0.01270000000000020071 ) ) ;
#2599 = ADVANCED_FACE ( 'NONE', ( #6904 ), #475, .F. ) ;
#2600 = EDGE_CURVE ( 'NONE', #2575, #6336, #2086, .T. ) ;
#2601 = LINE ( 'NONE', #8345, #7728 ) ;
#2602 = EDGE_CURVE ( 'NONE', #1555, #8727, #2551, .T. ) ;
#2603 = ORIENTED_EDGE ( 'NONE', *, *, #823, .F. ) ;
#2604 = CARTESIAN_POINT ( 'NONE',  ( 38.72500000000000142, -11.77500000000000036, 0.000000000000000000 ) ) ;
#2605 = LINE ( 'NONE', #9105, #4041 ) ;
#2606 = DIRECTION ( 'NONE',  ( 0.000000000000000000, 0.000000000000000000, 1.000000000000000000 ) ) ;
#2607 = SHAPE_DEFINITION_REPRESENTATION ( #32, #7375 ) ;
#2608 = VERTEX_POINT ( 'NONE', #429 ) ;
#2609 = VERTEX_POINT ( 'NONE', #7620 ) ;
#2610 = CARTESIAN_POINT ( 'NONE',  ( -36.22499999999999432, -1.561724002265275191, 14.10000000000002451 ) ) ;
#2611 = CARTESIAN_POINT ( 'NONE',  ( -0.3047999999999999599, 12.19235930419984015, 2.374900000000000233 ) ) ;
#2612 = EDGE_CURVE ( 'NONE', #3789, #3904, #2454, .T. ) ;
#2613 = LINE ( 'NONE', #398, #2874 ) ;
#2614 = ORIENTED_EDGE ( 'NONE', *, *, #5388, .T. ) ;
#2615 = ADVANCED_FACE ( 'NONE', ( #1186 ), #5435, .F. ) ;
#2616 = CARTESIAN_POINT ( 'NONE',  ( 27.22499999999999787, 1.461533075723289096E-22, -10.90000000000000036 ) ) ;
#2617 = LINE ( 'NONE', #8977, #8767 ) ;
#2618 = ORIENTED_EDGE ( 'NONE', *, *, #360, .F. ) ;
#2619 = CARTESIAN_POINT ( 'NONE',  ( -25.01724498359141080, -9.707919402531915765, 37.37534694793576762 ) ) ;
#2620 = LINE ( 'NONE', #6847, #5438 ) ;
#2621 = FACE_OUTER_BOUND ( 'NONE', #1960, .T. ) ;
#2622 = DIRECTION ( 'NONE',  ( 0.000000000000000000, 0.000000000000000000, -1.000000000000000000 ) ) ;
#2623 = ORIENTED_EDGE ( 'NONE', *, *, #4679, .F. ) ;
#2624 = VERTEX_POINT ( 'NONE', #1135 ) ;
#2625 = CARTESIAN_POINT ( 'NONE',  ( 25.57449291493243493, -9.808253005177547834, 28.23838798005171924 ) ) ;
#2626 = PLANE ( 'NONE',  #5874 ) ;
#2627 = ORIENTED_EDGE ( 'NONE', *, *, #8499, .T. ) ;
#2628 = CARTESIAN_POINT ( 'NONE',  ( 36.22499999999999432, -1.700000000000000178, -7.701660122795333407 ) ) ;
#2629 = CARTESIAN_POINT ( 'NONE',  ( -36.62500000000000000, -11.77500000000000036, 7.700000000000022382 ) ) ;
#2630 = DIRECTION ( 'NONE',  ( -0.000000000000000000, 1.000000000000000000, -0.000000000000000000 ) ) ;
#2631 = VERTEX_POINT ( 'NONE', #6059 ) ;
#2632 = DIRECTION ( 'NONE',  ( 0.000000000000000000, 0.000000000000000000, 1.000000000000000000 ) ) ;
#2633 = ORIENTED_EDGE ( 'NONE', *, *, #1906, .T. ) ;
#2634 = ORIENTED_EDGE ( 'NONE', *, *, #14, .F. ) ;
#2635 = DIRECTION ( 'NONE',  ( 0.000000000000000000, 0.000000000000000000, -1.000000000000000000 ) ) ;
#2636 = EDGE_CURVE ( 'NONE', #3379, #5410, #9093, .T. ) ;
#2637 = EDGE_LOOP ( 'NONE', ( #1189, #7013, #9020, #4605 ) ) ;
#2638 = ORIENTED_EDGE ( 'NONE', *, *, #3279, .T. ) ;
#2639 = CARTESIAN_POINT ( 'NONE',  ( -0.3047999999999999599, 4.317999999999999616, 0.4826000000000000290 ) ) ;
#2640 = CARTESIAN_POINT ( 'NONE',  ( 25.74643293631219620, -9.850655169012767942, -15.26801947369222923 ) ) ;
#2641 = VECTOR ( 'NONE', #5735, 1000.000000000000000 ) ;
#2642 = FACE_OUTER_BOUND ( 'NONE', #461, .T. ) ;
#2643 = ORIENTED_EDGE ( 'NONE', *, *, #5433, .F. ) ;
#2644 = LINE ( 'NONE', #1145, #1476 ) ;
#2645 = DIRECTION ( 'NONE',  ( 0.000000000000000000, -5.528999126619305500E-16, 1.000000000000000000 ) ) ;
#2646 = EDGE_CURVE ( 'NONE', #6796, #1136, #8130, .T. ) ;
#2647 = EDGE_CURVE ( 'NONE', #3916, #5153, #8240, .T. ) ;
#2648 = CONICAL_SURFACE ( 'NONE', #6894, 3.834499999999997577, 0.7853981633973854404 ) ;
#2649 = DIRECTION ( 'NONE',  ( -0.000000000000000000, 0.000000000000000000, 1.000000000000000000 ) ) ;
#2650 = APPLICATION_PROTOCOL_DEFINITION ( 'draft international standard', 'automotive_design', 1998, #4671 ) ;
#2651 = ORIENTED_EDGE ( 'NONE', *, *, #1790, .F. ) ;
#2652 = CARTESIAN_POINT ( 'NONE',  ( 3.838674941184240469E-18, 3.048000000000000043, 0.4826000000000000290 ) ) ;
#2653 = EDGE_LOOP ( 'NONE', ( #4127, #3597, #6518, #7331 ) ) ;
#2654 = CARTESIAN_POINT ( 'NONE',  ( -27.07017254884050317, -10.42092389632503213, -8.154185788215350783 ) ) ;
#2655 = DIRECTION ( 'NONE',  ( 0.000000000000000000, 1.000000000000000000, 0.000000000000000000 ) ) ;
#2656 = CARTESIAN_POINT ( 'NONE',  ( 35.22500000000000142, -2.199999999999999734, 31.19999999999999574 ) ) ;
#2657 = ORIENTED_EDGE ( 'NONE', *, *, #7359, .T. ) ;
#2658 = DIRECTION ( 'NONE',  ( 1.000000000000000000, -0.000000000000000000, -0.000000000000000000 ) ) ;
#2659 = EDGE_CURVE ( 'NONE', #9335, #2911, #1334, .T. ) ;
#2660 = PLANE ( 'NONE',  #1207 ) ;
#2661 = ORIENTED_EDGE ( 'NONE', *, *, #2517, .T. ) ;
#2662 = VECTOR ( 'NONE', #3469, 1000.000000000000114 ) ;
#2663 = VECTOR ( 'NONE', #1240, 1000.000000000000000 ) ;
#2664 = DIRECTION ( 'NONE',  ( -1.000000000000000000, -0.000000000000000000, -0.000000000000000000 ) ) ;
#2665 = EDGE_CURVE ( 'NONE', #2033, #4053, #1879, .T. ) ;
#2666 = CARTESIAN_POINT ( 'NONE',  ( -43.31380793923467110, -11.77500000000000036, -16.70500000000001961 ) ) ;
#2667 = PLANE ( 'NONE',  #5437 ) ;
#2668 = AXIS2_PLACEMENT_3D ( 'NONE', #439, #9104, #484 ) ;
#2669 = DIRECTION ( 'NONE',  ( 1.000000000000000000, 0.000000000000000000, -0.000000000000000000 ) ) ;
#2670 = ORIENTED_EDGE ( 'NONE', *, *, #912, .F. ) ;
#2671 = VECTOR ( 'NONE', #5986, 1000.000000000000114 ) ;
#2672 = ORIENTED_EDGE ( 'NONE', *, *, #5482, .F. ) ;
#2673 = CARTESIAN_POINT ( 'NONE',  ( 26.22150987399927047, -9.997091699051166458, 28.67751094966683567 ) ) ;
#2674 = DIRECTION ( 'NONE',  ( 0.000000000000000000, -5.528999126619305500E-16, 1.000000000000000000 ) ) ;
#2675 = DIRECTION ( 'NONE',  ( 0.000000000000000000, -1.000000000000000000, -2.891205793294672410E-16 ) ) ;
#2676 = ORIENTED_EDGE ( 'NONE', *, *, #7766, .F. ) ;
#2677 = PRESENTATION_STYLE_ASSIGNMENT (( #8466 ) ) ;
#2678 = VECTOR ( 'NONE', #1036, 1000.000000000000000 ) ;
#2679 = LINE ( 'NONE', #8234, #1778 ) ;
#2680 = VECTOR ( 'NONE', #1303, 1000.000000000000000 ) ;
#2681 = LINE ( 'NONE', #1788, #4374 ) ;
#2682 = VECTOR ( 'NONE', #379, 1000.000000000000000 ) ;
#2683 = VERTEX_POINT ( 'NONE', #2741 ) ;
#2684 = CARTESIAN_POINT ( 'NONE',  ( -9.830958940470169467E-06, 2.316503594301455138, 0.4826000000000000290 ) ) ;
#2685 = VERTEX_POINT ( 'NONE', #1325 ) ;
#2686 = ORIENTED_EDGE ( 'NONE', *, *, #1214, .T. ) ;
#2687 = EDGE_CURVE ( 'NONE', #1137, #7209, #3577, .T. ) ;
#2688 = CARTESIAN_POINT ( 'NONE',  ( 36.62499999999999289, -11.77500000000000036, 35.90000000000001990 ) ) ;
#2689 = CIRCLE ( 'NONE', #8438, 3.834499999999997577 ) ;
#2690 = AXIS2_PLACEMENT_3D ( 'NONE', #4846, #1219, #2669 ) ;
#2691 = EDGE_LOOP ( 'NONE', ( #9207, #922, #2984, #4948 ) ) ;
#2692 = VERTEX_POINT ( 'NONE', #2688 ) ;
#2693 = DIRECTION ( 'NONE',  ( 0.03489949670250104552, -0.9993908270190956511, -2.421639049184150736E-17 ) ) ;
#2694 = DIRECTION ( 'NONE',  ( 1.000000000000000000, -1.259407789102440013E-18, 0.000000000000000000 ) ) ;
#2695 = VECTOR ( 'NONE', #1339, 1000.000000000000000 ) ;
#2696 = LINE ( 'NONE', #7010, #6365 ) ;
#2697 = ADVANCED_FACE ( 'NONE', ( #2830 ), #9326, .F. ) ;
#2698 = ORIENTED_EDGE ( 'NONE', *, *, #141, .F. ) ;
#2699 = CARTESIAN_POINT ( 'NONE',  ( -36.22499999999999432, -1.739845846555790443, -14.09999999999997655 ) ) ;
#2700 = DIRECTION ( 'NONE',  ( 1.000000000000000000, 0.000000000000000000, 0.000000000000000000 ) ) ;
#2701 = VECTOR ( 'NONE', #6121, 1000.000000000000000 ) ;
#2702 = CARTESIAN_POINT ( 'NONE',  ( 35.22500000000000142, 0.000000000000000000, 14.10000000000002274 ) ) ;
#2703 = PRODUCT_CONTEXT ( 'NONE', #4291, 'mechanical' ) ;
#2704 = ORIENTED_EDGE ( 'NONE', *, *, #8068, .F. ) ;
#2705 = DIRECTION ( 'NONE',  ( 0.000000000000000000, 0.000000000000000000, -1.000000000000000000 ) ) ;
#2706 = ORIENTED_EDGE ( 'NONE', *, *, #3850, .T. ) ;
#2707 = DIRECTION ( 'NONE',  ( -1.000000000000000000, 0.000000000000000000, -0.000000000000000000 ) ) ;
#2708 = LINE ( 'NONE', #684, #7132 ) ;
#2709 = LINE ( 'NONE', #4880, #320 ) ;
#2710 = ADVANCED_FACE ( 'NONE', ( #7197 ), #1278, .F. ) ;
#2711 = VECTOR ( 'NONE', #1809, 1000.000000000000000 ) ;
#2712 = CIRCLE ( 'NONE', #8015, 10.77500000000000036 ) ;
#2713 = EDGE_CURVE ( 'NONE', #5237, #1089, #9005, .T. ) ;
#2714 = ORIENTED_EDGE ( 'NONE', *, *, #4536, .F. ) ;
#2715 = CARTESIAN_POINT ( 'NONE',  ( -24.42810911145753394, -9.659192512834591682, -15.67499999999999183 ) ) ;
#2716 = DIRECTION ( 'NONE',  ( 0.000000000000000000, 0.000000000000000000, 1.000000000000000000 ) ) ;
#2717 = ORIENTED_EDGE ( 'NONE', *, *, #250, .T. ) ;
#2718 = VECTOR ( 'NONE', #4422, 1000.000000000000114 ) ;
#2719 = CARTESIAN_POINT ( 'NONE',  ( 36.22499999999999432, -6.275000000000001243, 34.20000000000000284 ) ) ;
#2720 = CARTESIAN_POINT ( 'NONE',  ( -0.3047999999999999599, 6.324599999999999334, -2.362200000000000077 ) ) ;
#2721 = CARTESIAN_POINT ( 'NONE',  ( -38.72500000000000142, -11.77500000000000036, -16.70500000000001961 ) ) ;
#2722 = EDGE_CURVE ( 'NONE', #7622, #5589, #3734, .T. ) ;
#2723 = AXIS2_PLACEMENT_3D ( 'NONE', #651, #1447, #3467 ) ;
#2724 = DIRECTION ( 'NONE',  ( 0.000000000000000000, 0.000000000000000000, -1.000000000000000000 ) ) ;
#2725 = EDGE_CURVE ( 'NONE', #7028, #2386, #5008, .T. ) ;
#2726 = ORIENTED_EDGE ( 'NONE', *, *, #3563, .F. ) ;
#2727 = ORIENTED_EDGE ( 'NONE', *, *, #4977, .T. ) ;
#2728 = LINE ( 'NONE', #4231, #4644 ) ;
#2729 = CARTESIAN_POINT ( 'NONE',  ( 24.22499999999999787, -11.77500000000000036, 6.125000000000008882 ) ) ;
#2730 = CARTESIAN_POINT ( 'NONE',  ( 36.62499999999999289, -11.77500000000000036, 9.095000000000020179 ) ) ;
#2731 = EDGE_LOOP ( 'NONE', ( #5384, #1881, #6446, #8230, #6859, #610, #39, #4907 ) ) ;
#2732 =( NAMED_UNIT ( * ) SI_UNIT ( $, .STERADIAN. ) SOLID_ANGLE_UNIT ( ) );
#2733 = CIRCLE ( 'NONE', #9245, 3.834499999999997577 ) ;
#2734 = CARTESIAN_POINT ( 'NONE',  ( 0.000000000000000000, 4.317999999999999616, 3.174999999999999822 ) ) ;
#2735 = AXIS2_PLACEMENT_3D ( 'NONE', #5312, #8214, #1762 ) ;
#2736 = DIRECTION ( 'NONE',  ( -1.259407789102440013E-18, -1.000000000000000000, 0.000000000000000000 ) ) ;
#2737 = EDGE_CURVE ( 'NONE', #8727, #8478, #9283, .T. ) ;
#2738 = ORIENTED_EDGE ( 'NONE', *, *, #1624, .T. ) ;
#2739 = DIRECTION ( 'NONE',  ( -0.000000000000000000, 0.000000000000000000, 1.000000000000000000 ) ) ;
#2740 = VERTEX_POINT ( 'NONE', #7765 ) ;
#2741 = CARTESIAN_POINT ( 'NONE',  ( 36.22499999999999432, -11.77500000000000036, 7.700000000000022382 ) ) ;
#2742 = EDGE_CURVE ( 'NONE', #9050, #868, #4139, .T. ) ;
#2743 = EDGE_LOOP ( 'NONE', ( #5431, #2938, #7315, #3898, #8912, #4635, #9167, #8710, #667, #3663, #3777, #1273, #4217, #2672, #1203, #2365, #1781, #6262, #5478, #7677, #9229, #8550, #4058, #6392 ) ) ;
#2744 = VERTEX_POINT ( 'NONE', #1422 ) ;
#2745 = PLANE ( 'NONE',  #5387 ) ;
#2746 = CARTESIAN_POINT ( 'NONE',  ( 26.83130611590349801, -10.26722200603487245, 35.97316733070443462 ) ) ;
#2747 = LINE ( 'NONE', #5674, #5753 ) ;
#2748 = EDGE_LOOP ( 'NONE', ( #2119, #5337, #6160, #738, #5979 ) ) ;
#2749 = ORIENTED_EDGE ( 'NONE', *, *, #1501, .F. ) ;
#2750 = CARTESIAN_POINT ( 'NONE',  ( -36.62499999999999289, 0.000000000000000000, -9.094999999999977547 ) ) ;
#2751 = B_SPLINE_CURVE_WITH_KNOTS ( 'NONE', 3,
 ( #7099, #3481, #3623, #663, #5004, #2068 ),
 .UNSPECIFIED., .F., .F.,
 ( 4, 2, 4 ),
 ( 0.000000000000000000, 0.5000000000000000000, 1.000000000000000000 ),
 .UNSPECIFIED. ) ;
#2752 = FACE_OUTER_BOUND ( 'NONE', #1556, .T. ) ;
#2753 = LINE ( 'NONE', #582, #5367 ) ;
#2754 = EDGE_LOOP ( 'NONE', ( #6871, #5133, #4293, #5936 ) ) ;
#2755 = CARTESIAN_POINT ( 'NONE',  ( -36.62499999999999289, 0.000000000000000000, 30.89500000000002089 ) ) ;
#2756 = CARTESIAN_POINT ( 'NONE',  ( -26.07125110576855320, -9.945416374412040739, -6.752266339200483358 ) ) ;
#2757 = CARTESIAN_POINT ( 'NONE',  ( -35.22500000000000142, 0.000000000000000000, -32.70000000000000284 ) ) ;
#2758 = CARTESIAN_POINT ( 'NONE',  ( -0.3047901690410599884, 2.316503594301455138, -0.01019107390356880152 ) ) ;
#2759 = ORIENTED_EDGE ( 'NONE', *, *, #5778, .T. ) ;
#2760 = CARTESIAN_POINT ( 'NONE',  ( -25.74978749038663040, -9.851544940775484704, -15.26600874077387182 ) ) ;
#2761 = LINE ( 'NONE', #9356, #1508 ) ;
#2762 = ORIENTED_EDGE ( 'NONE', *, *, #5465, .T. ) ;
#2763 = EDGE_CURVE ( 'NONE', #1830, #6381, #5050, .T. ) ;
#2764 = CARTESIAN_POINT ( 'NONE',  ( 2.879006205888179966E-18, 3.048000000000000043, -0.4826000000000000290 ) ) ;
#2765 = DIRECTION ( 'NONE',  ( 0.8587137004641446358, -0.5124556377240621075, 0.000000000000000000 ) ) ;
#2766 = CARTESIAN_POINT ( 'NONE',  ( -24.22500000000000497, -9.659192512834602340, 15.67499999999999361 ) ) ;
#2767 = PLANE ( 'NONE',  #9176 ) ;
#2768 = ORIENTED_EDGE ( 'NONE', *, *, #2871, .F. ) ;
#2769 = ORIENTED_EDGE ( 'NONE', *, *, #4666, .F. ) ;
#2770 = CARTESIAN_POINT ( 'NONE',  ( 25.21059208921509764, -9.736852453990747946, 28.08464377113362787 ) ) ;
#2771 = SHAPE_REPRESENTATION ( '21700 battery holder v3', ( #2439 ), #6527 ) ;
#2772 = DIRECTION ( 'NONE',  ( 0.000000000000000000, -1.000000000000000000, 0.000000000000000000 ) ) ;
#2773 = ADVANCED_FACE ( 'NONE', ( #2784 ), #565, .F. ) ;
#2774 = ADVANCED_FACE ( 'NONE', ( #7809 ), #5665, .T. ) ;
#2775 = DIRECTION ( 'NONE',  ( -0.000000000000000000, 1.000000000000000000, -0.000000000000000000 ) ) ;
#2776 = ORIENTED_EDGE ( 'NONE', *, *, #8068, .T. ) ;
#2777 = CARTESIAN_POINT ( 'NONE',  ( 24.22500000000000142, -11.77500000000000036, -9.125000000000008882 ) ) ;
#2778 = ADVANCED_FACE ( 'NONE', ( #1378 ), #1512, .F. ) ;
#2779 = PRODUCT_DEFINITION_SHAPE ( 'NONE', 'NONE',  #9367 ) ;
#2780 = CARTESIAN_POINT ( 'NONE',  ( 27.20518624071151947, -10.55589838528810098, 13.07074921183934890 ) ) ;
#2781 = CARTESIAN_POINT ( 'NONE',  ( -36.22499999999999432, -6.275000000000002132, 14.10000000000002451 ) ) ;
#2782 = EDGE_LOOP ( 'NONE', ( #4732, #1237 ) ) ;
#2783 = ORIENTED_EDGE ( 'NONE', *, *, #523, .F. ) ;
#2784 = FACE_OUTER_BOUND ( 'NONE', #6280, .T. ) ;
#2785 = ORIENTED_EDGE ( 'NONE', *, *, #477, .T. ) ;
#2786 = EDGE_CURVE ( 'NONE', #8216, #3674, #4468, .T. ) ;
#2787 = EDGE_LOOP ( 'NONE', ( #9045, #8417, #6329, #6269 ) ) ;
#2788 = CARTESIAN_POINT ( 'NONE',  ( -0.3235685795572380008, 17.55803854374730122, 2.374900000000000233 ) ) ;
#2789 = DIRECTION ( 'NONE',  ( 0.000000000000000000, 0.000000000000000000, -1.000000000000000000 ) ) ;
#2790 = EDGE_CURVE ( 'NONE', #1830, #3948, #6573, .T. ) ;
#2791 = DIRECTION ( 'NONE',  ( -0.000000000000000000, 1.000000000000000000, 0.000000000000000000 ) ) ;
#2792 = VERTEX_POINT ( 'NONE', #8803 ) ;
#2793 = ORIENTED_EDGE ( 'NONE', *, *, #5433, .T. ) ;
#2794 = CARTESIAN_POINT ( 'NONE',  ( 36.22499999999999432, -11.77500000000000036, 34.20000000000000284 ) ) ;
#2795 = CARTESIAN_POINT ( 'NONE',  ( 38.31380793923467110, -11.77500000000000036, 16.70500000000001961 ) ) ;
#2796 = CARTESIAN_POINT ( 'NONE',  ( -24.22500000000000142, -11.77500000000000036, -30.92499999999999716 ) ) ;
#2797 = ORIENTED_EDGE ( 'NONE', *, *, #5066, .F. ) ;
#2798 = LINE ( 'NONE', #5684, #3389 ) ;
#2799 = VECTOR ( 'NONE', #2632, 1000.000000000000000 ) ;
#2800 = LINE ( 'NONE', #4212, #6751 ) ;
#2801 = CARTESIAN_POINT ( 'NONE',  ( -24.62689431690673203, -9.669340239903531753, -27.94537829742361623 ) ) ;
#2802 = VECTOR ( 'NONE', #4030, 1000.000000000000000 ) ;
#2803 = LINE ( 'NONE', #4403, #8175 ) ;
#2804 = EDGE_LOOP ( 'NONE', ( #1789, #7634, #8252, #985 ) ) ;
#2805 = VECTOR ( 'NONE', #3482, 1000.000000000000000 ) ;
#2806 = CARTESIAN_POINT ( 'NONE',  ( -36.22500000000000142, -0.8195375396673710844, 7.703320245590689730 ) ) ;
#2807 = DIRECTION ( 'NONE',  ( -1.000000000000000000, 0.000000000000000000, 0.000000000000000000 ) ) ;
#2808 = EDGE_LOOP ( 'NONE', ( #4120, #2037, #1466, #618, #2450, #7325 ) ) ;
#2809 = DIRECTION ( 'NONE',  ( 1.948602322125630250E-34, 1.123292760552739998E-16, -1.000000000000000000 ) ) ;
#2810 = CARTESIAN_POINT ( 'NONE',  ( -36.22499999999999432, -1.819537539667371195, 9.399999999999995026 ) ) ;
#2811 = CONICAL_SURFACE ( 'NONE', #7807, 3.834499999999997577, 0.7853981633973854404 ) ;
#2812 = CARTESIAN_POINT ( 'NONE',  ( -36.22500000000000142, -2.199999999999999734, -29.50000000000002132 ) ) ;
#2813 = ADVANCED_FACE ( 'NONE', ( #8760 ), #3059, .F. ) ;
#2814 = FACE_OUTER_BOUND ( 'NONE', #3392, .T. ) ;
#2815 = ORIENTED_EDGE ( 'NONE', *, *, #4608, .F. ) ;
#2816 = ORIENTED_EDGE ( 'NONE', *, *, #3595, .T. ) ;
#2817 = CARTESIAN_POINT ( 'NONE',  ( 39.35983003675661251, 0.000000000000000000, 21.78393290460574505 ) ) ;
#2818 = CARTESIAN_POINT ( 'NONE',  ( 36.22499999999999432, -1.819537539667371195, 14.10166012279535508 ) ) ;
#2819 = DIRECTION ( 'NONE',  ( 1.259407789102440013E-18, 1.000000000000000000, 0.000000000000000000 ) ) ;
#2820 = VERTEX_POINT ( 'NONE', #8707 ) ;
#2821 = CARTESIAN_POINT ( 'NONE',  ( 35.22500000000000142, -0.4390750793347422687, -7.693359508818644166 ) ) ;
#2822 = CARTESIAN_POINT ( 'NONE',  ( 36.62500000000000000, -11.77500000000000036, -14.09999999999997655 ) ) ;
#2823 = CARTESIAN_POINT ( 'NONE',  ( -38.31380793923467110, 0.000000000000000000, -16.70500000000001251 ) ) ;
#2824 = VECTOR ( 'NONE', #3387, 1000.000000000000000 ) ;
#2825 = ADVANCED_FACE ( 'NONE', ( #8087 ), #1649, .T. ) ;
#2826 = CARTESIAN_POINT ( 'NONE',  ( 36.22500000000000142, -1.819537539667370973, -7.703320245590689730 ) ) ;
#2827 = ORIENTED_EDGE ( 'NONE', *, *, #1029, .F. ) ;
#2828 = EDGE_CURVE ( 'NONE', #4908, #8032, #5168, .T. ) ;
#2829 = VERTEX_POINT ( 'NONE', #3629 ) ;
#2830 = FACE_OUTER_BOUND ( 'NONE', #3322, .T. ) ;
#2831 = ORIENTED_EDGE ( 'NONE', *, *, #4571, .T. ) ;
#2832 = AXIS2_PLACEMENT_3D ( 'NONE', #3917, #7582, #3336 ) ;
#2833 = CIRCLE ( 'NONE', #5395, 2.999999999999999112 ) ;
#2834 = ORIENTED_EDGE ( 'NONE', *, *, #9095, .T. ) ;
#2835 = CARTESIAN_POINT ( 'NONE',  ( -35.22500000000000142, -2.199999999999999734, -29.50000000000002132 ) ) ;
#2836 = VECTOR ( 'NONE', #4570, 1000.000000000000000 ) ;
#2837 = CARTESIAN_POINT ( 'NONE',  ( -2.454989055573035373, 13.98645140630594064, 2.374900000000000233 ) ) ;
#2838 = CARTESIAN_POINT ( 'NONE',  ( -36.62500000000000000, 0.000000000000000000, 7.700000000000022382 ) ) ;
#2839 = CIRCLE ( 'NONE', #1489, 10.77500000000000036 ) ;
#2840 = VECTOR ( 'NONE', #6217, 1000.000000000000000 ) ;
#2841 = EDGE_CURVE ( 'NONE', #1605, #6612, #3671, .T. ) ;
#2842 = ORIENTED_EDGE ( 'NONE', *, *, #5967, .F. ) ;
#2843 = ORIENTED_EDGE ( 'NONE', *, *, #2045, .F. ) ;
#2844 = LINE ( 'NONE', #2750, #7829 ) ;
#2845 = EDGE_CURVE ( 'NONE', #8066, #7761, #5945, .T. ) ;
#2846 = CARTESIAN_POINT ( 'NONE',  ( 35.22500000000000142, 0.000000000000000000, 0.000000000000000000 ) ) ;
#2847 = CARTESIAN_POINT ( 'NONE',  ( -36.22500000000000142, -1.819537539667370973, 14.10332024559068920 ) ) ;
#2848 = VERTEX_POINT ( 'NONE', #5902 ) ;
#2849 = VECTOR ( 'NONE', #8825, 1000.000000000000000 ) ;
#2850 = LINE ( 'NONE', #5737, #5373 ) ;
#2851 = DIRECTION ( 'NONE',  ( -0.03489949670250104552, 0.9993908270190956511, 0.000000000000000000 ) ) ;
#2852 = DIRECTION ( 'NONE',  ( 0.000000000000000000, 0.000000000000000000, -1.000000000000000000 ) ) ;
#2853 = FACE_OUTER_BOUND ( 'NONE', #2858, .T. ) ;
#2854 = ORIENTED_EDGE ( 'NONE', *, *, #2417, .T. ) ;
#2855 = VECTOR ( 'NONE', #1783, 1000.000000000000000 ) ;
#2856 = CARTESIAN_POINT ( 'NONE',  ( -36.62500000000000000, 0.000000000000000000, -7.699999999999977973 ) ) ;
#2857 = FACE_OUTER_BOUND ( 'NONE', #1517, .T. ) ;
#2858 = EDGE_LOOP ( 'NONE', ( #5243, #8185, #3713, #8001 ) ) ;
#2859 = CARTESIAN_POINT ( 'NONE',  ( 35.86286594662684024, -1.199999999999999734, 7.700000000000021494 ) ) ;
#2860 = PLANE ( 'NONE',  #7986 ) ;
#2861 = VECTOR ( 'NONE', #647, 1000.000000000000000 ) ;
#2862 = CARTESIAN_POINT ( 'NONE',  ( 35.22500000000000142, -1.819537539667370973, 14.10332024559068920 ) ) ;
#2863 = CARTESIAN_POINT ( 'NONE',  ( -35.22500000000000142, -11.77500000000000036, -35.89999999999997016 ) ) ;
#2864 = DIRECTION ( 'NONE',  ( -1.000000000000000000, 0.000000000000000000, -1.084202172485504631E-15 ) ) ;
#2865 = CARTESIAN_POINT ( 'NONE',  ( -36.22499999999999432, -1.819537539667371195, 7.701660122795356500 ) ) ;
#2866 = VECTOR ( 'NONE', #4306, 1000.000000000000000 ) ;
#2867 = PLANE ( 'NONE',  #6972 ) ;
#2868 = CARTESIAN_POINT ( 'NONE',  ( -38.72500000000000142, -11.77500000000000036, 0.000000000000000000 ) ) ;
#2869 = ORIENTED_EDGE ( 'NONE', *, *, #231, .T. ) ;
#2870 = CARTESIAN_POINT ( 'NONE',  ( 38.72500000000000142, -6.275000000000001243, 12.40000000000000213 ) ) ;
#2871 = EDGE_CURVE ( 'NONE', #4110, #4854, #9048, .T. ) ;
#2872 = DIRECTION ( 'NONE',  ( -1.000000000000000000, 0.000000000000000000, -0.000000000000000000 ) ) ;
#2873 = FACE_OUTER_BOUND ( 'NONE', #4582, .T. ) ;
#2874 = VECTOR ( 'NONE', #3180, 1000.000000000000114 ) ;
#2875 = LINE ( 'NONE', #3668, #6879 ) ;
#2876 = ORIENTED_EDGE ( 'NONE', *, *, #8842, .F. ) ;
#2877 = ORIENTED_EDGE ( 'NONE', *, *, #408, .F. ) ;
#2878 = CARTESIAN_POINT ( 'NONE',  ( 26.49306973311139402, -10.10316865628966454, -36.44809867824393734 ) ) ;
#2879 = VERTEX_POINT ( 'NONE', #8137 ) ;
#2880 = VECTOR ( 'NONE', #2937, 1000.000000000000000 ) ;
#2881 = VERTEX_POINT ( 'NONE', #7298 ) ;
#2882 = DIRECTION ( 'NONE',  ( 0.000000000000000000, 0.000000000000000000, -1.000000000000000000 ) ) ;
#2883 = EDGE_CURVE ( 'NONE', #3584, #6837, #5149, .T. ) ;
#2884 = DIRECTION ( 'NONE',  ( -0.000000000000000000, 1.000000000000000000, -0.000000000000000000 ) ) ;
#2885 = ADVANCED_FACE ( 'NONE', ( #850 ), #6711, .F. ) ;
#2886 = LINE ( 'NONE', #6578, #3929 ) ;
#2887 = AXIS2_PLACEMENT_3D ( 'NONE', #9295, #3348, #7018 ) ;
#2888 = ORIENTED_EDGE ( 'NONE', *, *, #885, .F. ) ;
#2889 = EDGE_LOOP ( 'NONE', ( #2107, #4814, #4038, #6851 ) ) ;
#2890 = PLANE ( 'NONE',  #8731 ) ;
#2891 = CARTESIAN_POINT ( 'NONE',  ( 36.62500000000000000, -11.77500000000000036, 29.50000000000002132 ) ) ;
#2892 = ORIENTED_EDGE ( 'NONE', *, *, #6115, .T. ) ;
#2893 = EDGE_CURVE ( 'NONE', #5920, #6235, #5193, .T. ) ;
#2894 = DIRECTION ( 'NONE',  ( -0.000000000000000000, -1.000000000000000000, 0.000000000000000000 ) ) ;
#2895 = EDGE_CURVE ( 'NONE', #5237, #8719, #6621, .T. ) ;
#2896 = DIRECTION ( 'NONE',  ( 8.659560562354386819E-17, 0.7071067811865918706, -0.7071067811865030528 ) ) ;
#2897 = DIRECTION ( 'NONE',  ( -0.9659258262890699775, 0.2588190451025145222, 0.000000000000000000 ) ) ;
#2898 = EDGE_CURVE ( 'NONE', #6834, #4701, #140, .T. ) ;
#2899 = LINE ( 'NONE', #6688, #3925 ) ;
#2900 = VERTEX_POINT ( 'NONE', #3014 ) ;
#2901 = DIRECTION ( 'NONE',  ( -0.000000000000000000, 1.000000000000000000, -0.000000000000000000 ) ) ;
#2902 = B_SPLINE_CURVE_WITH_KNOTS ( 'NONE', 3,
 ( #8765, #8054, #5910, #5198, #2319, #8851 ),
 .UNSPECIFIED., .F., .F.,
 ( 4, 2, 4 ),
 ( 0.000000000000000000, 0.5000000000000000000, 1.000000000000000000 ),
 .UNSPECIFIED. ) ;
#2903 = LINE ( 'NONE', #2193, #4819 ) ;
#2904 = EDGE_LOOP ( 'NONE', ( #7846, #5921, #8540, #4923 ) ) ;
#2905 = DIRECTION ( 'NONE',  ( 0.000000000000000000, 0.000000000000000000, 1.000000000000000000 ) ) ;
#2906 = EDGE_CURVE ( 'NONE', #2126, #5747, #2357, .T. ) ;
#2907 = CARTESIAN_POINT ( 'NONE',  ( -36.62500000000000000, -11.77500000000000036, 7.700000000000022382 ) ) ;
#2908 = CARTESIAN_POINT ( 'NONE',  ( 9.596687352960589616E-19, 0.7620000000000000107, 0.2476499999999999813 ) ) ;
#2909 = CARTESIAN_POINT ( 'NONE',  ( -25.01724498359140014, -9.707919402531919317, 15.57534694793577046 ) ) ;
#2910 = EDGE_CURVE ( 'NONE', #8726, #5993, #8891, .T. ) ;
#2911 = VERTEX_POINT ( 'NONE', #7949 ) ;
#2912 = CARTESIAN_POINT ( 'NONE',  ( -0.3047999999999999599, 6.324599999999999334, 2.387599999999999945 ) ) ;
#2913 = DIRECTION ( 'NONE',  ( -1.000000000000000000, 0.000000000000000000, -0.000000000000000000 ) ) ;
#2914 = CARTESIAN_POINT ( 'NONE',  ( -0.3047999999999999599, 12.19235930419984015, 2.374900000000000233 ) ) ;
#2915 = DIRECTION ( 'NONE',  ( 0.000000000000000000, 0.000000000000000000, 1.000000000000000000 ) ) ;
#2916 = ORIENTED_EDGE ( 'NONE', *, *, #4074, .F. ) ;
#2917 = DIRECTION ( 'NONE',  ( 0.000000000000000000, 1.000000000000000000, 0.000000000000000000 ) ) ;
#2918 = DIRECTION ( 'NONE',  ( -0.000000000000000000, 1.000000000000000000, -0.000000000000000000 ) ) ;
#2919 = LINE ( 'NONE', #3712, #5819 ) ;
#2920 = ORIENTED_EDGE ( 'NONE', *, *, #8513, .T. ) ;
#2921 = ORIENTED_EDGE ( 'NONE', *, *, #5955, .F. ) ;
#2922 = DIRECTION ( 'NONE',  ( 0.000000000000000000, 0.000000000000000000, 1.000000000000000000 ) ) ;
#2923 = UNCERTAINTY_MEASURE_WITH_UNIT (LENGTH_MEASURE( 1.000000000000000082E-05 ), #6567, 'distance_accuracy_value', 'NONE');
#2924 = ORIENTED_EDGE ( 'NONE', *, *, #8222, .T. ) ;
#2925 = CARTESIAN_POINT ( 'NONE',  ( -36.22499999999999432, -2.200000000000000622, -35.89999999999997016 ) ) ;
#2926 = ORIENTED_EDGE ( 'NONE', *, *, #655, .T. ) ;
#2927 = CARTESIAN_POINT ( 'NONE',  ( 38.72500000000000142, -6.275000000000000355, -34.20000000000000995 ) ) ;
#2928 = DIRECTION ( 'NONE',  ( 0.8587137004641414162, -0.5124556377240675475, 0.000000000000000000 ) ) ;
#2929 = DIRECTION ( 'NONE',  ( -0.000000000000000000, 1.000000000000000000, -0.000000000000000000 ) ) ;
#2930 = EDGE_LOOP ( 'NONE', ( #8149, #2816, #4813, #666, #5932, #2173, #4377, #3707, #8663, #18 ) ) ;
#2931 = CARTESIAN_POINT ( 'NONE',  ( 39.35983003675661251, -0.02500000000000038997, -21.78393290460574505 ) ) ;
#2932 = EDGE_CURVE ( 'NONE', #4831, #6235, #3195, .T. ) ;
#2933 = LINE ( 'NONE', #5779, #8396 ) ;
#2934 = VERTEX_POINT ( 'NONE', #4709 ) ;
#2935 = CARTESIAN_POINT ( 'NONE',  ( -24.22500000000000142, -11.77500000000000036, 27.92499999999999716 ) ) ;
#2936 = PLANE ( 'NONE',  #107 ) ;
#2937 = DIRECTION ( 'NONE',  ( -1.000000000000000000, -0.000000000000000000, -0.000000000000000000 ) ) ;
#2938 = ORIENTED_EDGE ( 'NONE', *, *, #8508, .F. ) ;
#2939 = EDGE_CURVE ( 'NONE', #4336, #6073, #8368, .T. ) ;
#2940 = EDGE_CURVE ( 'NONE', #617, #4672, #7656, .T. ) ;
#2941 = DIRECTION ( 'NONE',  ( 0.000000000000000000, 1.000000000000000000, -0.000000000000000000 ) ) ;
#2942 = CARTESIAN_POINT ( 'NONE',  ( -27.22499999999999787, -10.62779375035101026, 9.125000000000008882 ) ) ;
#2943 = EDGE_LOOP ( 'NONE', ( #8666, #4968, #6274, #5126, #8004 ) ) ;
#2944 = CARTESIAN_POINT ( 'NONE',  ( 36.62499999999999289, -11.77500000000000036, -29.49999999999997868 ) ) ;
#2945 = DIRECTION ( 'NONE',  ( 0.000000000000000000, 0.000000000000000000, 1.000000000000000000 ) ) ;
#2946 = CARTESIAN_POINT ( 'NONE',  ( 3.838674941184240469E-18, 3.048000000000000043, 0.1301750000000000129 ) ) ;
#2947 = CARTESIAN_POINT ( 'NONE',  ( 25.57449291493243493, -9.808253005177551387, 6.438387980051731851 ) ) ;
#2948 = AXIS2_PLACEMENT_3D ( 'NONE', #4464, #6481, #1645 ) ;
#2949 = ORIENTED_EDGE ( 'NONE', *, *, #2898, .F. ) ;
#2950 = CYLINDRICAL_SURFACE ( 'NONE', #3411, 1.099999999999996758 ) ;
#2951 = ADVANCED_FACE ( 'NONE', ( #3949 ), #6809, .F. ) ;
#2952 = FACE_OUTER_BOUND ( 'NONE', #8740, .T. ) ;
#2953 = CARTESIAN_POINT ( 'NONE',  ( -36.62499999999999289, -11.77500000000000036, -30.89499999999997826 ) ) ;
#2954 = EDGE_CURVE ( 'NONE', #9142, #8040, #6049, .T. ) ;
#2955 = CIRCLE ( 'NONE', #98, 1.099999999999996758 ) ;
#2956 = DIRECTION ( 'NONE',  ( -0.000000000000000000, 1.000000000000000000, -0.000000000000000000 ) ) ;
#2957 = VERTEX_POINT ( 'NONE', #8948 ) ;
#2958 = PLANE ( 'NONE',  #1188 ) ;
#2959 = DIRECTION ( 'NONE',  ( -1.000000000000000000, -0.000000000000000000, -0.000000000000000000 ) ) ;
#2960 = PLANE ( 'NONE',  #614 ) ;
#2961 = DIRECTION ( 'NONE',  ( 0.000000000000000000, 0.000000000000000000, 1.000000000000000000 ) ) ;
#2962 = ORIENTED_EDGE ( 'NONE', *, *, #191, .F. ) ;
#2963 = ORIENTED_EDGE ( 'NONE', *, *, #3937, .F. ) ;
#2964 = CARTESIAN_POINT ( 'NONE',  ( 35.53404055377737336, -1.439075079334741991, -7.693359508818644166 ) ) ;
#2965 = EDGE_LOOP ( 'NONE', ( #6503, #9248, #8615, #5010 ) ) ;
#2966 = ORIENTED_EDGE ( 'NONE', *, *, #7890, .F. ) ;
#2967 = CARTESIAN_POINT ( 'NONE',  ( -43.31380793923467110, -11.77500000000000036, -16.70500000000001961 ) ) ;
#2968 = AXIS2_PLACEMENT_3D ( 'NONE', #3685, #8018, #1530 ) ;
#2969 = CARTESIAN_POINT ( 'NONE',  ( 36.22500000000000142, -1.819537539667370973, 7.703320245590689730 ) ) ;
#2970 = AXIS2_PLACEMENT_3D ( 'NONE', #1281, #4142, #2411 ) ;
#2971 = CARTESIAN_POINT ( 'NONE',  ( -38.31380793923467110, 0.000000000000000000, 30.89500000000001378 ) ) ;
#2972 = ORIENTED_EDGE ( 'NONE', *, *, #8333, .F. ) ;
#2973 = CARTESIAN_POINT ( 'NONE',  ( -39.35983003675661251, -11.77500000000000036, 22.88393290460573937 ) ) ;
#2974 = MECHANICAL_DESIGN_GEOMETRIC_PRESENTATION_REPRESENTATION (  '', ( #1022 ), #115 ) ;
#2975 = AXIS2_PLACEMENT_3D ( 'NONE', #385, #3382, #345 ) ;
#2976 = ORIENTED_EDGE ( 'NONE', *, *, #5669, .F. ) ;
#2977 = CARTESIAN_POINT ( 'NONE',  ( -36.62499999999999289, 0.000000000000000000, 34.50500000000002387 ) ) ;
#2978 = CARTESIAN_POINT ( 'NONE',  ( -38.31380793923467110, -11.77500000000000036, -16.70500000000001961 ) ) ;
#2979 = ADVANCED_FACE ( 'NONE', ( #1782 ), #6852, .F. ) ;
#2980 = VECTOR ( 'NONE', #332, 1000.000000000000000 ) ;
#2981 = AXIS2_PLACEMENT_3D ( 'NONE', #6515, #116, #4499 ) ;
#2982 = CARTESIAN_POINT ( 'NONE',  ( -36.62499999999999289, -11.77500000000000036, -34.50499999999998124 ) ) ;
#2983 = AXIS2_PLACEMENT_3D ( 'NONE', #950, #993, #5240 ) ;
#2984 = ORIENTED_EDGE ( 'NONE', *, *, #9208, .T. ) ;
#2985 = VERTEX_POINT ( 'NONE', #4750 ) ;
#2986 = CARTESIAN_POINT ( 'NONE',  ( 36.62500000000000000, -11.77500000000000036, -35.89999999999997016 ) ) ;
#2987 = AXIS2_PLACEMENT_3D ( 'NONE', #1862, #218, #975 ) ;
#2988 = DIRECTION ( 'NONE',  ( -0.03489949670250104552, 0.9993908270190956511, 0.000000000000000000 ) ) ;
#2989 = EDGE_LOOP ( 'NONE', ( #7154, #5058, #1949, #4956, #7757, #3488, #5007, #1568 ) ) ;
#2990 = LINE ( 'NONE', #6461, #552 ) ;
#2991 = CARTESIAN_POINT ( 'NONE',  ( -39.35983003675661251, -11.77500000000000036, -22.88393290460573937 ) ) ;
#2992 = EDGE_CURVE ( 'NONE', #4410, #6034, #987, .T. ) ;
#2993 = CARTESIAN_POINT ( 'NONE',  ( 9.596687352960589616E-19, 0.7620000000000000107, 0.3651249999999999774 ) ) ;
#2994 = EDGE_CURVE ( 'NONE', #3064, #8209, #1832, .T. ) ;
#2995 = DIRECTION ( 'NONE',  ( 1.000000000000000000, -1.259407789102440013E-18, 0.000000000000000000 ) ) ;
#2996 = VECTOR ( 'NONE', #852, 1000.000000000000000 ) ;
#2997 = ORIENTED_EDGE ( 'NONE', *, *, #8044, .T. ) ;
#2998 = CARTESIAN_POINT ( 'NONE',  ( 24.22499999999999787, -11.77500000000000036, -15.67499999999999361 ) ) ;
#2999 = LINE ( 'NONE', #7422, #4486 ) ;
#3000 = LINE ( 'NONE', #8078, #599 ) ;
#3001 = LINE ( 'NONE', #5800, #5518 ) ;
#3002 = ORIENTED_EDGE ( 'NONE', *, *, #4549, .T. ) ;
#3003 = DIRECTION ( 'NONE',  ( -0.000000000000000000, 1.000000000000000000, -0.000000000000000000 ) ) ;
#3004 = EDGE_CURVE ( 'NONE', #1125, #2311, #1126, .T. ) ;
#3005 = DIRECTION ( 'NONE',  ( 0.000000000000000000, 0.000000000000000000, 1.000000000000000000 ) ) ;
#3006 = EDGE_CURVE ( 'NONE', #3674, #6956, #1087, .T. ) ;
#3007 = DIRECTION ( 'NONE',  ( -0.000000000000000000, 1.000000000000000000, -0.000000000000000000 ) ) ;
#3008 = EDGE_CURVE ( 'NONE', #7475, #1133, #3648, .T. ) ;
#3009 = VECTOR ( 'NONE', #8532, 1000.000000000000000 ) ;
#3010 = VECTOR ( 'NONE', #1304, 1000.000000000000000 ) ;
#3011 = DIRECTION ( 'NONE',  ( 0.000000000000000000, 0.000000000000000000, -1.000000000000000000 ) ) ;
#3012 = ORIENTED_EDGE ( 'NONE', *, *, #6129, .F. ) ;
#3013 = VERTEX_POINT ( 'NONE', #8274 ) ;
#3014 = CARTESIAN_POINT ( 'NONE',  ( 35.22500000000000142, -1.819537539667370973, -14.10332024559068920 ) ) ;
#3015 = UNCERTAINTY_MEASURE_WITH_UNIT (LENGTH_MEASURE( 1.000000000000000082E-05 ), #487, 'distance_accuracy_value', 'NONE');
#3016 = CARTESIAN_POINT ( 'NONE',  ( -27.22499999999999787, -10.62779375035100315, -9.125000000000008882 ) ) ;
#3017 = ORIENTED_EDGE ( 'NONE', *, *, #8292, .F. ) ;
#3018 = ORIENTED_EDGE ( 'NONE', *, *, #2321, .T. ) ;
#3019 = LINE ( 'NONE', #1697, #1614 ) ;
#3020 = VECTOR ( 'NONE', #7244, 1000.000000000000000 ) ;
#3021 = DIRECTION ( 'NONE',  ( -0.000000000000000000, 1.000000000000000000, -0.000000000000000000 ) ) ;
#3022 = EDGE_CURVE ( 'NONE', #8099, #5153, #8325, .T. ) ;
#3023 = CARTESIAN_POINT ( 'NONE',  ( -39.35983003675661251, -0.02500000000000038997, -21.78393290460574505 ) ) ;
#3024 = EDGE_CURVE ( 'NONE', #3026, #2608, #2453, .T. ) ;
#3025 = PLANE ( 'NONE',  #9023 ) ;
#3026 = VERTEX_POINT ( 'NONE', #6134 ) ;
#3027 = DIRECTION ( 'NONE',  ( 1.000000000000000000, -1.259407789102440013E-18, 0.000000000000000000 ) ) ;
#3028 = CIRCLE ( 'NONE', #6513, 1.099999999999996758 ) ;
#3029 = B_SPLINE_CURVE_WITH_KNOTS ( 'NONE', 3,
 ( #2516, #1107, #443, #4634 ),
 .UNSPECIFIED., .F., .F.,
 ( 4, 4 ),
 ( 0.000000000000000000, 1.000000000000000000 ),
 .UNSPECIFIED. ) ;
#3030 = ORIENTED_EDGE ( 'NONE', *, *, #8685, .T. ) ;
#3031 = FACE_OUTER_BOUND ( 'NONE', #7459, .T. ) ;
#3032 = CARTESIAN_POINT ( 'NONE',  ( -36.22500000000000142, -1.819537539667370973, -14.10332024559068920 ) ) ;
#3033 = VECTOR ( 'NONE', #7056, 1000.000000000000000 ) ;
#3034 = CIRCLE ( 'NONE', #5453, 0.4826000000000000290 ) ;
#3035 = CARTESIAN_POINT ( 'NONE',  ( -43.31380793923467110, 0.000000000000000000, 26.89500000000002089 ) ) ;
#3036 = ORIENTED_EDGE ( 'NONE', *, *, #7804, .F. ) ;
#3037 = ORIENTED_EDGE ( 'NONE', *, *, #652, .F. ) ;
#3038 = DIRECTION ( 'NONE',  ( -1.000000000000000000, 0.000000000000000000, -0.000000000000000000 ) ) ;
#3039 = PLANE ( 'NONE',  #8772 ) ;
#3040 = ORIENTED_EDGE ( 'NONE', *, *, #989, .F. ) ;
#3041 = CARTESIAN_POINT ( 'NONE',  ( 36.62499999999999289, -11.77500000000000036, 35.90000000000001990 ) ) ;
#3042 = DIRECTION ( 'NONE',  ( 0.000000000000000000, -1.000000000000000000, 0.000000000000000000 ) ) ;
#3043 = DIRECTION ( 'NONE',  ( 0.000000000000000000, 0.000000000000000000, -1.000000000000000000 ) ) ;
#3044 = CARTESIAN_POINT ( 'NONE',  ( 25.57518165881202421, -9.808445427359488988, -28.23881793079335267 ) ) ;
#3045 = ORIENTED_EDGE ( 'NONE', *, *, #6196, .T. ) ;
#3046 = FACE_OUTER_BOUND ( 'NONE', #7486, .T. ) ;
#3047 = ORIENTED_EDGE ( 'NONE', *, *, #4917, .T. ) ;
#3048 = DIRECTION ( 'NONE',  ( -0.000000000000000000, -1.000000000000000000, -0.000000000000000000 ) ) ;
#3049 = EDGE_CURVE ( 'NONE', #8209, #9009, #9032, .T. ) ;
#3050 = CARTESIAN_POINT ( 'NONE',  ( -36.22499999999999432, -11.77500000000000036, -7.699999999999977973 ) ) ;
#3051 = LINE ( 'NONE', #5935, #1748 ) ;
#3052 = ORIENTED_EDGE ( 'NONE', *, *, #5351, .T. ) ;
#3053 = CARTESIAN_POINT ( 'NONE',  ( 35.22500000000000142, 0.000000000000000000, 0.000000000000000000 ) ) ;
#3054 = CARTESIAN_POINT ( 'NONE',  ( -35.86327599773540697, -1.199999999999999512, 7.700000000000022382 ) ) ;
#3055 = CARTESIAN_POINT ( 'NONE',  ( -25.57518165881202776, -9.808445427359490765, -37.16118206920664591 ) ) ;
#3056 = CARTESIAN_POINT ( 'NONE',  ( -27.22499999999999787, -10.62779375035100848, 30.92499999999999716 ) ) ;
#3057 = VERTEX_POINT ( 'NONE', #9123 ) ;
#3058 = ORIENTED_EDGE ( 'NONE', *, *, #1890, .T. ) ;
#3059 = PLANE ( 'NONE',  #5856 ) ;
#3060 = EDGE_CURVE ( 'NONE', #2575, #4696, #7612, .T. ) ;
#3061 = ADVANCED_FACE ( 'NONE', ( #5289 ), #6893, .T. ) ;
#3062 = CARTESIAN_POINT ( 'NONE',  ( -0.3047999999999999599, 0.7620000000000000107, 0.01270000000000000122 ) ) ;
#3063 = EDGE_CURVE ( 'NONE', #3355, #5421, #7685, .T. ) ;
#3064 = VERTEX_POINT ( 'NONE', #8602 ) ;
#3065 = CARTESIAN_POINT ( 'NONE',  ( 35.39166666666665861, -1.199999999999999734, 14.10000000000002274 ) ) ;
#3066 = LINE ( 'NONE', #2969, #2836 ) ;
#3067 = DIRECTION ( 'NONE',  ( 1.000000000000000000, 0.000000000000000000, 0.000000000000000000 ) ) ;
#3068 = VERTEX_POINT ( 'NONE', #7185 ) ;
#3069 = DIRECTION ( 'NONE',  ( 0.000000000000000000, 0.000000000000000000, 1.000000000000000000 ) ) ;
#3070 = ORIENTED_EDGE ( 'NONE', *, *, #8092, .T. ) ;
#3071 = LINE ( 'NONE', #8717, #1925 ) ;
#3072 = EDGE_CURVE ( 'NONE', #8327, #661, #8860, .T. ) ;
#3073 = ORIENTED_EDGE ( 'NONE', *, *, #3491, .F. ) ;
#3074 = EDGE_CURVE ( 'NONE', #6323, #9133, #2689, .T. ) ;
#3075 = CARTESIAN_POINT ( 'NONE',  ( 36.62499999999999289, -11.77500000000000036, 34.50500000000002387 ) ) ;
#3076 = DIRECTION ( 'NONE',  ( 0.000000000000000000, -1.000000000000000000, 2.753879025871234817E-16 ) ) ;
#3077 = CARTESIAN_POINT ( 'NONE',  ( 39.35983003675661251, -11.77500000000000036, -21.78393290460574505 ) ) ;
#3078 = ORIENTED_EDGE ( 'NONE', *, *, #2602, .F. ) ;
#3079 = CARTESIAN_POINT ( 'NONE',  ( 36.62499999999999289, -11.77500000000000036, 14.10000000000002274 ) ) ;
#3080 = PLANE ( 'NONE',  #763 ) ;
#3081 = ORIENTED_EDGE ( 'NONE', *, *, #951, .T. ) ;
#3082 = DIRECTION ( 'NONE',  ( -0.000000000000000000, 1.000000000000000000, -0.000000000000000000 ) ) ;
#3083 = ORIENTED_EDGE ( 'NONE', *, *, #8920, .T. ) ;
#3084 = CARTESIAN_POINT ( 'NONE',  ( -39.35983003675661251, -11.77500000000000036, 21.78393290460574505 ) ) ;
#3085 = CARTESIAN_POINT ( 'NONE',  ( 0.3047901690410599884, 1.493496405698544249, 0.2476499999999999813 ) ) ;
#3086 = CARTESIAN_POINT ( 'NONE',  ( -39.35983003675661251, -11.77500000000000036, -20.68393290460574718 ) ) ;
#3087 = ORIENTED_EDGE ( 'NONE', *, *, #7599, .T. ) ;
#3088 = LINE ( 'NONE', #8384, #5094 ) ;
#3089 = VERTEX_POINT ( 'NONE', #4893 ) ;
#3090 = CARTESIAN_POINT ( 'NONE',  ( 36.22499999999999432, -1.819537539667371195, 7.701660122795356500 ) ) ;
#3091 = CARTESIAN_POINT ( 'NONE',  ( 38.72500000000000142, -11.77500000000000036, 9.095000000000020179 ) ) ;
#3092 = CARTESIAN_POINT ( 'NONE',  ( -43.31380793923467110, 0.000000000000000000, -16.70500000000001961 ) ) ;
#3093 = CARTESIAN_POINT ( 'NONE',  ( -27.22499999999999787, -11.77500000000000036, -9.125000000000008882 ) ) ;
#3094 = LINE ( 'NONE', #3710, #5972 ) ;
#3095 = AXIS2_PLACEMENT_3D ( 'NONE', #9235, #2739, #1322 ) ;
#3096 = CARTESIAN_POINT ( 'NONE',  ( -24.42810911145755171, -9.659192512834600564, -37.47500000000001563 ) ) ;
#3097 = EDGE_CURVE ( 'NONE', #6189, #5515, #3416, .T. ) ;
#3098 = DIRECTION ( 'NONE',  ( 0.000000000000000000, 0.000000000000000000, 1.000000000000000000 ) ) ;
#3099 = ORIENTED_EDGE ( 'NONE', *, *, #2489, .F. ) ;
#3100 = ORIENTED_EDGE ( 'NONE', *, *, #1332, .F. ) ;
#3101 = VERTEX_POINT ( 'NONE', #9315 ) ;
#3102 = DIRECTION ( 'NONE',  ( 0.000000000000000000, 0.000000000000000000, 1.000000000000000000 ) ) ;
#3103 = VECTOR ( 'NONE', #6889, 1000.000000000000000 ) ;
#3104 = CARTESIAN_POINT ( 'NONE',  ( -26.92214126508580918, -10.32024456652248645, 29.59707351794145325 ) ) ;
#3105 = ORIENTED_EDGE ( 'NONE', *, *, #3595, .F. ) ;
#3106 = CARTESIAN_POINT ( 'NONE',  ( -35.22500000000000142, -1.439075079334741991, -14.09833987720466553 ) ) ;
#3107 = DIRECTION ( 'NONE',  ( -1.000000000000000000, -0.000000000000000000, -0.000000000000000000 ) ) ;
#3108 = DIRECTION ( 'NONE',  ( 0.000000000000000000, 0.000000000000000000, -1.000000000000000000 ) ) ;
#3109 = ADVANCED_FACE ( 'NONE', ( #4277 ), #6990, .F. ) ;
#3110 = EDGE_CURVE ( 'NONE', #7477, #8909, #8506, .T. ) ;
#3111 = ORIENTED_EDGE ( 'NONE', *, *, #4852, .T. ) ;
#3112 = ORIENTED_EDGE ( 'NONE', *, *, #1166, .F. ) ;
#3113 = CARTESIAN_POINT ( 'NONE',  ( 39.35983003675661251, 0.000000000000000000, 21.78393290460574505 ) ) ;
#3114 = VECTOR ( 'NONE', #6199, 1000.000000000000000 ) ;
#3115 = VECTOR ( 'NONE', #289, 1000.000000000000000 ) ;
#3116 = ORIENTED_EDGE ( 'NONE', *, *, #3782, .T. ) ;
#3117 = LINE ( 'NONE', #8062, #6592 ) ;
#3118 = CARTESIAN_POINT ( 'NONE',  ( -9.830958940470169467E-06, 2.316503594301455138, 0.05185833333333349920 ) ) ;
#3119 = ADVANCED_FACE ( 'NONE', ( #4176 ), #605, .T. ) ;
#3120 = FACE_BOUND ( 'NONE', #549, .T. ) ;
#3121 = EDGE_CURVE ( 'NONE', #5659, #8511, #658, .T. ) ;
#3122 = ORIENTED_EDGE ( 'NONE', *, *, #7312, .F. ) ;
#3123 = CARTESIAN_POINT ( 'NONE',  ( 43.31380793923467110, -11.77500000000000036, -16.70500000000001961 ) ) ;
#3124 = CARTESIAN_POINT ( 'NONE',  ( 26.49354543725020150, -10.10336944436757278, -7.152438547291646742 ) ) ;
#3125 = EDGE_LOOP ( 'NONE', ( #6955, #575, #5049, #8931 ) ) ;
#3126 = CARTESIAN_POINT ( 'NONE',  ( -38.72500000000000142, -11.77500000000000036, 0.000000000000000000 ) ) ;
#3127 = CONICAL_SURFACE ( 'NONE', #8289, 3.834499999999997577, 0.7853981633973854404 ) ;
#3128 = ORIENTED_EDGE ( 'NONE', *, *, #5964, .F. ) ;
#3129 = CARTESIAN_POINT ( 'NONE',  ( 5.438122833344339894E-18, 4.317999999999999616, -0.4826000000000000290 ) ) ;
#3130 = VECTOR ( 'NONE', #3846, 1000.000000000000000 ) ;
#3131 = LINE ( 'NONE', #8307, #9073 ) ;
#3132 = LINE ( 'NONE', #8169, #6201 ) ;
#3133 = EDGE_LOOP ( 'NONE', ( #7719, #9125, #1559, #3443 ) ) ;
#3134 = AXIS2_PLACEMENT_3D ( 'NONE', #6757, #284, #3149 ) ;
#3135 = FACE_OUTER_BOUND ( 'NONE', #5701, .T. ) ;
#3136 = VECTOR ( 'NONE', #2851, 1000.000000000000114 ) ;
#3137 = ORIENTED_EDGE ( 'NONE', *, *, #869, .T. ) ;
#3138 = CARTESIAN_POINT ( 'NONE',  ( -0.6095901690410610030, 2.316503594301459579, -0.3644977684758924918 ) ) ;
#3139 = DIRECTION ( 'NONE',  ( 1.000000000000000000, -1.259407789102440013E-18, 0.000000000000000000 ) ) ;
#3140 = DIRECTION ( 'NONE',  ( -0.000000000000000000, 1.000000000000000000, 5.528999126619304514E-16 ) ) ;
#3141 = CARTESIAN_POINT ( 'NONE',  ( -39.35983003675661251, 0.000000000000000000, -21.78393290460574505 ) ) ;
#3142 = VECTOR ( 'NONE', #6225, 1000.000000000000000 ) ;
#3143 = CARTESIAN_POINT ( 'NONE',  ( 35.22500000000000142, -6.275000000000001243, 9.399999999999995026 ) ) ;
#3144 = DIRECTION ( 'NONE',  ( 0.000000000000000000, 1.000000000000000000, 0.000000000000000000 ) ) ;
#3145 = CARTESIAN_POINT ( 'NONE',  ( 36.22500000000000142, -2.199999999999999734, -35.90000000000001990 ) ) ;
#3146 = ORIENTED_EDGE ( 'NONE', *, *, #1796, .T. ) ;
#3147 = ORIENTED_EDGE ( 'NONE', *, *, #7832, .F. ) ;
#3148 = ORIENTED_EDGE ( 'NONE', *, *, #7457, .F. ) ;
#3149 = DIRECTION ( 'NONE',  ( 0.000000000000000000, 0.000000000000000000, -1.000000000000000000 ) ) ;
#3150 = VECTOR ( 'NONE', #453, 1000.000000000000000 ) ;
#3151 = DIRECTION ( 'NONE',  ( 0.000000000000000000, 0.000000000000000000, -1.000000000000000000 ) ) ;
#3152 = VERTEX_POINT ( 'NONE', #1310 ) ;
#3153 = CARTESIAN_POINT ( 'NONE',  ( -27.22499999999999787, -11.77500000000000036, 12.67499999999999538 ) ) ;
#3154 = CARTESIAN_POINT ( 'NONE',  ( 36.22500000000000142, -1.739845846555790221, -14.10332024559068920 ) ) ;
#3155 = LINE ( 'NONE', #292, #5130 ) ;
#3156 = AXIS2_PLACEMENT_3D ( 'NONE', #5450, #4584, #9007 ) ;
#3157 = VERTEX_POINT ( 'NONE', #2063 ) ;
#3158 = ORIENTED_EDGE ( 'NONE', *, *, #5095, .F. ) ;
#3159 = CARTESIAN_POINT ( 'NONE',  ( 38.72500000000000142, -11.77500000000000036, 0.000000000000000000 ) ) ;
#3160 = EDGE_CURVE ( 'NONE', #2934, #5920, #7848, .T. ) ;
#3161 = AXIS2_PLACEMENT_3D ( 'NONE', #9129, #7617, #2501 ) ;
#3162 = ORIENTED_EDGE ( 'NONE', *, *, #4728, .T. ) ;
#3163 = CARTESIAN_POINT ( 'NONE',  ( -39.35983003675661251, -1.399999999999999911, -21.78393290460574505 ) ) ;
#3164 = DIRECTION ( 'NONE',  ( -3.468256695428074887E-34, -2.753879025871234817E-16, -1.000000000000000000 ) ) ;
#3165 = CARTESIAN_POINT ( 'NONE',  ( 35.84313433136587435, -1.439075079334741991, -14.10332024559068920 ) ) ;
#3166 = VECTOR ( 'NONE', #2050, 1000.000000000000000 ) ;
#3167 = ORIENTED_EDGE ( 'NONE', *, *, #581, .F. ) ;
#3168 = DIRECTION ( 'NONE',  ( 1.000000000000000000, -0.000000000000000000, 0.000000000000000000 ) ) ;
#3169 = EDGE_CURVE ( 'NONE', #1864, #1183, #2728, .T. ) ;
#3170 = ADVANCED_FACE ( 'NONE', ( #3519 ), #9272, .F. ) ;
#3171 = CARTESIAN_POINT ( 'NONE',  ( 25.21348780755074159, -9.737363899785256294, -6.285729587544861552 ) ) ;
#3172 = ORIENTED_EDGE ( 'NONE', *, *, #8754, .T. ) ;
#3173 = VECTOR ( 'NONE', #5201, 1000.000000000000000 ) ;
#3174 = CARTESIAN_POINT ( 'NONE',  ( 35.22500000000000142, -2.199999999999999734, -35.90000000000001990 ) ) ;
#3175 = EDGE_CURVE ( 'NONE', #2820, #6971, #1266, .T. ) ;
#3176 = VECTOR ( 'NONE', #3935, 1000.000000000000000 ) ;
#3177 = ORIENTED_EDGE ( 'NONE', *, *, #4272, .F. ) ;
#3178 = CARTESIAN_POINT ( 'NONE',  ( -24.22500000000000142, -11.77500000000000036, 15.67499999999999361 ) ) ;
#3179 = CARTESIAN_POINT ( 'NONE',  ( -36.62499999999999289, 0.000000000000000000, -12.70499999999998053 ) ) ;
#3180 = DIRECTION ( 'NONE',  ( 0.9902680687415701399, 0.1391731009600670199, 0.000000000000000000 ) ) ;
#3181 =( GEOMETRIC_REPRESENTATION_CONTEXT ( 3 ) GLOBAL_UNCERTAINTY_ASSIGNED_CONTEXT ( ( #3015 ) ) GLOBAL_UNIT_ASSIGNED_CONTEXT ( ( #487, #7167, #3304 ) ) REPRESENTATION_CONTEXT ( 'NONE', 'WORKASPACE' ) );
#3182 = ORIENTED_EDGE ( 'NONE', *, *, #3931, .F. ) ;
#3183 = CARTESIAN_POINT ( 'NONE',  ( 27.22499999999999787, -9.659192512834597011, 34.47500000000000142 ) ) ;
#3184 = ADVANCED_FACE ( 'NONE', ( #5508, #8409 ), #4802, .F. ) ;
#3185 = CARTESIAN_POINT ( 'NONE',  ( 24.22499999999999787, -11.77500000000000036, 27.92499999999999716 ) ) ;
#3186 = EDGE_LOOP ( 'NONE', ( #5361, #6710, #3052, #6709 ) ) ;
#3187 = FACE_OUTER_BOUND ( 'NONE', #4388, .T. ) ;
#3188 = CARTESIAN_POINT ( 'NONE',  ( -25.74643293631219976, -9.850655169012775048, 37.06801947369222461 ) ) ;
#3189 = EDGE_CURVE ( 'NONE', #5659, #8066, #2999, .T. ) ;
#3190 = PLANE ( 'NONE',  #3724 ) ;
#3191 = FACE_OUTER_BOUND ( 'NONE', #6774, .T. ) ;
#3192 = CARTESIAN_POINT ( 'NONE',  ( -0.3047999999999999599, 0.7620000000000000107, 0.4826000000000000290 ) ) ;
#3193 = ORIENTED_EDGE ( 'NONE', *, *, #6422, .F. ) ;
#3194 = ORIENTED_EDGE ( 'NONE', *, *, #1444, .T. ) ;
#3195 = LINE ( 'NONE', #4659, #6007 ) ;
#3196 = CARTESIAN_POINT ( 'NONE',  ( -24.22500000000000142, -11.77500000000000036, -15.67499999999999361 ) ) ;
#3197 = ORIENTED_EDGE ( 'NONE', *, *, #1777, .T. ) ;
#3198 = CARTESIAN_POINT ( 'NONE',  ( 36.62500000000000000, 0.000000000000000000, 7.700000000000022382 ) ) ;
#3199 = FACE_OUTER_BOUND ( 'NONE', #2466, .T. ) ;
#3200 = CARTESIAN_POINT ( 'NONE',  ( -35.55033003675661263, -1.399999999999999689, 21.78393290460574505 ) ) ;
#3201 = ORIENTED_EDGE ( 'NONE', *, *, #8342, .T. ) ;
#3202 = LINE ( 'NONE', #2322, #8264 ) ;
#3203 = ORIENTED_EDGE ( 'NONE', *, *, #8509, .F. ) ;
#3204 = CARTESIAN_POINT ( 'NONE',  ( -0.3047999999999999599, 7.899400000000000865, -2.362200000000000077 ) ) ;
#3205 = EDGE_LOOP ( 'NONE', ( #962, #7538, #8495, #4194 ) ) ;
#3206 = CARTESIAN_POINT ( 'NONE',  ( 26.49306973311140112, -10.10316865628966454, -14.64809867824394729 ) ) ;
#3207 = FACE_OUTER_BOUND ( 'NONE', #944, .T. ) ;
#3208 = CARTESIAN_POINT ( 'NONE',  ( -43.31380793923467110, -11.77500000000000036, -16.70500000000001961 ) ) ;
#3209 = EDGE_CURVE ( 'NONE', #8432, #7033, #7287, .T. ) ;
#3210 = DIRECTION ( 'NONE',  ( -1.000000000000000000, 0.000000000000000000, 0.000000000000000000 ) ) ;
#3211 = CARTESIAN_POINT ( 'NONE',  ( 24.62915442669686783, -9.669406056536466565, -6.145503211989050918 ) ) ;
#3212 = ORIENTED_EDGE ( 'NONE', *, *, #2893, .F. ) ;
#3213 = ORIENTED_EDGE ( 'NONE', *, *, #7086, .F. ) ;
#3214 = DIRECTION ( 'NONE',  ( -0.000000000000000000, 1.000000000000000000, -0.000000000000000000 ) ) ;
#3215 = DIRECTION ( 'NONE',  ( 0.000000000000000000, -1.000000000000000000, -0.000000000000000000 ) ) ;
#3216 = CARTESIAN_POINT ( 'NONE',  ( -0.3047901690410599884, 2.316503594301455138, -0.4826000000000000290 ) ) ;
#3217 = ADVANCED_FACE ( 'NONE', ( #6563 ), #8836, .F. ) ;
#3218 = EDGE_CURVE ( 'NONE', #4930, #2985, #278, .T. ) ;
#3219 = ORIENTED_EDGE ( 'NONE', *, *, #8294, .T. ) ;
#3220 = ADVANCED_FACE ( 'NONE', ( #6656 ), #1636, .T. ) ;
#3221 = CARTESIAN_POINT ( 'NONE',  ( 36.62499999999999289, -11.77500000000000036, -9.094999999999977547 ) ) ;
#3222 = CARTESIAN_POINT ( 'NONE',  ( 36.22499999999999432, -11.77500000000000036, -7.699999999999977973 ) ) ;
#3223 = ORIENTED_EDGE ( 'NONE', *, *, #1501, .T. ) ;
#3224 = CARTESIAN_POINT ( 'NONE',  ( -38.72500000000000142, 1.084202172485504434E-15, -34.20000000000000284 ) ) ;
#3225 = DIRECTION ( 'NONE',  ( 1.000000000000000000, 0.000000000000000000, 0.000000000000000000 ) ) ;
#3226 = DIRECTION ( 'NONE',  ( 1.000000000000000000, 0.000000000000000000, -0.000000000000000000 ) ) ;
#3227 = EDGE_CURVE ( 'NONE', #2354, #5252, #6500, .T. ) ;
#3228 = DIRECTION ( 'NONE',  ( -0.8587137004641418603, 0.5124556377240669924, 0.000000000000000000 ) ) ;
#3229 = EDGE_CURVE ( 'NONE', #2333, #6339, #176, .T. ) ;
#3230 = EDGE_LOOP ( 'NONE', ( #4428, #6348, #4138, #8016 ) ) ;
#3231 = ORIENTED_EDGE ( 'NONE', *, *, #5617, .T. ) ;
#3232 = DIRECTION ( 'NONE',  ( 0.000000000000000000, -1.000000000000000000, 0.000000000000000000 ) ) ;
#3233 = CARTESIAN_POINT ( 'NONE',  ( 27.22499999999999787, -11.77500000000000036, -30.92499999999999716 ) ) ;
#3234 = LINE ( 'NONE', #1786, #4941 ) ;
#3235 = CARTESIAN_POINT ( 'NONE',  ( 36.62500000000000000, -11.77500000000000036, -14.09999999999997655 ) ) ;
#3236 = CARTESIAN_POINT ( 'NONE',  ( 39.35983003675661251, -1.399999999999999911, -21.78393290460574505 ) ) ;
#3237 = EDGE_LOOP ( 'NONE', ( #5059, #4467, #6908, #5192 ) ) ;
#3238 = VECTOR ( 'NONE', #3347, 1000.000000000000000 ) ;
#3239 = ORIENTED_EDGE ( 'NONE', *, *, #1400, .F. ) ;
#3240 = CARTESIAN_POINT ( 'NONE',  ( 2.806472304743364940E-17, 0.7620000000000000107, -0.01019107390356895938 ) ) ;
#3241 = ORIENTED_EDGE ( 'NONE', *, *, #4148, .T. ) ;
#3242 = DIRECTION ( 'NONE',  ( -0.000000000000000000, 1.000000000000000000, 0.000000000000000000 ) ) ;
#3243 = VECTOR ( 'NONE', #1726, 1000.000000000000000 ) ;
#3244 = DIRECTION ( 'NONE',  ( -0.000000000000000000, 1.000000000000000000, -0.000000000000000000 ) ) ;
#3245 = DIRECTION ( 'NONE',  ( 1.000000000000000000, 0.000000000000000000, 0.000000000000000000 ) ) ;
#3246 = ORIENTED_EDGE ( 'NONE', *, *, #6256, .T. ) ;
#3247 = VECTOR ( 'NONE', #1048, 1000.000000000000000 ) ;
#3248 = LINE ( 'NONE', #7545, #8448 ) ;
#3249 = FACE_OUTER_BOUND ( 'NONE', #162, .T. ) ;
#3250 = DIRECTION ( 'NONE',  ( 1.000000000000000000, 0.000000000000000000, 0.000000000000000000 ) ) ;
#3251 = ORIENTED_EDGE ( 'NONE', *, *, #3160, .F. ) ;
#3252 = EDGE_CURVE ( 'NONE', #3369, #1133, #5933, .T. ) ;
#3253 = VERTEX_POINT ( 'NONE', #8077 ) ;
#3254 = DIRECTION ( 'NONE',  ( 0.000000000000000000, 0.000000000000000000, 1.000000000000000000 ) ) ;
#3255 = VECTOR ( 'NONE', #40, 1000.000000000000000 ) ;
#3256 = CARTESIAN_POINT ( 'NONE',  ( -0.3047999999999999599, 6.324599999999999334, 2.387599999999999945 ) ) ;
#3257 = VECTOR ( 'NONE', #5973, 1000.000000000000000 ) ;
#3258 = CARTESIAN_POINT ( 'NONE',  ( 1.451219589136486246E-17, 0.7620000000000000107, -0.2463955369517844829 ) ) ;
#3259 = VERTEX_POINT ( 'NONE', #2162 ) ;
#3260 = CARTESIAN_POINT ( 'NONE',  ( 38.31380793923467110, 8.673617379884035472E-16, -12.70499999999998053 ) ) ;
#3261 = VECTOR ( 'NONE', #5815, 1000.000000000000000 ) ;
#3262 = AXIS2_PLACEMENT_3D ( 'NONE', #2870, #8556, #7942 ) ;
#3263 = DIRECTION ( 'NONE',  ( 0.000000000000000000, 0.000000000000000000, 1.000000000000000000 ) ) ;
#3264 = ORIENTED_EDGE ( 'NONE', *, *, #4680, .T. ) ;
#3265 = EDGE_CURVE ( 'NONE', #4391, #7810, #5039, .T. ) ;
#3266 = EDGE_CURVE ( 'NONE', #2241, #462, #5225, .T. ) ;
#3267 = CARTESIAN_POINT ( 'NONE',  ( 27.22499999999999787, -10.62779375035100848, -34.47500000000000142 ) ) ;
#3268 = CARTESIAN_POINT ( 'NONE',  ( -38.72500000000000142, -6.275000000000000355, 31.19999999999999574 ) ) ;
#3269 = CARTESIAN_POINT ( 'NONE',  ( 0.000000000000000000, 0.000000000000000000, 3.174999999999999822 ) ) ;
#3270 = VECTOR ( 'NONE', #5807, 1000.000000000000000 ) ;
#3271 = VECTOR ( 'NONE', #4692, 1000.000000000000000 ) ;
#3272 = CARTESIAN_POINT ( 'NONE',  ( -39.35983003675661251, -1.399999999999999467, 22.88393290460573937 ) ) ;
#3273 = ORIENTED_EDGE ( 'NONE', *, *, #6362, .F. ) ;
#3274 = VERTEX_POINT ( 'NONE', #1452 ) ;
#3275 = CARTESIAN_POINT ( 'NONE',  ( -24.22500000000000142, -11.77500000000000036, 30.92499999999999716 ) ) ;
#3276 = CARTESIAN_POINT ( 'NONE',  ( 36.22500000000000142, -2.199999999999999734, -29.50000000000002132 ) ) ;
#3277 = EDGE_CURVE ( 'NONE', #6634, #6397, #2839, .T. ) ;
#3278 = AXIS2_PLACEMENT_3D ( 'NONE', #5838, #5798, #7328 ) ;
#3279 = EDGE_CURVE ( 'NONE', #2333, #854, #8744, .T. ) ;
#3280 = ORIENTED_EDGE ( 'NONE', *, *, #8508, .T. ) ;
#3281 = DIRECTION ( 'NONE',  ( 0.000000000000000000, 0.000000000000000000, 1.000000000000000000 ) ) ;
#3282 = DIRECTION ( 'NONE',  ( -1.000000000000000000, -0.000000000000000000, -0.000000000000000000 ) ) ;
#3283 = EDGE_CURVE ( 'NONE', #5507, #7745, #3616, .T. ) ;
#3284 = B_SPLINE_SURFACE_WITH_KNOTS ( 'NONE', 3, 3, ( 
 ( #4225, #747, #5077, #7414 ),
 ( #118, #212, #3697, #37 ),
 ( #2946, #5269, #2250, #7981 ),
 ( #6696, #4500, #3085, #2908 ),
 ( #7228, #1542, #3612, #2993 ),
 ( #5830, #879, #5883, #5219 ),
 ( #5976, #6649, #3794, #8876 ) ),
 .UNSPECIFIED., .F., .F., .F.,
 ( 4, 1, 1, 1, 4 ),
 ( 4, 4 ),
 ( 0.6967213114754100545, 0.7725409836065569857, 0.8483606557377050272, 0.9241803278688519585, 1.000000000000000000 ),
 ( 0.000000000000000000, 1.000000000000000000 ),
 .UNSPECIFIED. ) ;
#3285 = CARTESIAN_POINT ( 'NONE',  ( 27.22499999999999787, -10.62779375035101026, 12.67499999999999538 ) ) ;
#3286 = VERTEX_POINT ( 'NONE', #6521 ) ;
#3287 = ORIENTED_EDGE ( 'NONE', *, *, #7249, .T. ) ;
#3288 = CARTESIAN_POINT ( 'NONE',  ( -27.22499999999999787, -11.77500000000000036, 34.47500000000000142 ) ) ;
#3289 = ORIENTED_EDGE ( 'NONE', *, *, #6701, .T. ) ;
#3290 = ADVANCED_FACE ( 'NONE', ( #2952 ), #1546, .F. ) ;
#3291 = VERTEX_POINT ( 'NONE', #4417 ) ;
#3292 = VECTOR ( 'NONE', #5889, 1000.000000000000000 ) ;
#3293 = DIRECTION ( 'NONE',  ( -0.000000000000000000, 1.000000000000000000, 0.000000000000000000 ) ) ;
#3294 = CYLINDRICAL_SURFACE ( 'NONE', #8415, 1.099999999999996758 ) ;
#3295 = EDGE_CURVE ( 'NONE', #5851, #4434, #5083, .T. ) ;
#3296 = DIRECTION ( 'NONE',  ( 0.000000000000000000, 0.000000000000000000, 1.000000000000000000 ) ) ;
#3297 = ORIENTED_EDGE ( 'NONE', *, *, #1212, .T. ) ;
#3298 = B_SPLINE_CURVE_WITH_KNOTS ( 'NONE', 3,
 ( #1558, #7339, #8139, #6622, #4469, #3104, #900, #190, #4521, #7437, #947, #232, #4040, #1223, #7572, #285, #2542, #6853 ),
 .UNSPECIFIED., .F., .F.,
 ( 4, 2, 2, 2, 2, 2, 2, 2, 4 ),
 ( 0.000000000000000000, 0.0005996163484686793405, 0.001199232696937358681, 0.001798849045406038022, 0.002398465393874717362, 0.002998081742343396486, 0.003597698090812076043, 0.004197314439280755601, 0.004796930787749434724 ),
 .UNSPECIFIED. ) ;
#3299 = PLANE ( 'NONE',  #5847 ) ;
#3300 = CIRCLE ( 'NONE', #3625, 0.3047999999999999599 ) ;
#3301 = B_SPLINE_CURVE_WITH_KNOTS ( 'NONE', 3,
 ( #2764, #1357, #4843, #7746 ),
 .UNSPECIFIED., .F., .F.,
 ( 4, 4 ),
 ( 0.000000000000000000, 1.000000000000000000 ),
 .UNSPECIFIED. ) ;
#3302 = LINE ( 'NONE', #6968, #2103 ) ;
#3303 = LINE ( 'NONE', #6205, #1805 ) ;
#3304 =( NAMED_UNIT ( * ) SI_UNIT ( $, .STERADIAN. ) SOLID_ANGLE_UNIT ( ) );
#3305 = ORIENTED_EDGE ( 'NONE', *, *, #3881, .F. ) ;
#3306 = CARTESIAN_POINT ( 'NONE',  ( -24.22500000000000497, -9.659192512834604116, 6.125000000000008882 ) ) ;
#3308 = LINE ( 'NONE', #1112, #3765 ) ;
#3307 = VECTOR ( 'NONE', #1254, 1000.000000000000000 ) ;
#3309 = CARTESIAN_POINT ( 'NONE',  ( -0.3047901690410599884, 2.316503594301455138, -0.04955848441160469464 ) ) ;
#3310 = ORIENTED_EDGE ( 'NONE', *, *, #6428, .T. ) ;
#3311 = CARTESIAN_POINT ( 'NONE',  ( -27.22499999999999787, -10.62779375035100315, -12.67499999999999538 ) ) ;
#3312 = VECTOR ( 'NONE', #7922, 1000.000000000000000 ) ;
#3313 = LINE ( 'NONE', #1863, #7856 ) ;
#3314 = ORIENTED_EDGE ( 'NONE', *, *, #9127, .T. ) ;
#3315 = PLANE ( 'NONE',  #574 ) ;
#3316 = CARTESIAN_POINT ( 'NONE',  ( -38.31380793923467110, 0.000000000000000000, 16.70500000000001251 ) ) ;
#3317 = PLANE ( 'NONE',  #914 ) ;
#3318 = VECTOR ( 'NONE', #7590, 1000.000000000000000 ) ;
#3319 = ADVANCED_FACE ( 'NONE', ( #8695 ), #7987, .F. ) ;
#3320 = PLANE ( 'NONE',  #2690 ) ;
#3321 = VERTEX_POINT ( 'NONE', #3260 ) ;
#3322 = EDGE_LOOP ( 'NONE', ( #3533, #251, #9336, #9057 ) ) ;
#3323 = CARTESIAN_POINT ( 'NONE',  ( -27.22499999999999787, -11.77500000000000036, -37.47500000000000142 ) ) ;
#3324 = CARTESIAN_POINT ( 'NONE',  ( -39.35983003675661251, 0.000000000000000000, 17.94943290460574659 ) ) ;
#3325 = AXIS2_PLACEMENT_3D ( 'NONE', #1248, #5588, #6353 ) ;
#3326 = ORIENTED_EDGE ( 'NONE', *, *, #2932, .F. ) ;
#3327 = LINE ( 'NONE', #1176, #7383 ) ;
#3328 = FACE_OUTER_BOUND ( 'NONE', #1108, .T. ) ;
#3329 = PLANE ( 'NONE',  #3161 ) ;
#3330 = ORIENTED_EDGE ( 'NONE', *, *, #3817, .F. ) ;
#3331 = EDGE_CURVE ( 'NONE', #8801, #4630, #6015, .T. ) ;
#3332 = B_SPLINE_CURVE_WITH_KNOTS ( 'NONE', 3,
 ( #577, #7820, #2699, #6398 ),
 .UNSPECIFIED., .F., .F.,
 ( 4, 4 ),
 ( 0.9881352317948018937, 1.000000000000000000 ),
 .UNSPECIFIED. ) ;
#3333 = ORIENTED_EDGE ( 'NONE', *, *, #7041, .T. ) ;
#3334 = EDGE_CURVE ( 'NONE', #7477, #3442, #3896, .T. ) ;
#3335 = ORIENTED_EDGE ( 'NONE', *, *, #1109, .F. ) ;
#3336 = DIRECTION ( 'NONE',  ( 0.000000000000000000, 0.000000000000000000, -1.000000000000000000 ) ) ;
#3337 = ORIENTED_EDGE ( 'NONE', *, *, #3060, .F. ) ;
#3338 = ORIENTED_EDGE ( 'NONE', *, *, #6546, .T. ) ;
#3339 = LINE ( 'NONE', #6239, #2226 ) ;
#3340 = CARTESIAN_POINT ( 'NONE',  ( 36.22499999999999432, -2.200000000000000622, -35.89999999999997016 ) ) ;
#3341 = LINE ( 'NONE', #9190, #5298 ) ;
#3342 = EDGE_CURVE ( 'NONE', #1674, #3670, #6247, .T. ) ;
#3343 = ORIENTED_EDGE ( 'NONE', *, *, #1855, .F. ) ;
#3344 = DIRECTION ( 'NONE',  ( -0.03489949670250104552, 0.9993908270190956511, 0.000000000000000000 ) ) ;
#3345 = FACE_OUTER_BOUND ( 'NONE', #1085, .T. ) ;
#3346 = EDGE_CURVE ( 'NONE', #4384, #8700, #5460, .T. ) ;
#3347 = DIRECTION ( 'NONE',  ( -1.000000000000000000, -0.000000000000000000, -0.000000000000000000 ) ) ;
#3348 = DIRECTION ( 'NONE',  ( 0.000000000000000000, 0.000000000000000000, -1.000000000000000000 ) ) ;
#3349 = VERTEX_POINT ( 'NONE', #5982 ) ;
#3350 = DIRECTION ( 'NONE',  ( 0.000000000000000000, 0.000000000000000000, -1.000000000000000000 ) ) ;
#3351 = ORIENTED_EDGE ( 'NONE', *, *, #80, .F. ) ;
#3352 = DIRECTION ( 'NONE',  ( 1.000000000000000000, 0.000000000000000000, -0.000000000000000000 ) ) ;
#3353 = CARTESIAN_POINT ( 'NONE',  ( -38.31380793923467110, -11.77500000000000036, -16.70500000000001961 ) ) ;
#3354 = LINE ( 'NONE', #7218, #3312 ) ;
#3355 = VERTEX_POINT ( 'NONE', #7466 ) ;
#3356 = LINE ( 'NONE', #3740, #9354 ) ;
#3357 = PRODUCT ( '1021-1.step', '1021-1.step', '', ( #9146 ) ) ;
#3358 = CARTESIAN_POINT ( 'NONE',  ( 38.31380793923467110, 0.000000000000000000, 26.89500000000002444 ) ) ;
#3359 = VERTEX_POINT ( 'NONE', #8218 ) ;
#3360 = CARTESIAN_POINT ( 'NONE',  ( -27.20520594547036097, -10.55583604369455486, 34.87115278890304637 ) ) ;
#3361 = DIRECTION ( 'NONE',  ( -0.000000000000000000, 1.000000000000000000, -0.000000000000000000 ) ) ;
#3362 = LINE ( 'NONE', #4746, #8020 ) ;
#3363 = DIRECTION ( 'NONE',  ( -0.03489949670250104552, 0.9993908270190956511, 0.000000000000000000 ) ) ;
#3364 = ORIENTED_EDGE ( 'NONE', *, *, #8421, .T. ) ;
#3365 = EDGE_LOOP ( 'NONE', ( #9178, #8323, #9260, #5623, #3727, #3639, #2000, #7659 ) ) ;
#3366 = CARTESIAN_POINT ( 'NONE',  ( 25.01724498359139304, -9.707919402531915765, 28.02465305206420609 ) ) ;
#3367 = CARTESIAN_POINT ( 'NONE',  ( -2.454989055573035373, 13.98645140630594064, 2.374900000000000233 ) ) ;
#3368 = PLANE ( 'NONE',  #1082 ) ;
#3369 = VERTEX_POINT ( 'NONE', #8976 ) ;
#3370 = CARTESIAN_POINT ( 'NONE',  ( -36.22500000000000142, -1.819537539667370973, -7.703320245590689730 ) ) ;
#3371 = EDGE_CURVE ( 'NONE', #4831, #6109, #2572, .T. ) ;
#3372 = LINE ( 'NONE', #3953, #5705 ) ;
#3373 = CARTESIAN_POINT ( 'NONE',  ( -0.3047901690410599884, 2.316503594301455138, -0.01019107390356880152 ) ) ;
#3374 = ORIENTED_EDGE ( 'NONE', *, *, #7630, .T. ) ;
#3375 = CARTESIAN_POINT ( 'NONE',  ( -35.22500000000000142, 0.000000000000000000, -7.693359508818644166 ) ) ;
#3376 = VERTEX_POINT ( 'NONE', #6081 ) ;
#3377 = DIRECTION ( 'NONE',  ( 0.000000000000000000, 1.000000000000000000, 5.528999126619305500E-16 ) ) ;
#3378 = ORIENTED_EDGE ( 'NONE', *, *, #1750, .F. ) ;
#3379 = VERTEX_POINT ( 'NONE', #7558 ) ;
#3380 = CARTESIAN_POINT ( 'NONE',  ( -36.22499999999999432, -11.77500000000000036, -29.49999999999997868 ) ) ;
#3381 = EDGE_CURVE ( 'NONE', #5851, #3253, #8883, .T. ) ;
#3382 = DIRECTION ( 'NONE',  ( 0.000000000000000000, -1.000000000000000000, 0.000000000000000000 ) ) ;
#3383 = EDGE_CURVE ( 'NONE', #1720, #3101, #2482, .T. ) ;
#3384 = CIRCLE ( 'NONE', #4146, 1.320799999999999974 ) ;
#3385 = DIRECTION ( 'NONE',  ( 1.000000000000000000, 0.000000000000000000, 0.000000000000000000 ) ) ;
#3386 = ORIENTED_EDGE ( 'NONE', *, *, #8387, .F. ) ;
#3387 = DIRECTION ( 'NONE',  ( 0.000000000000000000, 0.000000000000000000, 1.000000000000000000 ) ) ;
#3388 = CARTESIAN_POINT ( 'NONE',  ( -36.62499999999999289, 0.000000000000000000, 14.10000000000002274 ) ) ;
#3389 = VECTOR ( 'NONE', #9345, 1000.000000000000000 ) ;
#3390 = CARTESIAN_POINT ( 'NONE',  ( 36.22499999999999432, -1.819537539667371195, -7.701660122795333407 ) ) ;
#3391 = APPLICATION_PROTOCOL_DEFINITION ( 'draft international standard', 'automotive_design', 1998, #5082 ) ;
#3392 = EDGE_LOOP ( 'NONE', ( #4817, #3273, #7961, #1974, #3378 ) ) ;
#3393 = CARTESIAN_POINT ( 'NONE',  ( 9.596687352960589616E-19, 0.7620000000000000107, 0.4826000000000000290 ) ) ;
#3394 = ADVANCED_FACE ( 'NONE', ( #5359 ), #401, .T. ) ;
#3395 = ORIENTED_EDGE ( 'NONE', *, *, #8842, .T. ) ;
#3396 = PLANE ( 'NONE',  #8269 ) ;
#3397 = CARTESIAN_POINT ( 'NONE',  ( -26.83112039817155292, -10.26709744570285743, -29.42640826163751910 ) ) ;
#3398 = ADVANCED_FACE ( 'NONE', ( #3842 ), #4883, .T. ) ;
#3399 = CARTESIAN_POINT ( 'NONE',  ( -0.3047999999999999599, 4.317999999999999616, 0.4826000000000000290 ) ) ;
#3400 = ORIENTED_EDGE ( 'NONE', *, *, #7359, .F. ) ;
#3401 = DIRECTION ( 'NONE',  ( -0.000000000000000000, 1.000000000000000000, -0.000000000000000000 ) ) ;
#3402 = CARTESIAN_POINT ( 'NONE',  ( -39.35983003675661251, 0.000000000000000000, -21.78393290460574505 ) ) ;
#3403 = ORIENTED_EDGE ( 'NONE', *, *, #664, .T. ) ;
#3404 = VECTOR ( 'NONE', #5311, 1000.000000000000000 ) ;
#3405 = VECTOR ( 'NONE', #258, 1000.000000000000000 ) ;
#3406 = EDGE_CURVE ( 'NONE', #7386, #6715, #4795, .T. ) ;
#3407 = CARTESIAN_POINT ( 'NONE',  ( -0.3047999999999999599, 7.899400000000000865, 2.362200000000000077 ) ) ;
#3408 = DIRECTION ( 'NONE',  ( 0.000000000000000000, 0.000000000000000000, -1.000000000000000000 ) ) ;
#3409 = CARTESIAN_POINT ( 'NONE',  ( -38.72500000000000142, -11.77500000000000036, 12.70500000000002139 ) ) ;
#3410 = ADVANCED_FACE ( 'NONE', ( #6308 ), #6409, .T. ) ;
#3411 = AXIS2_PLACEMENT_3D ( 'NONE', #1451, #2254, #840 ) ;
#3412 = CARTESIAN_POINT ( 'NONE',  ( -24.22500000000000142, -11.77500000000000036, 34.47500000000000142 ) ) ;
#3413 = ORIENTED_EDGE ( 'NONE', *, *, #4086, .F. ) ;
#3414 = VECTOR ( 'NONE', #935, 1000.000000000000114 ) ;
#3415 = EDGE_LOOP ( 'NONE', ( #1621, #2171, #5916, #6560 ) ) ;
#3416 = LINE ( 'NONE', #3562, #4348 ) ;
#3417 = VECTOR ( 'NONE', #1799, 1000.000000000000000 ) ;
#3418 = B_SPLINE_CURVE_WITH_KNOTS ( 'NONE', 3,
 ( #3311, #9211, #6364, #4837, #7076, #8449, #4118, #5546, #1905, #1958, #9303, #2760, #6214, #4164, #7837, #7787, #2715, #8496 ),
 .UNSPECIFIED., .F., .F.,
 ( 4, 2, 2, 2, 2, 2, 2, 2, 4 ),
 ( 0.000000000000000000, 0.0005996163484686793405, 0.001199232696937358681, 0.001798849045406038238, 0.002398465393874717362, 0.002998081742343396486, 0.003597698090812076477, 0.004197314439280755601, 0.004796930787749433857 ),
 .UNSPECIFIED. ) ;
#3419 = CARTESIAN_POINT ( 'NONE',  ( -27.22499999999999787, -11.77500000000000036, 15.67499999999999361 ) ) ;
#3420 = CARTESIAN_POINT ( 'NONE',  ( -36.62500000000000000, 0.000000000000000000, 14.10000000000002274 ) ) ;
#3421 = ORIENTED_EDGE ( 'NONE', *, *, #5223, .T. ) ;
#3422 = DIRECTION ( 'NONE',  ( -0.000000000000000000, 1.000000000000000000, 0.000000000000000000 ) ) ;
#3423 = VECTOR ( 'NONE', #4862, 1000.000000000000114 ) ;
#3424 = CARTESIAN_POINT ( 'NONE',  ( -3.366374583178094682, 9.084819961172630798, -2.374900000000000233 ) ) ;
#3425 = VECTOR ( 'NONE', #1162, 1000.000000000000000 ) ;
#3426 = CARTESIAN_POINT ( 'NONE',  ( 36.62499999999999289, 0.000000000000000000, -30.89499999999997826 ) ) ;
#3427 = VECTOR ( 'NONE', #571, 1000.000000000000000 ) ;
#3428 = ORIENTED_EDGE ( 'NONE', *, *, #9102, .F. ) ;
#3429 = LINE ( 'NONE', #7805, #1742 ) ;
#3430 = ORIENTED_EDGE ( 'NONE', *, *, #1514, .F. ) ;
#3431 = ORIENTED_EDGE ( 'NONE', *, *, #4608, .T. ) ;
#3432 = CARTESIAN_POINT ( 'NONE',  ( -36.62500000000000000, -11.77500000000000036, -35.89999999999997016 ) ) ;
#3433 = AXIS2_PLACEMENT_3D ( 'NONE', #7796, #5612, #5562 ) ;
#3434 = VECTOR ( 'NONE', #6322, 1000.000000000000000 ) ;
#3435 = ORIENTED_EDGE ( 'NONE', *, *, #885, .T. ) ;
#3436 = ORIENTED_EDGE ( 'NONE', *, *, #2994, .F. ) ;
#3437 = CARTESIAN_POINT ( 'NONE',  ( 36.62499999999999289, 0.000000000000000000, -34.50499999999998124 ) ) ;
#3438 = CARTESIAN_POINT ( 'NONE',  ( 27.07124291334524813, -10.42170876108506761, 35.44291581442447381 ) ) ;
#3439 = AXIS2_PLACEMENT_3D ( 'NONE', #5745, #7274, #3689 ) ;
#3440 = CARTESIAN_POINT ( 'NONE',  ( -36.62499999999999289, 0.000000000000000000, 35.90000000000001990 ) ) ;
#3441 = PRODUCT ( '21700 battery holder v3', '21700 battery holder v3', '', ( #3498 ) ) ;
#3442 = VERTEX_POINT ( 'NONE', #4786 ) ;
#3443 = ORIENTED_EDGE ( 'NONE', *, *, #3578, .F. ) ;
#3444 = DIRECTION ( 'NONE',  ( -0.000000000000000000, 1.000000000000000000, -0.000000000000000000 ) ) ;
#3445 = EDGE_CURVE ( 'NONE', #514, #8172, #1256, .T. ) ;
#3446 = CARTESIAN_POINT ( 'NONE',  ( -39.35983003675661251, 0.000000000000000000, 25.59343290460574494 ) ) ;
#3447 = VECTOR ( 'NONE', #5983, 1000.000000000000000 ) ;
#3448 = LINE ( 'NONE', #7682, #3009 ) ;
#3449 = ITEM_DEFINED_TRANSFORMATION ( 'NONE', 'NONE', #4244,  #2439 ) ;
#3450 = ORIENTED_EDGE ( 'NONE', *, *, #1231, .F. ) ;
#3451 = LINE ( 'NONE', #6355, #5978 ) ;
#3452 = LINE ( 'NONE', #1252, #7970 ) ;
#3453 = CARTESIAN_POINT ( 'NONE',  ( -24.42795617425250398, -9.659192512834597011, -27.92499999999999361 ) ) ;
#3454 = CARTESIAN_POINT ( 'NONE',  ( 5.421010862427519705E-17, 0.7620000000000000107, -0.01019107390356895938 ) ) ;
#3455 = AXIS2_PLACEMENT_3D ( 'NONE', #6410, #7695, #9305 ) ;
#3456 = VECTOR ( 'NONE', #6506, 1000.000000000000000 ) ;
#3457 = EDGE_LOOP ( 'NONE', ( #6368, #9109, #1201, #6408 ) ) ;
#3458 = EDGE_CURVE ( 'NONE', #3274, #9092, #2005, .T. ) ;
#3459 = ADVANCED_FACE ( 'NONE', ( #7694 ), #9261, .F. ) ;
#3460 = CARTESIAN_POINT ( 'NONE',  ( 35.22500000000000142, 0.000000000000000000, -35.89999999999997016 ) ) ;
#3461 = EDGE_CURVE ( 'NONE', #6837, #2957, #4021, .T. ) ;
#3462 = FACE_OUTER_BOUND ( 'NONE', #1438, .T. ) ;
#3463 = EDGE_LOOP ( 'NONE', ( #7184, #4649, #2182, #810, #9003 ) ) ;
#3464 = AXIS2_PLACEMENT_3D ( 'NONE', #8268, #6985, #1122 ) ;
#3465 = CARTESIAN_POINT ( 'NONE',  ( 1.676221390983784943E-17, 13.30959999999999965, -2.374900000000000233 ) ) ;
#3466 = LINE ( 'NONE', #2110, #5156 ) ;
#3467 = DIRECTION ( 'NONE',  ( 1.000000000000000000, 0.000000000000000000, 0.000000000000000000 ) ) ;
#3468 = VECTOR ( 'NONE', #8394, 1000.000000000000000 ) ;
#3469 = DIRECTION ( 'NONE',  ( -0.1391731009600670199, 0.9902680687415701399, 0.000000000000000000 ) ) ;
#3470 = ORIENTED_EDGE ( 'NONE', *, *, #4045, .F. ) ;
#3471 = EDGE_CURVE ( 'NONE', #783, #2631, #6260, .T. ) ;
#3472 = VERTEX_POINT ( 'NONE', #4928 ) ;
#3473 = CARTESIAN_POINT ( 'NONE',  ( 26.49306973311140112, -10.10316865628966632, 28.95190132175604347 ) ) ;
#3474 = CARTESIAN_POINT ( 'NONE',  ( 36.22499999999999432, -1.779691693111580930, 14.10000000000002274 ) ) ;
#3475 = EDGE_CURVE ( 'NONE', #1838, #9214, #3418, .T. ) ;
#3476 = DIRECTION ( 'NONE',  ( -1.000000000000000000, 0.000000000000000000, 0.000000000000000000 ) ) ;
#3477 = ORIENTED_EDGE ( 'NONE', *, *, #5593, .T. ) ;
#3478 = AXIS2_PLACEMENT_3D ( 'NONE', #6380, #8656, #9274 ) ;
#3479 = LINE ( 'NONE', #7802, #7236 ) ;
#3480 = CONICAL_SURFACE ( 'NONE', #5430, 3.834499999999997577, 0.7853981633973854404 ) ;
#3481 = CARTESIAN_POINT ( 'NONE',  ( 35.81192570931450803, -1.199999999999999734, -14.09999999999997655 ) ) ;
#3482 = DIRECTION ( 'NONE',  ( -0.000000000000000000, 1.000000000000000000, -0.000000000000000000 ) ) ;
#3483 = ORIENTED_EDGE ( 'NONE', *, *, #141, .T. ) ;
#3484 = VERTEX_POINT ( 'NONE', #4882 ) ;
#3485 = CARTESIAN_POINT ( 'NONE',  ( 25.74643293631219620, -9.850655169012775048, -37.06801947369222461 ) ) ;
#3486 = FACE_OUTER_BOUND ( 'NONE', #9343, .T. ) ;
#3487 = ORIENTED_EDGE ( 'NONE', *, *, #1332, .T. ) ;
#3488 = ORIENTED_EDGE ( 'NONE', *, *, #8358, .T. ) ;
#3489 = DIRECTION ( 'NONE',  ( -1.000000000000000000, -0.000000000000000000, -0.000000000000000000 ) ) ;
#3490 = CARTESIAN_POINT ( 'NONE',  ( 39.35983003675661251, 0.000000000000000000, 25.61843290460573996 ) ) ;
#3491 = EDGE_CURVE ( 'NONE', #1981, #3517, #7885, .T. ) ;
#3492 = CARTESIAN_POINT ( 'NONE',  ( 36.62500000000000000, -11.77500000000000036, -14.09999999999997655 ) ) ;
#3493 = ORIENTED_EDGE ( 'NONE', *, *, #6638, .F. ) ;
#3494 = VERTEX_POINT ( 'NONE', #7026 ) ;
#3495 = CARTESIAN_POINT ( 'NONE',  ( -36.62500000000000000, 0.000000000000000000, -35.89999999999997016 ) ) ;
#3496 = CARTESIAN_POINT ( 'NONE',  ( -3.022599999999999731, 11.20139999999999958, 4.789387001412979572 ) ) ;
#3497 = CARTESIAN_POINT ( 'NONE',  ( -0.3047999999999999599, 7.899400000000000865, 3.174999999999999822 ) ) ;
#3498 = PRODUCT_CONTEXT ( 'NONE', #4671, 'mechanical' ) ;
#3499 = ORIENTED_EDGE ( 'NONE', *, *, #5338, .T. ) ;
#3500 = CARTESIAN_POINT ( 'NONE',  ( -24.22500000000000142, -11.77500000000000036, 6.125000000000008882 ) ) ;
#3501 = LINE ( 'NONE', #4440, #3136 ) ;
#3502 = EDGE_CURVE ( 'NONE', #58, #8066, #7129, .T. ) ;
#3503 = CARTESIAN_POINT ( 'NONE',  ( -25.74643293631219976, -9.850655169012771495, -28.33198052630777397 ) ) ;
#3504 = CARTESIAN_POINT ( 'NONE',  ( 36.62499999999999289, -11.77500000000000036, 9.095000000000020179 ) ) ;
#3505 = ORIENTED_EDGE ( 'NONE', *, *, #1104, .F. ) ;
#3506 = CARTESIAN_POINT ( 'NONE',  ( -36.62500000000000000, 0.000000000000000000, 29.50000000000002132 ) ) ;
#3507 = DIRECTION ( 'NONE',  ( 0.03489949670250104552, 0.9993908270190956511, -0.000000000000000000 ) ) ;
#3508 = ORIENTED_EDGE ( 'NONE', *, *, #1459, .T. ) ;
#3509 = CARTESIAN_POINT ( 'NONE',  ( -36.22499999999999432, -11.77500000000000036, -29.49999999999997868 ) ) ;
#3510 = LINE ( 'NONE', #3407, #7686 ) ;
#3511 = ADVANCED_FACE ( 'NONE', ( #5689 ), #541, .T. ) ;
#3512 = LINE ( 'NONE', #1964, #7109 ) ;
#3513 = EDGE_CURVE ( 'NONE', #7377, #3739, #2543, .T. ) ;
#3514 = CARTESIAN_POINT ( 'NONE',  ( 9.596687352960589616E-19, 0.7620000000000000107, 0.01270000000000014173 ) ) ;
#3515 = CARTESIAN_POINT ( 'NONE',  ( 38.72500000000000142, -6.275000000000001243, 34.20000000000000284 ) ) ;
#3516 = VERTEX_POINT ( 'NONE', #495 ) ;
#3517 = VERTEX_POINT ( 'NONE', #9157 ) ;
#3518 = EDGE_LOOP ( 'NONE', ( #3810, #5336, #4581, #7602 ) ) ;
#3519 = FACE_OUTER_BOUND ( 'NONE', #8827, .T. ) ;
#3520 = DIRECTION ( 'NONE',  ( 1.000000000000000000, -0.000000000000000000, -0.000000000000000000 ) ) ;
#3521 = FACE_OUTER_BOUND ( 'NONE', #6112, .T. ) ;
#3522 = EDGE_LOOP ( 'NONE', ( #1765, #5730, #7301, #2670 ) ) ;
#3523 = CARTESIAN_POINT ( 'NONE',  ( 35.22500000000000142, -2.199999999999999734, 35.90000000000001990 ) ) ;
#3524 = CARTESIAN_POINT ( 'NONE',  ( -36.22499999999999432, -11.77500000000000036, 14.10000000000002274 ) ) ;
#3525 = EDGE_CURVE ( 'NONE', #848, #1812, #3356, .T. ) ;
#3526 = PRODUCT_DEFINITION_SHAPE ( 'NONE', 'NONE',  #9366 ) ;
#3527 = CARTESIAN_POINT ( 'NONE',  ( 26.83130611590349801, -10.26722200603487423, 14.17316733070443391 ) ) ;
#3528 = ADVANCED_FACE ( 'NONE', ( #1575 ), #8642, .F. ) ;
#3529 = LINE ( 'NONE', #6618, #5510 ) ;
#3530 = ORIENTED_EDGE ( 'NONE', *, *, #7131, .T. ) ;
#3531 = CARTESIAN_POINT ( 'NONE',  ( 26.22150987399926692, -9.997091699051170011, -36.72248905033317357 ) ) ;
#3532 = ORIENTED_EDGE ( 'NONE', *, *, #5325, .T. ) ;
#3533 = ORIENTED_EDGE ( 'NONE', *, *, #1904, .F. ) ;
#3534 = PLANE ( 'NONE',  #720 ) ;
#3535 = CARTESIAN_POINT ( 'NONE',  ( 26.92214126508580918, -10.32024456652248823, 35.80292648205853112 ) ) ;
#3536 = LINE ( 'NONE', #4912, #4532 ) ;
#3537 = VERTEX_POINT ( 'NONE', #7973 ) ;
#3538 = ORIENTED_EDGE ( 'NONE', *, *, #7766, .T. ) ;
#3539 = DIRECTION ( 'NONE',  ( 1.000000000000000000, -0.000000000000000000, -0.000000000000000000 ) ) ;
#3540 = B_SPLINE_CURVE_WITH_KNOTS ( 'NONE', 3,
 ( #1012, #5352, #9187, #1065 ),
 .UNSPECIFIED., .F., .F.,
 ( 4, 4 ),
 ( 0.000000000000000000, 1.000000000000000000 ),
 .UNSPECIFIED. ) ;
#3541 = CARTESIAN_POINT ( 'NONE',  ( 27.22499999999999787, -11.77500000000000036, -9.125000000000008882 ) ) ;
#3542 = PLANE ( 'NONE',  #8095 ) ;
#3543 = ITEM_DEFINED_TRANSFORMATION ( 'NONE', 'NONE', #3325,  #2439 ) ;
#3544 = EDGE_LOOP ( 'NONE', ( #6484, #4891, #9103, #928 ) ) ;
#3545 = LINE ( 'NONE', #2935, #858 ) ;
#3546 = VECTOR ( 'NONE', #1996, 1000.000000000000000 ) ;
#3547 = CARTESIAN_POINT ( 'NONE',  ( -26.83112039817155292, -10.26709744570285565, -7.626408261637533492 ) ) ;
#3548 = CARTESIAN_POINT ( 'NONE',  ( 35.22500000000000142, -6.275000000000001243, -31.19999999999999929 ) ) ;
#3549 = DIRECTION ( 'NONE',  ( 0.000000000000000000, 0.000000000000000000, -1.000000000000000000 ) ) ;
#3550 = ORIENTED_EDGE ( 'NONE', *, *, #7717, .F. ) ;
#3551 = VECTOR ( 'NONE', #7992, 1000.000000000000000 ) ;
#3552 = CARTESIAN_POINT ( 'NONE',  ( 38.72500000000000142, -6.275000000000000355, -12.40000000000000391 ) ) ;
#3553 = EDGE_CURVE ( 'NONE', #7948, #3969, #7175, .T. ) ;
#3554 = LINE ( 'NONE', #7788, #3913 ) ;
#3555 = ORIENTED_EDGE ( 'NONE', *, *, #7016, .T. ) ;
#3556 = LINE ( 'NONE', #1578, #4161 ) ;
#3557 = CARTESIAN_POINT ( 'NONE',  ( -35.72499999999999432, -1.199999999999999734, -14.09667975440931009 ) ) ;
#3558 = DIRECTION ( 'NONE',  ( -0.000000000000000000, -1.000000000000000000, 0.000000000000000000 ) ) ;
#3559 = CLOSED_SHELL ( 'NONE', ( #2040, #7933, #2120, #7115, #1808, #988, #4478, #2273, #4206, #1156, #8235, #6193, #5768, #240, #3944, #7950, #2697, #364, #1044, #8377, #6011, #6679, #9090, #5728, #3394, #4913, #1528, #7263, #5436, #4223, #2590, #8722, #4799, #5878, #7689, #6126, #594, #4975, #3119, #4783, #4163, #926, #406, #8853, #8456, #4594, #5560, #6725, #5375, #1564, #2073, #1057, #2156, #2579, #1725, #13, #5822, #3170, #6438, #2335, #2102, #1238, #5833, #106, #4006, #627, #9153, #4733, #6296, #3459, #7430, #1553, #4993, #2885, #9316, #2773, #5788, #121, #5331, #5564, #4135, #1343, #7072, #2143, #1619, #5151, #7776, #5655, #6604, #5210, #4719, #3217, #4408, #4655, #1607, #4889, #6143, #5744, #6231, #2029, #3790, #2220, #7814, #8911, #5548, #3695, #2774, #5199, #5837, #8065, #423, #7701, #498, #5136, #5155, #4100, #4900, #3813, #6060, #1965, #7449, #862, #1679, #7066, #28, #6890, #3965, #3061, #1802, #444, #5166, #2456, #8697, #8056, #3290, #751, #1329, #2591, #3319, #5940, #1736, #502, #9344, #1859, #3184, #1055, #5656, #8386, #4740, #7529, #706, #7753, #1274, #3869, #8198, #4562, #2179, #4903, #2443, #2540, #2214, #9257, #178, #8398, #8694, #2599, #1695, #6767, #3109, #6230, #4326, #7068, #7340, #1262, #2552, #3750, #3598, #4768, #1356, #6069, #2951, #1982, #6082, #5484, #1120, #4399, #4492, #2491, #6480, #6295, #8238, #4250, #9021, #4219, #2825, #3582, #1202, #4404, #3220, #5208, #3511, #6466, #8276, #4448, #7924, #9049, #2032, #1689, #4064, #9022, #6750, #838, #1903, #3410 ) ) ;
#3560 = CARTESIAN_POINT ( 'NONE',  ( 36.62500000000000000, -11.77500000000000036, 29.50000000000002132 ) ) ;
#3561 = CARTESIAN_POINT ( 'NONE',  ( -24.22500000000000142, -11.77500000000000036, 37.47500000000000142 ) ) ;
#3562 = CARTESIAN_POINT ( 'NONE',  ( 36.22500000000000142, -2.199999999999999734, -31.19999999999999574 ) ) ;
#3563 = EDGE_CURVE ( 'NONE', #3494, #9214, #791, .T. ) ;
#3564 = EDGE_CURVE ( 'NONE', #48, #7610, #7926, .T. ) ;
#3565 = VECTOR ( 'NONE', #6789, 1000.000000000000000 ) ;
#3566 = FACE_OUTER_BOUND ( 'NONE', #6566, .T. ) ;
#3567 = VECTOR ( 'NONE', #3982, 1000.000000000000000 ) ;
#3568 = DIRECTION ( 'NONE',  ( 0.03489949670250104552, 0.9993908270190956511, 0.000000000000000000 ) ) ;
#3569 = ORIENTED_EDGE ( 'NONE', *, *, #781, .T. ) ;
#3570 = FACE_OUTER_BOUND ( 'NONE', #3457, .T. ) ;
#3571 = DIRECTION ( 'NONE',  ( -0.9902680687415701399, -0.1391731009600670199, 0.000000000000000000 ) ) ;
#3572 = PLANE ( 'NONE',  #8167 ) ;
#3573 = AXIS2_PLACEMENT_3D ( 'NONE', #2281, #4531, #7446 ) ;
#3574 = DIRECTION ( 'NONE',  ( 0.000000000000000000, 0.000000000000000000, -1.000000000000000000 ) ) ;
#3575 = ORIENTED_EDGE ( 'NONE', *, *, #224, .F. ) ;
#3576 = ORIENTED_EDGE ( 'NONE', *, *, #3748, .F. ) ;
#3577 = LINE ( 'NONE', #5576, #1622 ) ;
#3578 = EDGE_CURVE ( 'NONE', #5901, #1137, #7221, .T. ) ;
#3579 = EDGE_CURVE ( 'NONE', #5708, #5506, #4310, .T. ) ;
#3580 = EDGE_LOOP ( 'NONE', ( #1035, #1051, #3928, #1842, #6588, #1817, #3505, #717, #5098, #1701, #2170, #1415, #2876, #5801, #7354, #3158, #1589, #3231, #2324, #765, #3111, #7246, #4386, #5267, #8089, #6694, #2415, #958 ) ) ;
#3581 = AXIS2_PLACEMENT_3D ( 'NONE', #7003, #668, #3377 ) ;
#3582 = ADVANCED_FACE ( 'NONE', ( #68 ), #6510, .T. ) ;
#3583 = AXIS2_PLACEMENT_3D ( 'NONE', #3084, #36, #5128 ) ;
#3584 = VERTEX_POINT ( 'NONE', #9353 ) ;
#3585 = CARTESIAN_POINT ( 'NONE',  ( 36.22500000000000142, -2.199999999999999734, 31.19999999999999574 ) ) ;
#3586 = VECTOR ( 'NONE', #6331, 1000.000000000000000 ) ;
#3587 = PLANE ( 'NONE',  #8588 ) ;
#3588 = DIRECTION ( 'NONE',  ( -0.000000000000000000, 1.000000000000000000, 0.000000000000000000 ) ) ;
#3589 = VECTOR ( 'NONE', #2345, 1000.000000000000000 ) ;
#3590 = CIRCLE ( 'NONE', #1776, 3.809500000000000330 ) ;
#3591 = ORIENTED_EDGE ( 'NONE', *, *, #14, .T. ) ;
#3592 = ORIENTED_EDGE ( 'NONE', *, *, #8445, .F. ) ;
#3593 = EDGE_LOOP ( 'NONE', ( #1870, #6226, #1933, #8670 ) ) ;
#3594 = CARTESIAN_POINT ( 'NONE',  ( -38.72500000000000142, -11.77500000000000036, 0.000000000000000000 ) ) ;
#3595 = EDGE_CURVE ( 'NONE', #7163, #7196, #871, .T. ) ;
#3596 = CARTESIAN_POINT ( 'NONE',  ( -0.3047999999999999599, 3.048000000000000043, -0.01019107390356823947 ) ) ;
#3597 = ORIENTED_EDGE ( 'NONE', *, *, #3975, .F. ) ;
#3598 = ADVANCED_FACE ( 'NONE', ( #6642 ), #8728, .T. ) ;
#3599 = VECTOR ( 'NONE', #2141, 1000.000000000000000 ) ;
#3600 = DIRECTION ( 'NONE',  ( 0.000000000000000000, 0.000000000000000000, 1.000000000000000000 ) ) ;
#3601 = LINE ( 'NONE', #785, #8753 ) ;
#3602 = CARTESIAN_POINT ( 'NONE',  ( -36.62500000000000000, 0.000000000000000000, 29.50000000000002132 ) ) ;
#3603 = CARTESIAN_POINT ( 'NONE',  ( 39.35983003675661251, 0.000000000000000000, 21.78393290460574505 ) ) ;
#3604 = ORIENTED_EDGE ( 'NONE', *, *, #6526, .T. ) ;
#3605 = CONICAL_SURFACE ( 'NONE', #1198, 3.834499999999997577, 0.7853981633973854404 ) ;
#3606 = DIRECTION ( 'NONE',  ( 0.000000000000000000, -2.891205793294672410E-16, 1.000000000000000000 ) ) ;
#3607 = DIRECTION ( 'NONE',  ( -1.000000000000000000, -0.000000000000000000, -0.000000000000000000 ) ) ;
#3608 = ORIENTED_EDGE ( 'NONE', *, *, #8647, .F. ) ;
#3609 = DIRECTION ( 'NONE',  ( 0.000000000000000000, 0.000000000000000000, -1.000000000000000000 ) ) ;
#3610 = CARTESIAN_POINT ( 'NONE',  ( -0.3047999999999999599, 6.324599999999999334, 2.362200000000000077 ) ) ;
#3611 = AXIS2_PLACEMENT_3D ( 'NONE', #5789, #70, #5215 ) ;
#3612 = CARTESIAN_POINT ( 'NONE',  ( 0.3047901690410599884, 1.493496405698544249, 0.3651249999999999774 ) ) ;
#3613 = CARTESIAN_POINT ( 'NONE',  ( -35.22500000000000142, 0.000000000000000000, 7.700000000000022382 ) ) ;
#3614 = ORIENTED_EDGE ( 'NONE', *, *, #5544, .T. ) ;
#3615 = DIRECTION ( 'NONE',  ( -1.000000000000000000, 0.000000000000000000, -0.000000000000000000 ) ) ;
#3616 = LINE ( 'NONE', #3702, #3893 ) ;
#3617 = AXIS2_PLACEMENT_3D ( 'NONE', #3954, #1180, #1928 ) ;
#3618 = CARTESIAN_POINT ( 'NONE',  ( -0.3047999999999999599, 12.19235930419984015, 3.174999999999999822 ) ) ;
#3619 = CARTESIAN_POINT ( 'NONE',  ( 24.22499999999999787, -11.77500000000000036, -6.125000000000008882 ) ) ;
#3620 = EDGE_LOOP ( 'NONE', ( #3538, #8730 ) ) ;
#3621 = LINE ( 'NONE', #5090, #2671 ) ;
#3622 = CYLINDRICAL_SURFACE ( 'NONE', #8893, 2.999999999999999112 ) ;
#3623 = CARTESIAN_POINT ( 'NONE',  ( 35.89375400881141331, -1.221469808393103262, -14.09999999999997833 ) ) ;
#3624 = EDGE_CURVE ( 'NONE', #6202, #3379, #163, .T. ) ;
#3625 = AXIS2_PLACEMENT_3D ( 'NONE', #5607, #9310, #7182 ) ;
#3626 = CARTESIAN_POINT ( 'NONE',  ( 38.72500000000000142, -6.275000000000001243, 12.40000000000000213 ) ) ;
#3627 = ORIENTED_EDGE ( 'NONE', *, *, #4851, .F. ) ;
#3628 = ORIENTED_EDGE ( 'NONE', *, *, #4744, .T. ) ;
#3629 = CARTESIAN_POINT ( 'NONE',  ( -3.567883199794724902, 11.52680932995479779, 2.374900000000000233 ) ) ;
#3630 = ORIENTED_EDGE ( 'NONE', *, *, #9091, .F. ) ;
#3631 = VECTOR ( 'NONE', #6151, 1000.000000000000000 ) ;
#3632 = ORIENTED_EDGE ( 'NONE', *, *, #4620, .F. ) ;
#3633 = LINE ( 'NONE', #2788, #560 ) ;
#3634 = DIRECTION ( 'NONE',  ( 1.000000000000000000, 0.000000000000000000, 0.000000000000000000 ) ) ;
#3635 = EDGE_CURVE ( 'NONE', #9009, #855, #2334, .T. ) ;
#3636 = ADVANCED_FACE ( 'NONE', ( #1402 ), #2192, .T. ) ;
#3637 = DIRECTION ( 'NONE',  ( 0.000000000000000000, 0.000000000000000000, 1.000000000000000000 ) ) ;
#3638 = VECTOR ( 'NONE', #4089, 1000.000000000000000 ) ;
#3639 = ORIENTED_EDGE ( 'NONE', *, *, #7267, .F. ) ;
#3640 = DIRECTION ( 'NONE',  ( 0.000000000000000000, 0.000000000000000000, 1.000000000000000000 ) ) ;
#3641 = CARTESIAN_POINT ( 'NONE',  ( 43.16933003675661240, -1.399999999999999689, 21.78393290460574505 ) ) ;
#3642 = EDGE_LOOP ( 'NONE', ( #7835, #550, #5286, #9096 ) ) ;
#3643 = LINE ( 'NONE', #6403, #6281 ) ;
#3644 = DIRECTION ( 'NONE',  ( -1.084202172485504631E-15, 0.000000000000000000, 1.000000000000000000 ) ) ;
#3645 = PLANE ( 'NONE',  #8773 ) ;
#3646 = EDGE_CURVE ( 'NONE', #5675, #4420, #1488, .T. ) ;
#3647 = LINE ( 'NONE', #66, #2880 ) ;
#3648 = B_SPLINE_CURVE_WITH_KNOTS ( 'NONE', 3,
 ( #8988, #2539, #8187, #3855 ),
 .UNSPECIFIED., .F., .F.,
 ( 4, 4 ),
 ( 0.000000000000000000, 1.000000000000000000 ),
 .UNSPECIFIED. ) ;
#3649 = VERTEX_POINT ( 'NONE', #2856 ) ;
#3650 = EDGE_CURVE ( 'NONE', #1720, #9302, #6635, .T. ) ;
#3651 = DIRECTION ( 'NONE',  ( 1.000000000000000000, 0.000000000000000000, 0.000000000000000000 ) ) ;
#3652 = DIRECTION ( 'NONE',  ( 1.000000000000000000, -0.000000000000000000, 0.000000000000000000 ) ) ;
#3653 = ORIENTED_EDGE ( 'NONE', *, *, #3346, .T. ) ;
#3654 = CARTESIAN_POINT ( 'NONE',  ( 36.22500000000000142, -2.199999999999999734, -29.50000000000002132 ) ) ;
#3655 = CARTESIAN_POINT ( 'NONE',  ( -27.12874297933606726, -10.46984523231758679, 8.346280424058715397 ) ) ;
#3656 = LINE ( 'NONE', #5177, #7866 ) ;
#3657 = CARTESIAN_POINT ( 'NONE',  ( 26.07125110576854610, -9.945416374412042515, 6.752266339200483358 ) ) ;
#3658 = ORIENTED_EDGE ( 'NONE', *, *, #7317, .F. ) ;
#3659 = DIRECTION ( 'NONE',  ( -0.000000000000000000, 1.000000000000000000, -0.000000000000000000 ) ) ;
#3660 = DIRECTION ( 'NONE',  ( 0.000000000000000000, 0.000000000000000000, -1.000000000000000000 ) ) ;
#3661 = LINE ( 'NONE', #3091, #2109 ) ;
#3662 = CARTESIAN_POINT ( 'NONE',  ( -35.22500000000000142, 0.000000000000000000, 0.000000000000000000 ) ) ;
#3663 = ORIENTED_EDGE ( 'NONE', *, *, #8681, .F. ) ;
#3664 = DIRECTION ( 'NONE',  ( 0.000000000000000000, 0.000000000000000000, 1.000000000000000000 ) ) ;
#3665 = CARTESIAN_POINT ( 'NONE',  ( -36.22499999999999432, -11.77500000000000036, -14.09999999999997655 ) ) ;
#3666 = CARTESIAN_POINT ( 'NONE',  ( -26.07349211351372986, -9.946160579764853793, -36.84594497867068696 ) ) ;
#3667 =( REPRESENTATION_RELATIONSHIP ('NONE','NONE', #5123, #7375 ) REPRESENTATION_RELATIONSHIP_WITH_TRANSFORMATION ( #1997 )SHAPE_REPRESENTATION_RELATIONSHIP( ) );
#3668 = CARTESIAN_POINT ( 'NONE',  ( -39.35983003675661251, 0.000000000000000000, 25.61843290460573996 ) ) ;
#3669 = ORIENTED_EDGE ( 'NONE', *, *, #8224, .T. ) ;
#3670 = VERTEX_POINT ( 'NONE', #8024 ) ;
#3671 = LINE ( 'NONE', #2219, #7390 ) ;
#3672 = PRODUCT_DEFINITION_CONTEXT ( 'detailed design', #5082, 'design' ) ;
#3673 = EDGE_CURVE ( 'NONE', #2145, #4252, #615, .T. ) ;
#3674 = VERTEX_POINT ( 'NONE', #1536 ) ;
#3675 = ORIENTED_EDGE ( 'NONE', *, *, #6581, .F. ) ;
#3676 = DIRECTION ( 'NONE',  ( 1.000000000000000000, 0.000000000000000000, 0.000000000000000000 ) ) ;
#3677 = DIRECTION ( 'NONE',  ( 1.000000000000000000, 0.000000000000000000, 0.000000000000000000 ) ) ;
#3678 = FACE_OUTER_BOUND ( 'NONE', #7826, .T. ) ;
#3679 = ORIENTED_EDGE ( 'NONE', *, *, #9106, .F. ) ;
#3680 = DIRECTION ( 'NONE',  ( 0.000000000000000000, 1.000000000000000000, 0.000000000000000000 ) ) ;
#3681 = EDGE_CURVE ( 'NONE', #6212, #9291, #110, .T. ) ;
#3682 = EDGE_CURVE ( 'NONE', #813, #3349, #1008, .T. ) ;
#3683 = ORIENTED_EDGE ( 'NONE', *, *, #6946, .F. ) ;
#3684 = PLANE ( 'NONE',  #8109 ) ;
#3685 = CARTESIAN_POINT ( 'NONE',  ( -3.022599999999999731, 11.20139999999999958, 2.374900000000000233 ) ) ;
#3686 = CARTESIAN_POINT ( 'NONE',  ( -24.22500000000000142, -11.77500000000000036, -30.92499999999999716 ) ) ;
#3687 = EDGE_LOOP ( 'NONE', ( #5636, #3435, #1878, #3879 ) ) ;
#3688 = ORIENTED_EDGE ( 'NONE', *, *, #7251, .F. ) ;
#3689 = DIRECTION ( 'NONE',  ( 0.000000000000000000, 0.000000000000000000, 1.000000000000000000 ) ) ;
#3690 = EDGE_CURVE ( 'NONE', #144, #1089, #8761, .T. ) ;
#3691 = ADVANCED_FACE ( 'NONE', ( #3787 ), #6690, .F. ) ;
#3692 = LINE ( 'NONE', #6594, #5278 ) ;
#3693 = ORIENTED_EDGE ( 'NONE', *, *, #5325, .F. ) ;
#3694 = CARTESIAN_POINT ( 'NONE',  ( -36.62500000000000000, 0.000000000000000000, -35.89999999999997016 ) ) ;
#3695 = ADVANCED_FACE ( 'NONE', ( #8300 ), #389, .T. ) ;
#3696 = CARTESIAN_POINT ( 'NONE',  ( -3.366374583178094682, 9.084819961172630798, 3.174999999999999822 ) ) ;
#3697 = CARTESIAN_POINT ( 'NONE',  ( 0.3047901690410599884, 1.493496405698544249, 0.05185833333333360329 ) ) ;
#3698 = CARTESIAN_POINT ( 'NONE',  ( 25.01724498359139659, -9.707919402531919317, 6.224653052064230252 ) ) ;
#3699 = AXIS2_PLACEMENT_3D ( 'NONE', #2025, #9323, #7194 ) ;
#3700 = VERTEX_POINT ( 'NONE', #2428 ) ;
#3701 = DIRECTION ( 'NONE',  ( 0.000000000000000000, 0.000000000000000000, 1.000000000000000000 ) ) ;
#3702 = CARTESIAN_POINT ( 'NONE',  ( -35.22500000000000142, -11.77500000000000036, 35.90000000000001990 ) ) ;
#3703 = ADVANCED_FACE ( 'NONE', ( #6731 ), #964, .F. ) ;
#3704 = CARTESIAN_POINT ( 'NONE',  ( -36.22500000000000142, -2.199999999999999734, -35.90000000000001990 ) ) ;
#3705 = AXIS2_PLACEMENT_3D ( 'NONE', #7470, #2445, #8178 ) ;
#3706 = DIRECTION ( 'NONE',  ( -0.000000000000000000, 1.000000000000000000, -0.000000000000000000 ) ) ;
#3707 = ORIENTED_EDGE ( 'NONE', *, *, #3877, .T. ) ;
#3708 = LINE ( 'NONE', #1640, #4788 ) ;
#3709 = EDGE_CURVE ( 'NONE', #4573, #2881, #5966, .T. ) ;
#3710 = CARTESIAN_POINT ( 'NONE',  ( 35.22500000000000142, 7.223861876568090346E-23, -21.92500000000000071 ) ) ;
#3711 = CARTESIAN_POINT ( 'NONE',  ( -26.22190223355801209, -9.997230042551066731, -36.72214898375487735 ) ) ;
#3712 = CARTESIAN_POINT ( 'NONE',  ( 38.31380793923467110, 0.000000000000000000, 0.000000000000000000 ) ) ;
#3713 = ORIENTED_EDGE ( 'NONE', *, *, #343, .F. ) ;
#3714 = ORIENTED_EDGE ( 'NONE', *, *, #8621, .T. ) ;
#3715 = CARTESIAN_POINT ( 'NONE',  ( -36.22499999999999432, -11.77500000000000036, 35.90000000000001990 ) ) ;
#3716 = CARTESIAN_POINT ( 'NONE',  ( 36.22499999999999432, -1.700000000000000178, -7.701660122795333407 ) ) ;
#3717 = ORIENTED_EDGE ( 'NONE', *, *, #8402, .T. ) ;
#3718 = ORIENTED_EDGE ( 'NONE', *, *, #4868, .T. ) ;
#3719 = CARTESIAN_POINT ( 'NONE',  ( 36.62499999999999289, -11.77500000000000036, 14.10000000000002274 ) ) ;
#3720 = VECTOR ( 'NONE', #3363, 1000.000000000000114 ) ;
#3721 = CARTESIAN_POINT ( 'NONE',  ( -35.22500000000000142, -1.439075079334741991, -14.09833987720466553 ) ) ;
#3722 = VECTOR ( 'NONE', #1382, 1000.000000000000000 ) ;
#3723 = VECTOR ( 'NONE', #4056, 1000.000000000000000 ) ;
#3724 = AXIS2_PLACEMENT_3D ( 'NONE', #6087, #8982, #3225 ) ;
#3725 = DIRECTION ( 'NONE',  ( 0.000000000000000000, 0.000000000000000000, -1.000000000000000000 ) ) ;
#3726 = CARTESIAN_POINT ( 'NONE',  ( 7.965250502957290652E-18, 6.324599999999999334, 2.362200000000000077 ) ) ;
#3727 = ORIENTED_EDGE ( 'NONE', *, *, #2391, .F. ) ;
#3728 = CARTESIAN_POINT ( 'NONE',  ( -27.22499999999999787, -11.77500000000000036, 37.47500000000000142 ) ) ;
#3729 = VECTOR ( 'NONE', #7114, 1000.000000000000000 ) ;
#3730 = VECTOR ( 'NONE', #8568, 1000.000000000000000 ) ;
#3731 = ORIENTED_EDGE ( 'NONE', *, *, #4694, .T. ) ;
#3732 = PLANE ( 'NONE',  #8736 ) ;
#3733 = DIRECTION ( 'NONE',  ( 0.000000000000000000, -1.000000000000000000, 0.000000000000000000 ) ) ;
#3734 = CIRCLE ( 'NONE', #275, 1.099999999999996758 ) ;
#3735 = AXIS2_PLACEMENT_3D ( 'NONE', #796, #3042, #5176 ) ;
#3736 = DIRECTION ( 'NONE',  ( -1.000000000000000000, 0.000000000000000000, -6.938893903907232322E-16 ) ) ;
#3737 = EDGE_CURVE ( 'NONE', #8810, #4026, #6931, .T. ) ;
#3738 = VERTEX_POINT ( 'NONE', #3880 ) ;
#3739 = VERTEX_POINT ( 'NONE', #3967 ) ;
#3740 = CARTESIAN_POINT ( 'NONE',  ( -36.22499999999999432, -11.77499999999999858, 31.19999999999999218 ) ) ;
#3741 = VECTOR ( 'NONE', #3989, 1000.000000000000000 ) ;
#3742 = FACE_OUTER_BOUND ( 'NONE', #472, .T. ) ;
#3743 = ORIENTED_EDGE ( 'NONE', *, *, #224, .T. ) ;
#3744 = CARTESIAN_POINT ( 'NONE',  ( -27.22499999999999787, -9.659192512834604116, 9.125000000000008882 ) ) ;
#3745 = FACE_OUTER_BOUND ( 'NONE', #400, .T. ) ;
#3746 = CARTESIAN_POINT ( 'NONE',  ( 36.62499999999999289, -11.77500000000000036, 12.70500000000002139 ) ) ;
#3747 = CARTESIAN_POINT ( 'NONE',  ( 26.07349211351372986, -9.946160579764853793, -28.55405502132930451 ) ) ;
#3748 = EDGE_CURVE ( 'NONE', #5920, #4370, #8248, .T. ) ;
#3749 = AXIS2_PLACEMENT_3D ( 'NONE', #1946, #2645, #7731 ) ;
#3750 = ADVANCED_FACE ( 'NONE', ( #2378 ), #4493, .T. ) ;
#3751 = ORIENTED_EDGE ( 'NONE', *, *, #6544, .T. ) ;
#3752 = CARTESIAN_POINT ( 'NONE',  ( 38.72500000000000142, -11.77500000000000036, 26.89500000000002444 ) ) ;
#3753 = EDGE_CURVE ( 'NONE', #5377, #7668, #1807, .T. ) ;
#3754 = EDGE_LOOP ( 'NONE', ( #7046, #5914, #5703, #8762 ) ) ;
#3755 = CARTESIAN_POINT ( 'NONE',  ( 39.35983003675661251, 0.000000000000000000, -21.78393290460574505 ) ) ;
#3756 = LINE ( 'NONE', #3050, #6944 ) ;
#3757 = AXIS2_PLACEMENT_3D ( 'NONE', #7138, #2674, #6271 ) ;
#3758 = DIRECTION ( 'NONE',  ( 0.000000000000000000, 0.000000000000000000, 1.000000000000000000 ) ) ;
#3759 = EDGE_LOOP ( 'NONE', ( #2360, #6075, #7692, #6982 ) ) ;
#3760 = FACE_OUTER_BOUND ( 'NONE', #4351, .T. ) ;
#3761 = CARTESIAN_POINT ( 'NONE',  ( -35.72499999999999432, -1.199999999999999734, 7.701660122795356500 ) ) ;
#3762 = CARTESIAN_POINT ( 'NONE',  ( -38.31380793923467110, 0.000000000000000000, 0.000000000000000000 ) ) ;
#3763 = EDGE_CURVE ( 'NONE', #3584, #4518, #6868, .T. ) ;
#3764 = VECTOR ( 'NONE', #9262, 1000.000000000000000 ) ;
#3765 = VECTOR ( 'NONE', #4018, 1000.000000000000000 ) ;
#3766 = CYLINDRICAL_SURFACE ( 'NONE', #4600, 3.000000000000000000 ) ;
#3767 = ORIENTED_EDGE ( 'NONE', *, *, #6923, .T. ) ;
#3768 = B_SPLINE_CURVE_WITH_KNOTS ( 'NONE', 3,
 ( #1494, #8829, #923, #3655, #4366, #6556, #74, #5354, #357, #4546, #2520, #6927, #1857, #8255, #446, #6738, #8306, #3306 ),
 .UNSPECIFIED., .F., .F.,
 ( 4, 2, 2, 2, 2, 2, 2, 2, 4 ),
 ( 0.000000000000000000, 0.0005996163484686794489, 0.001199232696937358898, 0.001798849045406038238, 0.002398465393874717796, 0.002998081742343397353, 0.003597698090812076477, 0.004197314439280756468, 0.004796930787749435592 ),
 .UNSPECIFIED. ) ;
#3769 = EDGE_LOOP ( 'NONE', ( #4790, #2949, #4328, #3679 ) ) ;
#3770 = CARTESIAN_POINT ( 'NONE',  ( 35.22500000000000142, -9.659192512834597011, -37.47500000000000142 ) ) ;
#3771 = EDGE_CURVE ( 'NONE', #245, #6653, #7407, .T. ) ;
#3772 = LINE ( 'NONE', #2795, #7693 ) ;
#3773 = CARTESIAN_POINT ( 'NONE',  ( -35.81229237715621139, -1.199999999999999512, -14.09999999999997833 ) ) ;
#3774 = LINE ( 'NONE', #8812, #1330 ) ;
#3775 = CARTESIAN_POINT ( 'NONE',  ( -36.62499999999999289, -11.77500000000000036, 12.70500000000002139 ) ) ;
#3776 = VECTOR ( 'NONE', #5503, 1000.000000000000000 ) ;
#3777 = ORIENTED_EDGE ( 'NONE', *, *, #5432, .F. ) ;
#3778 = DIRECTION ( 'NONE',  ( 0.03489949670250104552, 0.9993908270190956511, -0.000000000000000000 ) ) ;
#3779 = VECTOR ( 'NONE', #5650, 1000.000000000000000 ) ;
#3780 = ORIENTED_EDGE ( 'NONE', *, *, #5449, .F. ) ;
#3781 = DIRECTION ( 'NONE',  ( -1.000000000000000000, 0.000000000000000000, 0.000000000000000000 ) ) ;
#3782 = EDGE_CURVE ( 'NONE', #1336, #8879, #3248, .T. ) ;
#3783 = CARTESIAN_POINT ( 'NONE',  ( -0.3047999999999999599, 0.7620000000000000107, 0.2476499999999999813 ) ) ;
#3784 = AXIS2_PLACEMENT_3D ( 'NONE', #2868, #4853, #3568 ) ;
#3785 = CARTESIAN_POINT ( 'NONE',  ( -38.31380793923467110, 0.000000000000000000, 26.89500000000002444 ) ) ;
#3786 = ORIENTED_EDGE ( 'NONE', *, *, #8804, .F. ) ;
#3787 = FACE_OUTER_BOUND ( 'NONE', #6282, .T. ) ;
#3788 = CARTESIAN_POINT ( 'NONE',  ( -39.35983003675661251, 0.000000000000000000, 25.61843290460573996 ) ) ;
#3789 = VERTEX_POINT ( 'NONE', #1709 ) ;
#3790 = ADVANCED_FACE ( 'NONE', ( #1668 ), #1061, .T. ) ;
#3791 = DIRECTION ( 'NONE',  ( 0.000000000000000000, 0.000000000000000000, -1.000000000000000000 ) ) ;
#3792 = EDGE_LOOP ( 'NONE', ( #2776, #1144, #6337, #604 ) ) ;
#3793 = DIRECTION ( 'NONE',  ( 1.000000000000000000, 0.000000000000000000, 0.000000000000000000 ) ) ;
#3794 = CARTESIAN_POINT ( 'NONE',  ( 0.3047901690410599884, 1.493496405698544249, 0.4826000000000000290 ) ) ;
#3795 = CARTESIAN_POINT ( 'NONE',  ( -36.62499999999999289, 0.000000000000000000, -12.70499999999998053 ) ) ;
#3796 = ORIENTED_EDGE ( 'NONE', *, *, #3074, .F. ) ;
#3797 = CARTESIAN_POINT ( 'NONE',  ( 35.22500000000000142, -1.819537539667370973, 7.703320245590689730 ) ) ;
#3798 = ORIENTED_EDGE ( 'NONE', *, *, #5018, .T. ) ;
#3799 = CARTESIAN_POINT ( 'NONE',  ( 35.22500000000000142, 0.000000000000000000, -7.699999999999977973 ) ) ;
#3800 = DIRECTION ( 'NONE',  ( 1.259407789102440013E-18, 1.000000000000000000, 0.000000000000000000 ) ) ;
#3801 = EDGE_CURVE ( 'NONE', #5120, #445, #352, .T. ) ;
#3802 = EDGE_CURVE ( 'NONE', #4301, #2386, #4541, .T. ) ;
#3803 = CARTESIAN_POINT ( 'NONE',  ( -39.35983003675661251, 0.000000000000000000, -21.78393290460574505 ) ) ;
#3804 = CARTESIAN_POINT ( 'NONE',  ( -4.677858382765189837, 18.41651208015194996, 2.374900000000000233 ) ) ;
#3805 = LINE ( 'NONE', #8702, #1143 ) ;
#3806 = DIRECTION ( 'NONE',  ( -6.938893903907232322E-16, 0.000000000000000000, 1.000000000000000000 ) ) ;
#3807 = DIRECTION ( 'NONE',  ( 0.000000000000000000, 0.000000000000000000, -1.000000000000000000 ) ) ;
#3808 = VERTEX_POINT ( 'NONE', #1617 ) ;
#3809 = ORIENTED_EDGE ( 'NONE', *, *, #26, .F. ) ;
#3810 = ORIENTED_EDGE ( 'NONE', *, *, #2742, .T. ) ;
#3811 = CARTESIAN_POINT ( 'NONE',  ( -3.953253931003325228, 11.07060511971771888, 2.374900000000000233 ) ) ;
#3812 = FACE_OUTER_BOUND ( 'NONE', #1429, .T. ) ;
#3813 = ADVANCED_FACE ( 'NONE', ( #8110 ), #7823, .T. ) ;
#3814 = ORIENTED_EDGE ( 'NONE', *, *, #825, .F. ) ;
#3815 = DIRECTION ( 'NONE',  ( 0.000000000000000000, 1.000000000000000000, -0.000000000000000000 ) ) ;
#3816 = DIRECTION ( 'NONE',  ( -0.9993908270190957621, 0.03489949670250105246, 0.000000000000000000 ) ) ;
#3817 = EDGE_CURVE ( 'NONE', #94, #7432, #2605, .T. ) ;
#3818 = DIRECTION ( 'NONE',  ( 0.000000000000000000, -1.000000000000000000, -0.000000000000000000 ) ) ;
#3819 = ORIENTED_EDGE ( 'NONE', *, *, #4558, .F. ) ;
#3820 = CARTESIAN_POINT ( 'NONE',  ( -35.22500000000000142, 0.000000000000000000, 29.50000000000002132 ) ) ;
#3821 = ORIENTED_EDGE ( 'NONE', *, *, #4684, .F. ) ;
#3822 = CARTESIAN_POINT ( 'NONE',  ( -36.22499999999999432, -1.819537539667371195, -14.10166012279533376 ) ) ;
#3823 = ORIENTED_EDGE ( 'NONE', *, *, #644, .F. ) ;
#3824 = PLANE ( 'NONE',  #1305 ) ;
#3825 = CARTESIAN_POINT ( 'NONE',  ( -0.3047999999999999599, 0.7620000000000000107, 0.1301750000000000129 ) ) ;
#3826 = DIRECTION ( 'NONE',  ( -0.000000000000000000, 1.000000000000000000, -0.000000000000000000 ) ) ;
#3827 = ORIENTED_EDGE ( 'NONE', *, *, #6017, .T. ) ;
#3828 = VERTEX_POINT ( 'NONE', #4107 ) ;
#3829 = DIRECTION ( 'NONE',  ( 0.000000000000000000, -1.000000000000000000, 0.000000000000000000 ) ) ;
#3830 = CARTESIAN_POINT ( 'NONE',  ( -38.72500000000000142, -6.275000000000000355, -12.40000000000000391 ) ) ;
#3831 = DIRECTION ( 'NONE',  ( 0.000000000000000000, 0.000000000000000000, 1.000000000000000000 ) ) ;
#3832 = ORIENTED_EDGE ( 'NONE', *, *, #6606, .F. ) ;
#3833 = DIRECTION ( 'NONE',  ( 0.000000000000000000, -0.000000000000000000, 1.000000000000000000 ) ) ;
#3834 = ORIENTED_EDGE ( 'NONE', *, *, #5545, .T. ) ;
#3835 = DIRECTION ( 'NONE',  ( 0.000000000000000000, 1.000000000000000000, -0.000000000000000000 ) ) ;
#3836 = CARTESIAN_POINT ( 'NONE',  ( -35.22500000000000142, 0.000000000000000000, -14.09335950881864363 ) ) ;
#3837 = CARTESIAN_POINT ( 'NONE',  ( 27.22500000000000497, -10.59439199674360488, 8.925007353104495778 ) ) ;
#3838 = ORIENTED_EDGE ( 'NONE', *, *, #739, .T. ) ;
#3839 = EDGE_CURVE ( 'NONE', #1646, #8543, #3302, .T. ) ;
#3840 = DIRECTION ( 'NONE',  ( 0.000000000000000000, 0.000000000000000000, 1.000000000000000000 ) ) ;
#3841 = ORIENTED_EDGE ( 'NONE', *, *, #7379, .T. ) ;
#3842 = FACE_OUTER_BOUND ( 'NONE', #948, .T. ) ;
#3843 = DIRECTION ( 'NONE',  ( -1.000000000000000000, -0.000000000000000000, -0.000000000000000000 ) ) ;
#3844 = CARTESIAN_POINT ( 'NONE',  ( -27.22499999999999787, -11.77500000000000036, 15.67499999999999361 ) ) ;
#3845 = CARTESIAN_POINT ( 'NONE',  ( -26.49306973311140823, -10.10316865628966454, 36.44809867824393734 ) ) ;
#3846 = DIRECTION ( 'NONE',  ( 1.000000000000000000, -0.000000000000000000, -0.000000000000000000 ) ) ;
#3847 = VECTOR ( 'NONE', #8757, 1000.000000000000000 ) ;
#3848 = LINE ( 'NONE', #2402, #3918 ) ;
#3849 = VECTOR ( 'NONE', #2959, 1000.000000000000000 ) ;
#3850 = EDGE_CURVE ( 'NONE', #5708, #868, #5489, .T. ) ;
#3851 = CARTESIAN_POINT ( 'NONE',  ( 35.22500000000000142, 0.000000000000000000, 0.000000000000000000 ) ) ;
#3852 = ORIENTED_EDGE ( 'NONE', *, *, #6032, .T. ) ;
#3853 = ORIENTED_EDGE ( 'NONE', *, *, #1526, .T. ) ;
#3854 = ORIENTED_EDGE ( 'NONE', *, *, #8344, .T. ) ;
#3855 = CARTESIAN_POINT ( 'NONE',  ( 35.22500000000000142, -1.200000000000000178, -7.696679754409310625 ) ) ;
#3856 = VECTOR ( 'NONE', #2046, 1000.000000000000000 ) ;
#3857 = CARTESIAN_POINT ( 'NONE',  ( 35.22500000000000142, 0.000000000000000000, -43.47500000000000142 ) ) ;
#3858 = ORIENTED_EDGE ( 'NONE', *, *, #9035, .T. ) ;
#3859 = DIRECTION ( 'NONE',  ( 0.9659258262890699775, -0.2588190451025145222, 0.000000000000000000 ) ) ;
#3860 = LINE ( 'NONE', #235, #1486 ) ;
#3861 = CARTESIAN_POINT ( 'NONE',  ( -39.35983003675661251, -11.77500000000000036, -21.78393290460574505 ) ) ;
#3862 = CLOSED_SHELL ( 'NONE', ( #1854, #9221, #7235, #238, #2813, #2083, #5521, #8446, #157, #3398, #6182, #4857, #8118, #7629, #5496, #816, #6662, #9210, #7654, #2979, #1825, #8047, #1000, #4906, #2030, #3910, #3636, #5362, #699, #427, #539, #7363, #2778, #8320, #1845, #8151, #4607, #6651, #7876, #7304, #7875, #2615, #6609, #3703, #8570, #8176, #5038, #4431, #7713, #8160, #1276, #6330, #3920, #1411, #1713, #9149, #2247, #3691, #3528, #7222, #2710, #4669, #7005, #7658 ) ) ;
#3863 = VERTEX_POINT ( 'NONE', #1995 ) ;
#3864 = EDGE_CURVE ( 'NONE', #7418, #8229, #9197, .T. ) ;
#3865 = ORIENTED_EDGE ( 'NONE', *, *, #5678, .F. ) ;
#3866 = EDGE_CURVE ( 'NONE', #5676, #8379, #4918, .T. ) ;
#3867 = ORIENTED_EDGE ( 'NONE', *, *, #5281, .F. ) ;
#3868 = CARTESIAN_POINT ( 'NONE',  ( 43.16933003675661240, -1.399999999999999689, -21.78393290460574505 ) ) ;
#3869 = ADVANCED_FACE ( 'NONE', ( #2752 ), #2252, .F. ) ;
#3870 = AXIS2_PLACEMENT_3D ( 'NONE', #1952, #4114, #2707 ) ;
#3871 = AXIS2_PLACEMENT_3D ( 'NONE', #4544, #967, #3833 ) ;
#3872 = ORIENTED_EDGE ( 'NONE', *, *, #4560, .T. ) ;
#3873 = DIRECTION ( 'NONE',  ( -1.000000000000000000, -0.000000000000000000, -0.000000000000000000 ) ) ;
#3874 = CARTESIAN_POINT ( 'NONE',  ( -0.2944141918529090129, 6.403488044947239999, 2.387599999999999945 ) ) ;
#3875 = CARTESIAN_POINT ( 'NONE',  ( 39.35983003675661251, 0.000000000000000000, -25.61843290460573996 ) ) ;
#3876 = VECTOR ( 'NONE', #9337, 1000.000000000000000 ) ;
#3877 = EDGE_CURVE ( 'NONE', #3472, #7209, #8486, .T. ) ;
#3878 = VERTEX_POINT ( 'NONE', #1146 ) ;
#3879 = ORIENTED_EDGE ( 'NONE', *, *, #8738, .T. ) ;
#3880 = CARTESIAN_POINT ( 'NONE',  ( -35.22500000000000142, 0.000000000000000000, -7.699999999999977973 ) ) ;
#3881 = EDGE_CURVE ( 'NONE', #7025, #4141, #4203, .T. ) ;
#3882 = FACE_OUTER_BOUND ( 'NONE', #4662, .T. ) ;
#3883 = DIRECTION ( 'NONE',  ( 1.000000000000000000, 0.000000000000000000, 0.000000000000000000 ) ) ;
#3884 = ORIENTED_EDGE ( 'NONE', *, *, #7815, .T. ) ;
#3885 = AXIS2_PLACEMENT_3D ( 'NONE', #7478, #5470, #9082 ) ;
#3886 = CARTESIAN_POINT ( 'NONE',  ( -35.22500000000000142, 0.000000000000000000, 0.000000000000000000 ) ) ;
#3887 = CIRCLE ( 'NONE', #9202, 1.099999999999996758 ) ;
#3888 = VERTEX_POINT ( 'NONE', #1289 ) ;
#3889 = DIRECTION ( 'NONE',  ( 0.9659258262890699775, -0.2588190451025145222, 0.000000000000000000 ) ) ;
#3890 = CIRCLE ( 'NONE', #2983, 3.000000000000002665 ) ;
#3891 = CARTESIAN_POINT ( 'NONE',  ( 35.22500000000000142, -0.8195375396673710844, 14.10332024559068920 ) ) ;
#3892 = DIRECTION ( 'NONE',  ( -1.000000000000000000, 0.000000000000000000, 0.000000000000000000 ) ) ;
#3893 = VECTOR ( 'NONE', #2302, 1000.000000000000000 ) ;
#3894 = VECTOR ( 'NONE', #5494, 1000.000000000000000 ) ;
#3895 = EDGE_LOOP ( 'NONE', ( #4014, #4565, #6807, #561 ) ) ;
#3896 = LINE ( 'NONE', #3221, #1935 ) ;
#3897 = LINE ( 'NONE', #2483, #8010 ) ;
#3898 = ORIENTED_EDGE ( 'NONE', *, *, #5620, .F. ) ;
#3899 = DIRECTION ( 'NONE',  ( -1.000000000000000000, 0.000000000000000000, 0.000000000000000000 ) ) ;
#3900 = CARTESIAN_POINT ( 'NONE',  ( 38.72500000000000142, -11.77500000000000036, -30.89499999999997826 ) ) ;
#3901 = CARTESIAN_POINT ( 'NONE',  ( -27.22499999999999787, -11.77500000000000036, 6.125000000000008882 ) ) ;
#3902 = LINE ( 'NONE', #6804, #9233 ) ;
#3903 = LINE ( 'NONE', #6806, #3103 ) ;
#3904 = VERTEX_POINT ( 'NONE', #4772 ) ;
#3905 = VERTEX_POINT ( 'NONE', #5448 ) ;
#3906 = CARTESIAN_POINT ( 'NONE',  ( -36.22500000000000142, -2.199999999999999734, 29.50000000000002132 ) ) ;
#3907 = AXIS2_PLACEMENT_3D ( 'NONE', #6882, #3263, #6171 ) ;
#3908 = CARTESIAN_POINT ( 'NONE',  ( -36.22499999999999432, -11.77500000000000036, 14.10000000000002274 ) ) ;
#3909 = CYLINDRICAL_SURFACE ( 'NONE', #5248, 1.016000000000000014 ) ;
#3910 = ADVANCED_FACE ( 'NONE', ( #4151 ), #7631, .T. ) ;
#3911 = DIRECTION ( 'NONE',  ( 0.000000000000000000, 1.000000000000000000, 0.000000000000000000 ) ) ;
#3912 = PLANE ( 'NONE',  #1213 ) ;
#3913 = VECTOR ( 'NONE', #5550, 1000.000000000000000 ) ;
#3914 = EDGE_LOOP ( 'NONE', ( #5025, #1930, #5370, #3351 ) ) ;
#3915 = ORIENTED_EDGE ( 'NONE', *, *, #4829, .F. ) ;
#3916 = VERTEX_POINT ( 'NONE', #633 ) ;
#3917 = CARTESIAN_POINT ( 'NONE',  ( -24.22500000000000142, -11.77500000000000036, -34.47500000000000142 ) ) ;
#3918 = VECTOR ( 'NONE', #8043, 1000.000000000000000 ) ;
#3919 = EDGE_LOOP ( 'NONE', ( #3333, #2614, #7089, #2316 ) ) ;
#3920 = ADVANCED_FACE ( 'NONE', ( #3345 ), #6351, .F. ) ;
#3921 = DIRECTION ( 'NONE',  ( 1.000000000000000000, -0.000000000000000000, 0.000000000000000000 ) ) ;
#3922 = EDGE_CURVE ( 'NONE', #5410, #2544, #9293, .T. ) ;
#3923 = CARTESIAN_POINT ( 'NONE',  ( -0.3047999999999999599, 7.899400000000000865, -2.362200000000000077 ) ) ;
#3924 = CARTESIAN_POINT ( 'NONE',  ( -24.22500000000000497, -9.659192512834597011, 27.92499999999999716 ) ) ;
#3925 = VECTOR ( 'NONE', #5785, 1000.000000000000000 ) ;
#3926 = CARTESIAN_POINT ( 'NONE',  ( 36.62500000000000000, -11.77500000000000036, -35.89999999999997016 ) ) ;
#3927 = CARTESIAN_POINT ( 'NONE',  ( 0.08687802539211569863, 7.826489972236299053, 3.174999999999999822 ) ) ;
#3928 = ORIENTED_EDGE ( 'NONE', *, *, #6091, .T. ) ;
#3929 = VECTOR ( 'NONE', #5109, 1000.000000000000000 ) ;
#3930 = CARTESIAN_POINT ( 'NONE',  ( -0.3047999999999999599, 0.000000000000000000, -3.174999999999999822 ) ) ;
#3931 = EDGE_CURVE ( 'NONE', #2313, #7119, #7061, .T. ) ;
#3932 = AXIS2_PLACEMENT_3D ( 'NONE', #316, #4642, #7554 ) ;
#3933 = ORIENTED_EDGE ( 'NONE', *, *, #5474, .F. ) ;
#3934 = CARTESIAN_POINT ( 'NONE',  ( 7.965250502957290652E-18, 6.324599999999999334, 2.362200000000000077 ) ) ;
#3935 = DIRECTION ( 'NONE',  ( 0.000000000000000000, 0.000000000000000000, 1.000000000000000000 ) ) ;
#3936 = CARTESIAN_POINT ( 'NONE',  ( 24.42810911145754815, -9.659192512834600564, -27.92499999999999361 ) ) ;
#3937 = EDGE_CURVE ( 'NONE', #9302, #1574, #8349, .T. ) ;
#3938 = VERTEX_POINT ( 'NONE', #4727 ) ;
#3939 = CARTESIAN_POINT ( 'NONE',  ( -0.3047999999999999599, 0.7620000000000000107, -0.04955848441160490281 ) ) ;
#3940 = DIRECTION ( 'NONE',  ( 0.000000000000000000, 0.000000000000000000, -1.000000000000000000 ) ) ;
#3941 = ORIENTED_EDGE ( 'NONE', *, *, #4029, .F. ) ;
#3942 = CARTESIAN_POINT ( 'NONE',  ( -24.42795617425250043, -9.659192512834597011, 37.47499999999998721 ) ) ;
#3943 = LINE ( 'NONE', #3268, #6665 ) ;
#3944 = ADVANCED_FACE ( 'NONE', ( #440 ), #9144, .T. ) ;
#3945 = DIRECTION ( 'NONE',  ( 0.9902680687415702510, 0.1391731009600660485, 0.000000000000000000 ) ) ;
#3946 = DIRECTION ( 'NONE',  ( -1.000000000000000000, 0.000000000000000000, 1.084202172485504631E-15 ) ) ;
#3947 = ORIENTED_EDGE ( 'NONE', *, *, #5644, .T. ) ;
#3948 = VERTEX_POINT ( 'NONE', #7015 ) ;
#3949 = FACE_OUTER_BOUND ( 'NONE', #8052, .T. ) ;
#3950 = DIRECTION ( 'NONE',  ( 0.000000000000000000, -0.000000000000000000, 1.000000000000000000 ) ) ;
#3951 = ORIENTED_EDGE ( 'NONE', *, *, #2331, .T. ) ;
#3952 = LINE ( 'NONE', #5709, #6153 ) ;
#3953 = CARTESIAN_POINT ( 'NONE',  ( -0.3047999999999999599, 3.048000000000000043, -0.01019107390356870091 ) ) ;
#3954 = CARTESIAN_POINT ( 'NONE',  ( -36.62499999999999289, -11.77500000000000036, -34.50499999999998124 ) ) ;
#3955 = ORIENTED_EDGE ( 'NONE', *, *, #598, .T. ) ;
#3956 = ORIENTED_EDGE ( 'NONE', *, *, #7142, .T. ) ;
#3957 = FACE_BOUND ( 'NONE', #1370, .T. ) ;
#3958 = EDGE_CURVE ( 'NONE', #9239, #8184, #528, .T. ) ;
#3959 = ORIENTED_EDGE ( 'NONE', *, *, #30, .T. ) ;
#3960 = PLANE ( 'NONE',  #8283 ) ;
#3961 = LINE ( 'NONE', #4678, #5386 ) ;
#3962 = CARTESIAN_POINT ( 'NONE',  ( 35.53406716568293433, -1.439075079334741991, -14.10332024559068920 ) ) ;
#3963 = CARTESIAN_POINT ( 'NONE',  ( -24.22500000000000142, -11.77500000000000036, -34.47500000000000142 ) ) ;
#3964 = ORIENTED_EDGE ( 'NONE', *, *, #5249, .F. ) ;
#3965 = ADVANCED_FACE ( 'NONE', ( #5947 ), #8806, .T. ) ;
#3966 = EDGE_CURVE ( 'NONE', #968, #6922, #990, .T. ) ;
#3967 = CARTESIAN_POINT ( 'NONE',  ( 27.22499999999999787, -10.62779375035100315, -12.67499999999999538 ) ) ;
#3968 = CARTESIAN_POINT ( 'NONE',  ( 27.20518624071151947, -10.55589838528809743, -8.729250788160658914 ) ) ;
#3969 = VERTEX_POINT ( 'NONE', #2359 ) ;
#3970 = VERTEX_POINT ( 'NONE', #3541 ) ;
#3971 = CARTESIAN_POINT ( 'NONE',  ( 39.35983003675661251, -0.02500000000000038997, 25.59343290460574494 ) ) ;
#3972 = CARTESIAN_POINT ( 'NONE',  ( 35.22500000000000142, -1.199999999999999956, 14.10166012279535508 ) ) ;
#3973 = CARTESIAN_POINT ( 'NONE',  ( -0.3047901690410605435, 1.493496405698544249, -0.2463955369517844829 ) ) ;
#3974 = ORIENTED_EDGE ( 'NONE', *, *, #8100, .T. ) ;
#3975 = EDGE_CURVE ( 'NONE', #919, #7103, #8188, .T. ) ;
#3976 = EDGE_CURVE ( 'NONE', #5630, #7909, #4568, .T. ) ;
#3977 = DIRECTION ( 'NONE',  ( 0.000000000000000000, 0.000000000000000000, -1.000000000000000000 ) ) ;
#3978 = EDGE_CURVE ( 'NONE', #1233, #6036, #3772, .T. ) ;
#3979 = PLANE ( 'NONE',  #3907 ) ;
#3980 = ORIENTED_EDGE ( 'NONE', *, *, #8202, .T. ) ;
#3981 = DIRECTION ( 'NONE',  ( 0.000000000000000000, 0.000000000000000000, 1.000000000000000000 ) ) ;
#3982 = DIRECTION ( 'NONE',  ( 0.000000000000000000, 0.000000000000000000, 1.000000000000000000 ) ) ;
#3983 = CARTESIAN_POINT ( 'NONE',  ( -2.193253119671569884, 13.83025492792763878, 3.174999999999999822 ) ) ;
#3984 = B_SPLINE_CURVE_WITH_KNOTS ( 'NONE', 3,
 ( #8856, #2366, #8148, #6720 ),
 .UNSPECIFIED., .F., .F.,
 ( 4, 4 ),
 ( 0.000000000000000000, 0.1195375396673710039 ),
 .UNSPECIFIED. ) ;
#3985 = CARTESIAN_POINT ( 'NONE',  ( 36.62500000000000000, -11.77500000000000036, 7.700000000000022382 ) ) ;
#3986 = ORIENTED_EDGE ( 'NONE', *, *, #125, .F. ) ;
#3987 = EDGE_CURVE ( 'NONE', #6113, #52, #8899, .T. ) ;
#3988 = ORIENTED_EDGE ( 'NONE', *, *, #8173, .T. ) ;
#3989 = DIRECTION ( 'NONE',  ( 1.000000000000000000, -1.259407789102440013E-18, 0.000000000000000000 ) ) ;
#3990 = CARTESIAN_POINT ( 'NONE',  ( -36.62499999999999289, 0.000000000000000000, -7.699999999999977973 ) ) ;
#3991 = EDGE_CURVE ( 'NONE', #1136, #6796, #6486, .T. ) ;
#3992 = VECTOR ( 'NONE', #4095, 1000.000000000000000 ) ;
#3993 = ORIENTED_EDGE ( 'NONE', *, *, #4098, .F. ) ;
#3994 = LINE ( 'NONE', #6185, #4780 ) ;
#3995 = CARTESIAN_POINT ( 'NONE',  ( -0.2944141918529090129, 6.403488044947239999, 3.174999999999999822 ) ) ;
#3996 = DIRECTION ( 'NONE',  ( 1.259407789102440013E-18, 1.000000000000000000, 0.000000000000000000 ) ) ;
#3997 = ORIENTED_EDGE ( 'NONE', *, *, #376, .T. ) ;
#3998 = VECTOR ( 'NONE', #7515, 1000.000000000000000 ) ;
#3999 = VERTEX_POINT ( 'NONE', #8578 ) ;
#4000 = FACE_OUTER_BOUND ( 'NONE', #7220, .T. ) ;
#4001 = EDGE_LOOP ( 'NONE', ( #8986, #8335, #9236, #2089 ) ) ;
#4002 = ORIENTED_EDGE ( 'NONE', *, *, #7469, .F. ) ;
#4003 = DIRECTION ( 'NONE',  ( 0.000000000000000000, 0.000000000000000000, -1.000000000000000000 ) ) ;
#4004 = VECTOR ( 'NONE', #6583, 1000.000000000000000 ) ;
#4005 = CARTESIAN_POINT ( 'NONE',  ( -0.3047999999999999599, 0.7620000000000000107, 0.01270000000000000122 ) ) ;
#4006 = ADVANCED_FACE ( 'NONE', ( #678, #3812 ), #4427, .F. ) ;
#4007 = LINE ( 'NONE', #249, #786 ) ;
#4008 = ORIENTED_EDGE ( 'NONE', *, *, #465, .F. ) ;
#4009 = FACE_OUTER_BOUND ( 'NONE', #2691, .T. ) ;
#4010 = CARTESIAN_POINT ( 'NONE',  ( 36.62499999999999289, -11.77500000000000036, 30.89500000000002089 ) ) ;
#4011 = PLANE ( 'NONE',  #6039 ) ;
#4012 = CARTESIAN_POINT ( 'NONE',  ( 35.22500000000000142, -1.200000000000000178, -14.09667975440931009 ) ) ;
#4013 = ORIENTED_EDGE ( 'NONE', *, *, #1917, .T. ) ;
#4014 = ORIENTED_EDGE ( 'NONE', *, *, #1002, .T. ) ;
#4015 = CARTESIAN_POINT ( 'NONE',  ( 5.438122833344339894E-18, 4.317999999999999616, -3.174999999999999822 ) ) ;
#4016 = EDGE_CURVE ( 'NONE', #5873, #9122, #5733, .T. ) ;
#4017 = AXIS2_PLACEMENT_3D ( 'NONE', #2301, #4823, #1196 ) ;
#4018 = DIRECTION ( 'NONE',  ( -0.000000000000000000, 1.000000000000000000, 5.528999126619304514E-16 ) ) ;
#4019 = CARTESIAN_POINT ( 'NONE',  ( -0.3047901690410599884, 2.316503594301455138, -0.1282933054276765850 ) ) ;
#4020 = VERTEX_POINT ( 'NONE', #5152 ) ;
#4021 = LINE ( 'NONE', #6932, #8141 ) ;
#4022 = VECTOR ( 'NONE', #92, 1000.000000000000114 ) ;
#4023 = VECTOR ( 'NONE', #1394, 1000.000000000000000 ) ;
#4024 = B_SPLINE_CURVE_WITH_KNOTS ( 'NONE', 3,
 ( #2652, #4112, #7020, #3393 ),
 .UNSPECIFIED., .F., .F.,
 ( 4, 4 ),
 ( 0.000000000000000000, 1.000000000000000000 ),
 .UNSPECIFIED. ) ;
#4025 = CARTESIAN_POINT ( 'NONE',  ( -38.72500000000000142, -6.275000000000001243, 34.20000000000000284 ) ) ;
#4026 = VERTEX_POINT ( 'NONE', #3857 ) ;
#4027 = VECTOR ( 'NONE', #4613, 1000.000000000000114 ) ;
#4028 = CARTESIAN_POINT ( 'NONE',  ( 38.31380793923467110, 0.000000000000000000, 43.79446661047027334 ) ) ;
#4029 = EDGE_CURVE ( 'NONE', #7346, #3649, #6758, .T. ) ;
#4030 = DIRECTION ( 'NONE',  ( -0.000000000000000000, 1.000000000000000000, 0.000000000000000000 ) ) ;
#4031 = EDGE_CURVE ( 'NONE', #2586, #8239, #1598, .T. ) ;
#4032 = CARTESIAN_POINT ( 'NONE',  ( -0.3047999999999999599, 0.7620000000000000107, 0.3259666666666665158 ) ) ;
#4033 = AXIS2_PLACEMENT_3D ( 'NONE', #2616, #5499, #6979 ) ;
#4034 = EDGE_CURVE ( 'NONE', #8186, #8907, #7874, .T. ) ;
#4035 = VECTOR ( 'NONE', #5603, 1000.000000000000114 ) ;
#4036 = CARTESIAN_POINT ( 'NONE',  ( -36.22500000000000142, -1.819537539667370973, -12.40000000000000391 ) ) ;
#4037 = VERTEX_POINT ( 'NONE', #3016 ) ;
#4038 = ORIENTED_EDGE ( 'NONE', *, *, #4491, .T. ) ;
#4039 = DIRECTION ( 'NONE',  ( 0.000000000000000000, 1.000000000000000000, -0.000000000000000000 ) ) ;
#4040 = CARTESIAN_POINT ( 'NONE',  ( -25.57518165881203487, -9.808445427359488988, 28.23881793079335267 ) ) ;
#4041 = VECTOR ( 'NONE', #2041, 1000.000000000000000 ) ;
#4042 = VERTEX_POINT ( 'NONE', #3716 ) ;
#4043 = FACE_OUTER_BOUND ( 'NONE', #1527, .T. ) ;
#4044 = CARTESIAN_POINT ( 'NONE',  ( -3.022599999999999731, 11.20139999999999958, -3.174999999999999822 ) ) ;
#4045 = EDGE_CURVE ( 'NONE', #4297, #7716, #5903, .T. ) ;
#4046 = DIRECTION ( 'NONE',  ( 0.000000000000000000, 0.000000000000000000, 1.000000000000000000 ) ) ;
#4047 = ORIENTED_EDGE ( 'NONE', *, *, #1618, .T. ) ;
#4048 = EDGE_CURVE ( 'NONE', #5421, #8895, #3298, .T. ) ;
#4049 = VECTOR ( 'NONE', #1833, 1000.000000000000000 ) ;
#4050 = ORIENTED_EDGE ( 'NONE', *, *, #7267, .T. ) ;
#4051 = ORIENTED_EDGE ( 'NONE', *, *, #5545, .F. ) ;
#4052 = FACE_BOUND ( 'NONE', #1355, .T. ) ;
#4053 = VERTEX_POINT ( 'NONE', #3196 ) ;
#4054 = ORIENTED_EDGE ( 'NONE', *, *, #6241, .T. ) ;
#4055 = VECTOR ( 'NONE', #2153, 1000.000000000000000 ) ;
#4056 = DIRECTION ( 'NONE',  ( 1.000000000000000000, -1.259407789102440013E-18, 0.000000000000000000 ) ) ;
#4057 = DIRECTION ( 'NONE',  ( 0.000000000000000000, 0.000000000000000000, -1.000000000000000000 ) ) ;
#4058 = ORIENTED_EDGE ( 'NONE', *, *, #6647, .F. ) ;
#4059 = DIRECTION ( 'NONE',  ( -0.000000000000000000, 0.000000000000000000, -1.000000000000000000 ) ) ;
#4060 = VECTOR ( 'NONE', #3144, 1000.000000000000000 ) ;
#4061 = DIRECTION ( 'NONE',  ( -0.000000000000000000, 1.000000000000000000, -0.000000000000000000 ) ) ;
#4062 = FACE_OUTER_BOUND ( 'NONE', #5664, .T. ) ;
#4063 = DIRECTION ( 'NONE',  ( -1.000000000000000000, 0.000000000000000000, 0.000000000000000000 ) ) ;
#4064 = ADVANCED_FACE ( 'NONE', ( #9083 ), #1088, .T. ) ;
#4065 = ORIENTED_EDGE ( 'NONE', *, *, #3864, .F. ) ;
#4066 = LINE ( 'NONE', #9148, #7047 ) ;
#4067 = EDGE_LOOP ( 'NONE', ( #2583, #6100, #689, #6278 ) ) ;
#4068 = PLANE ( 'NONE',  #4796 ) ;
#4070 = CARTESIAN_POINT ( 'NONE',  ( -35.22500000000000142, 1.084202172485504434E-15, -12.40000000000000213 ) ) ;
#4069 = VECTOR ( 'NONE', #4835, 1000.000000000000000 ) ;
#4071 = DIRECTION ( 'NONE',  ( 0.000000000000000000, -0.000000000000000000, -1.000000000000000000 ) ) ;
#4072 = ORIENTED_EDGE ( 'NONE', *, *, #2992, .T. ) ;
#4073 = DIRECTION ( 'NONE',  ( -0.000000000000000000, 1.000000000000000000, 0.000000000000000000 ) ) ;
#4074 = EDGE_CURVE ( 'NONE', #8563, #4410, #333, .T. ) ;
#4075 = AXIS2_PLACEMENT_3D ( 'NONE', #3492, #4198, #4249 ) ;
#4076 = DIRECTION ( 'NONE',  ( 0.000000000000000000, 2.891205793294672410E-16, -1.000000000000000000 ) ) ;
#4077 = VERTEX_POINT ( 'NONE', #1735 ) ;
#4078 = CARTESIAN_POINT ( 'NONE',  ( -35.55833333333333002, -1.199999999999999734, -14.09999999999997655 ) ) ;
#4079 = CARTESIAN_POINT ( 'NONE',  ( 36.62499999999999289, 0.000000000000000000, -12.70499999999998053 ) ) ;
#4080 = LINE ( 'NONE', #7085, #7413 ) ;
#4081 = PRODUCT_DEFINITION_FORMATION_WITH_SPECIFIED_SOURCE ( 'ANY', '', #8611, .NOT_KNOWN. ) ;
#4082 = DIRECTION ( 'NONE',  ( -1.000000000000000000, -0.000000000000000000, -0.000000000000000000 ) ) ;
#4083 = ORIENTED_EDGE ( 'NONE', *, *, #8458, .F. ) ;
#4084 = ORIENTED_EDGE ( 'NONE', *, *, #2489, .T. ) ;
#4085 = CARTESIAN_POINT ( 'NONE',  ( -35.55033003675661263, -1.399999999999999689, -21.78393290460574505 ) ) ;
#4086 = EDGE_CURVE ( 'NONE', #9050, #3516, #9124, .T. ) ;
#4087 = EDGE_CURVE ( 'NONE', #6729, #1746, #9034, .T. ) ;
#4088 = CARTESIAN_POINT ( 'NONE',  ( -0.3047999999999999599, 7.899400000000000865, -2.362200000000000077 ) ) ;
#4089 = DIRECTION ( 'NONE',  ( 0.000000000000000000, -1.000000000000000000, -0.000000000000000000 ) ) ;
#4090 = ORIENTED_EDGE ( 'NONE', *, *, #2910, .T. ) ;
#4091 = FACE_OUTER_BOUND ( 'NONE', #6891, .T. ) ;
#4092 = DIRECTION ( 'NONE',  ( 1.000000000000000000, -0.000000000000000000, -0.000000000000000000 ) ) ;
#4093 = FACE_OUTER_BOUND ( 'NONE', #2782, .T. ) ;
#4094 = ORIENTED_EDGE ( 'NONE', *, *, #721, .F. ) ;
#4095 = DIRECTION ( 'NONE',  ( 0.000000000000000000, 1.000000000000000000, -0.000000000000000000 ) ) ;
#4096 = VERTEX_POINT ( 'NONE', #3233 ) ;
#4097 = DIRECTION ( 'NONE',  ( 0.000000000000000000, 0.000000000000000000, 1.000000000000000000 ) ) ;
#4098 = EDGE_CURVE ( 'NONE', #9147, #5855, #466, .T. ) ;
#4099 = VERTEX_POINT ( 'NONE', #7521 ) ;
#4100 = ADVANCED_FACE ( 'NONE', ( #5424 ), #6050, .T. ) ;
#4101 = EDGE_LOOP ( 'NONE', ( #3400, #3608, #3364, #4162, #7908, #6290, #3627, #5765, #7463, #4342, #2004, #4276 ) ) ;
#4102 = LINE ( 'NONE', #6074, #3405 ) ;
#4103 = FACE_OUTER_BOUND ( 'NONE', #145, .T. ) ;
#4104 = DIRECTION ( 'NONE',  ( -0.03489418781261441338, -0.9992388003036510868, -0.01744177813808751865 ) ) ;
#4105 = ORIENTED_EDGE ( 'NONE', *, *, #5891, .F. ) ;
#4106 = DIRECTION ( 'NONE',  ( -1.000000000000000000, 0.000000000000000000, -1.084202172485504631E-15 ) ) ;
#4107 = CARTESIAN_POINT ( 'NONE',  ( -0.3047999999999999599, 6.324599999999999334, 2.387599999999999945 ) ) ;
#4108 = DIRECTION ( 'NONE',  ( 1.000000000000000000, -0.000000000000000000, -0.000000000000000000 ) ) ;
#4109 = DIRECTION ( 'NONE',  ( -1.000000000000000000, 0.000000000000000000, 0.000000000000000000 ) ) ;
#4110 = VERTEX_POINT ( 'NONE', #3324 ) ;
#4111 = EDGE_CURVE ( 'NONE', #7710, #8515, #8949, .T. ) ;
#4112 = CARTESIAN_POINT ( 'NONE',  ( 0.3047901690410594888, 2.316503594301455138, 0.4826000000000000290 ) ) ;
#4113 = EDGE_LOOP ( 'NONE', ( #1049, #8995, #1449, #7208, #4180, #8375, #1970, #6512, #5625, #4955 ) ) ;
#4114 = DIRECTION ( 'NONE',  ( 0.000000000000000000, 0.000000000000000000, -1.000000000000000000 ) ) ;
#4115 = CARTESIAN_POINT ( 'NONE',  ( -35.22500000000000142, 0.000000000000000000, -29.49999999999997868 ) ) ;
#4116 = DIRECTION ( 'NONE',  ( 1.000000000000000000, 0.000000000000000000, 0.000000000000000000 ) ) ;
#4117 = ORIENTED_EDGE ( 'NONE', *, *, #9328, .T. ) ;
#4118 = CARTESIAN_POINT ( 'NONE',  ( -26.83130611590349801, -10.26722200603486534, -14.17316733070443391 ) ) ;
#4119 = DIRECTION ( 'NONE',  ( -0.000000000000000000, 1.000000000000000000, -0.000000000000000000 ) ) ;
#4120 = ORIENTED_EDGE ( 'NONE', *, *, #8102, .T. ) ;
#4121 = CARTESIAN_POINT ( 'NONE',  ( -0.3047999999999999599, 0.7620000000000000107, 0.4826000000000000290 ) ) ;
#4122 = CARTESIAN_POINT ( 'NONE',  ( 38.72500000000000142, -11.77500000000000036, 34.50500000000002387 ) ) ;
#4123 = CARTESIAN_POINT ( 'NONE',  ( -26.22150987399927757, -9.997091699051173563, 14.92248905033316575 ) ) ;
#4124 = B_SPLINE_CURVE_WITH_KNOTS ( 'NONE', 3,
 ( #1698, #903, #3154, #6717 ),
 .UNSPECIFIED., .F., .F.,
 ( 4, 4 ),
 ( 0.000000000000000000, 0.1195375396673710039 ),
 .UNSPECIFIED. ) ;
#4125 = DIRECTION ( 'NONE',  ( 0.000000000000000000, 0.000000000000000000, 1.000000000000000000 ) ) ;
#4126 = ORIENTED_EDGE ( 'NONE', *, *, #834, .T. ) ;
#4127 = ORIENTED_EDGE ( 'NONE', *, *, #8647, .T. ) ;
#4128 = CARTESIAN_POINT ( 'NONE',  ( 27.22499999999999787, -10.59439199674360488, 30.72500735310447695 ) ) ;
#4129 = CARTESIAN_POINT ( 'NONE',  ( -0.3047999999999999599, 6.324599999999999334, -2.387599999999999945 ) ) ;
#4130 = LINE ( 'NONE', #9319, #2287 ) ;
#4131 = ORIENTED_EDGE ( 'NONE', *, *, #8547, .F. ) ;
#4132 = LINE ( 'NONE', #3523, #4023 ) ;
#4133 = DIRECTION ( 'NONE',  ( 0.000000000000000000, 0.000000000000000000, 1.000000000000000000 ) ) ;
#4134 = LINE ( 'NONE', #4858, #4675 ) ;
#4135 = ADVANCED_FACE ( 'NONE', ( #417 ), #2626, .F. ) ;
#4136 = ORIENTED_EDGE ( 'NONE', *, *, #4111, .T. ) ;
#4137 = CARTESIAN_POINT ( 'NONE',  ( 24.22499999999999787, -9.659192512834597011, -37.47500000000000142 ) ) ;
#4138 = ORIENTED_EDGE ( 'NONE', *, *, #8102, .F. ) ;
#4139 = LINE ( 'NONE', #7049, #8431 ) ;
#4140 = EDGE_LOOP ( 'NONE', ( #4517, #2221, #3576, #1364, #3326, #2055, #6104, #4876 ) ) ;
#4141 = VERTEX_POINT ( 'NONE', #5471 ) ;
#4142 = DIRECTION ( 'NONE',  ( -0.000000000000000000, 1.000000000000000000, 0.000000000000000000 ) ) ;
#4143 = DIRECTION ( 'NONE',  ( -0.000000000000000000, 0.000000000000000000, 1.000000000000000000 ) ) ;
#4144 = EDGE_CURVE ( 'NONE', #3442, #3938, #4710, .T. ) ;
#4145 = EDGE_CURVE ( 'NONE', #3649, #3738, #8232, .T. ) ;
#4146 = AXIS2_PLACEMENT_3D ( 'NONE', #6233, #5715, #1419 ) ;
#4147 = CARTESIAN_POINT ( 'NONE',  ( 36.22500000000000142, -1.819537539667370973, 7.703320245590689730 ) ) ;
#4148 = EDGE_CURVE ( 'NONE', #6179, #5252, #1872, .T. ) ;
#4149 = ORIENTED_EDGE ( 'NONE', *, *, #6498, .F. ) ;
#4150 = DIRECTION ( 'NONE',  ( 1.000000000000000000, -0.000000000000000000, -0.000000000000000000 ) ) ;
#4151 = FACE_OUTER_BOUND ( 'NONE', #2804, .T. ) ;
#4152 = VECTOR ( 'NONE', #4210, 1000.000000000000000 ) ;
#4153 = CARTESIAN_POINT ( 'NONE',  ( -36.62499999999999289, -11.77500000000000036, 34.50500000000002387 ) ) ;
#4154 = CARTESIAN_POINT ( 'NONE',  ( -36.62500000000000000, -15.33207507933474290, -10.91835950881864292 ) ) ;
#4155 = ORIENTED_EDGE ( 'NONE', *, *, #870, .F. ) ;
#4156 = PLANE ( 'NONE',  #9015 ) ;
#4157 = FACE_OUTER_BOUND ( 'NONE', #839, .T. ) ;
#4158 = CARTESIAN_POINT ( 'NONE',  ( 36.62499999999999289, 0.000000000000000000, 12.70500000000002139 ) ) ;
#4159 = EDGE_CURVE ( 'NONE', #8511, #7761, #1174, .T. ) ;
#4160 = LINE ( 'NONE', #9154, #4069 ) ;
#4161 = VECTOR ( 'NONE', #5175, 1000.000000000000000 ) ;
#4162 = ORIENTED_EDGE ( 'NONE', *, *, #3175, .T. ) ;
#4163 = ADVANCED_FACE ( 'NONE', ( #5509 ), #8410, .T. ) ;
#4164 = CARTESIAN_POINT ( 'NONE',  ( -25.21348780755075225, -9.737363899785254517, -15.51427041245514538 ) ) ;
#4165 = DIRECTION ( 'NONE',  ( -1.000000000000000000, -0.000000000000000000, -0.000000000000000000 ) ) ;
#4166 = VERTEX_POINT ( 'NONE', #4088 ) ;
#4167 = VECTOR ( 'NONE', #4402, 1000.000000000000000 ) ;
#4168 = CARTESIAN_POINT ( 'NONE',  ( 36.62500000000000000, -11.77500000000000036, 7.700000000000022382 ) ) ;
#4169 = VECTOR ( 'NONE', #3873, 1000.000000000000000 ) ;
#4170 = CARTESIAN_POINT ( 'NONE',  ( 35.22500000000000142, -2.199999999999999734, 29.50000000000002132 ) ) ;
#4171 = DIRECTION ( 'NONE',  ( 0.000000000000000000, -1.000000000000000000, -0.000000000000000000 ) ) ;
#4172 = VECTOR ( 'NONE', #8834, 1000.000000000000000 ) ;
#4173 = DIRECTION ( 'NONE',  ( 0.000000000000000000, 0.000000000000000000, 1.000000000000000000 ) ) ;
#4174 = ORIENTED_EDGE ( 'NONE', *, *, #1169, .F. ) ;
#4175 = ORIENTED_EDGE ( 'NONE', *, *, #8769, .F. ) ;
#4176 = FACE_OUTER_BOUND ( 'NONE', #7247, .T. ) ;
#4177 = VECTOR ( 'NONE', #1883, 1000.000000000000000 ) ;
#4178 = LINE ( 'NONE', #6472, #8613 ) ;
#4179 = LINE ( 'NONE', #7851, #5767 ) ;
#4180 = ORIENTED_EDGE ( 'NONE', *, *, #477, .F. ) ;
#4181 = EDGE_CURVE ( 'NONE', #6004, #6179, #1037, .T. ) ;
#4182 = CARTESIAN_POINT ( 'NONE',  ( 38.31380793923467110, -11.77500000000000036, -26.89500000000002444 ) ) ;
#4183 = AXIS2_PLACEMENT_3D ( 'NONE', #7667, #4674, #1744 ) ;
#4184 = FACE_OUTER_BOUND ( 'NONE', #5080, .T. ) ;
#4185 = VECTOR ( 'NONE', #2296, 1000.000000000000000 ) ;
#4186 = DIRECTION ( 'NONE',  ( -0.000000000000000000, 1.000000000000000000, -0.000000000000000000 ) ) ;
#4187 = AXIS2_PLACEMENT_3D ( 'NONE', #5379, #8281, #7577 ) ;
#4188 = LINE ( 'NONE', #7101, #2805 ) ;
#4189 = ORIENTED_EDGE ( 'NONE', *, *, #8865, .F. ) ;
#4190 = ORIENTED_EDGE ( 'NONE', *, *, #652, .T. ) ;
#4191 = CARTESIAN_POINT ( 'NONE',  ( 0.000000000000000000, 0.000000000000000000, 3.174999999999999822 ) ) ;
#4192 = VECTOR ( 'NONE', #2053, 1000.000000000000000 ) ;
#4193 = EDGE_CURVE ( 'NONE', #5675, #6531, #5374, .T. ) ;
#4194 = ORIENTED_EDGE ( 'NONE', *, *, #1904, .T. ) ;
#4195 = ORIENTED_EDGE ( 'NONE', *, *, #3646, .T. ) ;
#4196 = LINE ( 'NONE', #2835, #7060 ) ;
#4197 = CARTESIAN_POINT ( 'NONE',  ( 25.02463851276271711, -9.708811568194555264, 37.37350308940546029 ) ) ;
#4198 = DIRECTION ( 'NONE',  ( 0.000000000000000000, 0.000000000000000000, 1.000000000000000000 ) ) ;
#4199 = PRODUCT_DEFINITION_SHAPE ( 'NONE', 'NONE',  #9164 ) ;
#4200 = ORIENTED_EDGE ( 'NONE', *, *, #6935, .T. ) ;
#4201 = EDGE_LOOP ( 'NONE', ( #725, #1066, #3018, #293, #4280, #6844, #5850, #8619 ) ) ;
#4202 = CARTESIAN_POINT ( 'NONE',  ( 0.08687802539211569863, 7.826489972236299053, 2.387599999999999945 ) ) ;
#4203 = LINE ( 'NONE', #7777, #1941 ) ;
#4204 = EDGE_CURVE ( 'NONE', #4711, #4863, #4998, .T. ) ;
#4205 = AXIS2_PLACEMENT_3D ( 'NONE', #3222, #2530, #5412 ) ;
#4206 = ADVANCED_FACE ( 'NONE', ( #7186 ), #5040, .F. ) ;
#4207 = LINE ( 'NONE', #6352, #2052 ) ;
#4208 = SHAPE_DEFINITION_REPRESENTATION ( #7098, #2771 ) ;
#4209 = ORIENTED_EDGE ( 'NONE', *, *, #350, .F. ) ;
#4210 = DIRECTION ( 'NONE',  ( 1.000000000000000000, 0.000000000000000000, 0.000000000000000000 ) ) ;
#4211 = ORIENTED_EDGE ( 'NONE', *, *, #5276, .F. ) ;
#4212 = CARTESIAN_POINT ( 'NONE',  ( -0.3047999999999999599, 13.30959999999999965, 3.174999999999999822 ) ) ;
#4213 = CARTESIAN_POINT ( 'NONE',  ( -39.35983003675661251, 0.000000000000000000, -22.88393290460573937 ) ) ;
#4214 = DIRECTION ( 'NONE',  ( -1.000000000000000000, -0.000000000000000000, -0.000000000000000000 ) ) ;
#4215 = AXIS2_PLACEMENT_3D ( 'NONE', #8497, #2007, #4884 ) ;
#4216 = AXIS2_PLACEMENT_3D ( 'NONE', #2720, #5605, #7084 ) ;
#4217 = ORIENTED_EDGE ( 'NONE', *, *, #7641, .F. ) ;
#4218 = DIRECTION ( 'NONE',  ( 0.000000000000000000, 0.000000000000000000, 1.000000000000000000 ) ) ;
#4219 = ADVANCED_FACE ( 'NONE', ( #2163 ), #2867, .F. ) ;
#4220 = DIRECTION ( 'NONE',  ( -0.2588190451025145222, -0.9659258262890699775, -2.943801717310629913E-16 ) ) ;
#4221 = ORIENTED_EDGE ( 'NONE', *, *, #3229, .T. ) ;
#4222 = AXIS2_PLACEMENT_3D ( 'NONE', #8319, #3945, #9026 ) ;
#4223 = ADVANCED_FACE ( 'NONE', ( #7939 ), #9273, .T. ) ;
#4224 = CARTESIAN_POINT ( 'NONE',  ( -36.62500000000000000, 0.000000000000000000, 35.90000000000001990 ) ) ;
#4225 = CARTESIAN_POINT ( 'NONE',  ( 3.838674941184240469E-18, 3.048000000000000043, 0.01270000000000000122 ) ) ;
#4226 = CARTESIAN_POINT ( 'NONE',  ( -26.49306973311140823, -10.10316865628966632, 14.64809867824394729 ) ) ;
#4227 = VECTOR ( 'NONE', #6652, 1000.000000000000000 ) ;
#4228 = CARTESIAN_POINT ( 'NONE',  ( 38.31380793923467110, 0.000000000000000000, 16.70500000000001961 ) ) ;
#4229 = ORIENTED_EDGE ( 'NONE', *, *, #9010, .T. ) ;
#4230 = ORIENTED_EDGE ( 'NONE', *, *, #2309, .F. ) ;
#4231 = CARTESIAN_POINT ( 'NONE',  ( 0.000000000000000000, 13.30959999999999965, 3.174999999999999822 ) ) ;
#4232 = DIRECTION ( 'NONE',  ( 0.000000000000000000, 0.000000000000000000, 1.000000000000000000 ) ) ;
#4233 = LINE ( 'NONE', #7147, #8490 ) ;
#4234 = ORIENTED_EDGE ( 'NONE', *, *, #2199, .T. ) ;
#4235 = DIRECTION ( 'NONE',  ( -0.000000000000000000, 1.000000000000000000, 0.000000000000000000 ) ) ;
#4236 = VECTOR ( 'NONE', #9244, 1000.000000000000000 ) ;
#4237 = CARTESIAN_POINT ( 'NONE',  ( -35.22500000000000142, -2.199999999999999734, 35.90000000000001990 ) ) ;
#4238 = AXIS2_PLACEMENT_3D ( 'NONE', #5034, #7030, #2765 ) ;
#4239 = CARTESIAN_POINT ( 'NONE',  ( -39.35983003675661251, 0.000000000000000000, 21.78393290460574505 ) ) ;
#4240 = LINE ( 'NONE', #6386, #1597 ) ;
#4241 = ORIENTED_EDGE ( 'NONE', *, *, #2737, .T. ) ;
#4242 = ORIENTED_EDGE ( 'NONE', *, *, #7535, .F. ) ;
#4243 = DIRECTION ( 'NONE',  ( -1.000000000000000000, -0.000000000000000000, -0.000000000000000000 ) ) ;
#4244 = AXIS2_PLACEMENT_3D ( 'NONE', #4973, #5635, #8533 ) ;
#4245 = ORIENTED_EDGE ( 'NONE', *, *, #8458, .T. ) ;
#4246 = EDGE_LOOP ( 'NONE', ( #4084, #8774 ) ) ;
#4247 = DIRECTION ( 'NONE',  ( 0.000000000000000000, 0.000000000000000000, 1.000000000000000000 ) ) ;
#4248 = CARTESIAN_POINT ( 'NONE',  ( 26.61757646021300161, -10.15895812762798123, 36.29514142379670005 ) ) ;
#4249 = DIRECTION ( 'NONE',  ( 1.000000000000000000, 0.000000000000000000, -0.000000000000000000 ) ) ;
#4250 = ADVANCED_FACE ( 'NONE', ( #2018 ), #4850, .F. ) ;
#4251 = ORIENTED_EDGE ( 'NONE', *, *, #7480, .T. ) ;
#4252 = VERTEX_POINT ( 'NONE', #8655 ) ;
#4253 = VERTEX_POINT ( 'NONE', #7145 ) ;
#4254 = DIRECTION ( 'NONE',  ( 1.000000000000000000, -1.259407789102440013E-18, 0.000000000000000000 ) ) ;
#4255 = DIRECTION ( 'NONE',  ( -1.000000000000000000, 0.000000000000000000, 0.000000000000000000 ) ) ;
#4256 = DIRECTION ( 'NONE',  ( 1.000000000000000000, 0.000000000000000000, 0.000000000000000000 ) ) ;
#4257 = DIRECTION ( 'NONE',  ( 0.000000000000000000, 0.000000000000000000, -1.000000000000000000 ) ) ;
#4258 = ORIENTED_EDGE ( 'NONE', *, *, #3553, .T. ) ;
#4259 = DIRECTION ( 'NONE',  ( 0.000000000000000000, 0.000000000000000000, 1.000000000000000000 ) ) ;
#4260 = CARTESIAN_POINT ( 'NONE',  ( -36.17618446353107231, -1.443872872067516688, 14.10000000000002096 ) ) ;
#4261 = LINE ( 'NONE', #4834, #5907 ) ;
#4262 = CARTESIAN_POINT ( 'NONE',  ( 38.72500000000000142, -11.77500000000000036, -26.89500000000002444 ) ) ;
#4263 = EDGE_CURVE ( 'NONE', #7065, #9011, #4894, .T. ) ;
#4264 = EDGE_CURVE ( 'NONE', #3537, #1073, #659, .T. ) ;
#4265 = ORIENTED_EDGE ( 'NONE', *, *, #4346, .T. ) ;
#4266 = CARTESIAN_POINT ( 'NONE',  ( -38.31380793923467110, -11.77500000000000036, 26.89500000000002444 ) ) ;
#4267 = DIRECTION ( 'NONE',  ( 0.000000000000000000, 0.000000000000000000, 1.000000000000000000 ) ) ;
#4268 = EDGE_LOOP ( 'NONE', ( #4429, #6655, #5115, #7361 ) ) ;
#4269 = DIRECTION ( 'NONE',  ( 0.000000000000000000, 0.000000000000000000, 1.000000000000000000 ) ) ;
#4270 = CARTESIAN_POINT ( 'NONE',  ( 0.3812922172450244895, 7.747601927289059276, -3.174999999999999822 ) ) ;
#4271 = CARTESIAN_POINT ( 'NONE',  ( 9.596687352960589616E-19, 0.7620000000000000107, 0.4434416666666664564 ) ) ;
#4272 = EDGE_CURVE ( 'NONE', #3349, #3888, #7755, .T. ) ;
#4273 = EDGE_CURVE ( 'NONE', #58, #6397, #5563, .T. ) ;
#4274 = CARTESIAN_POINT ( 'NONE',  ( -36.22500000000000142, -2.199999999999999734, 31.19999999999999574 ) ) ;
#4275 = EDGE_CURVE ( 'NONE', #6235, #7745, #4178, .T. ) ;
#4276 = ORIENTED_EDGE ( 'NONE', *, *, #5076, .T. ) ;
#4277 = FACE_OUTER_BOUND ( 'NONE', #7487, .T. ) ;
#4278 = DIRECTION ( 'NONE',  ( 1.000000000000000000, 0.000000000000000000, 0.000000000000000000 ) ) ;
#4279 = PLANE ( 'NONE',  #3478 ) ;
#4280 = ORIENTED_EDGE ( 'NONE', *, *, #1109, .T. ) ;
#4281 = DIRECTION ( 'NONE',  ( 1.000000000000000000, 0.000000000000000000, 6.938893903907232322E-16 ) ) ;
#4282 = CARTESIAN_POINT ( 'NONE',  ( -3.651420223650889696, 11.11302508089036145, -2.374900000000000233 ) ) ;
#4283 = PRODUCT_DEFINITION_SHAPE ( 'NONE', 'NONE',  #9369 ) ;
#4284 = CARTESIAN_POINT ( 'NONE',  ( -0.3047999999999999599, 7.899400000000000865, -3.174999999999999822 ) ) ;
#4285 = EDGE_CURVE ( 'NONE', #7025, #4863, #7849, .T. ) ;
#4286 = CARTESIAN_POINT ( 'NONE',  ( -38.72500000000000142, -11.77500000000000036, 0.000000000000000000 ) ) ;
#4287 = ORIENTED_EDGE ( 'NONE', *, *, #2190, .T. ) ;
#4288 = EDGE_LOOP ( 'NONE', ( #1387, #5157, #4967, #9281 ) ) ;
#4289 = DIRECTION ( 'NONE',  ( -1.000000000000000000, 0.000000000000000000, 0.000000000000000000 ) ) ;
#4290 = EDGE_CURVE ( 'NONE', #6971, #5043, #6421, .T. ) ;
#4291 = APPLICATION_CONTEXT ( 'automotive_design' ) ;
#4292 = ORIENTED_EDGE ( 'NONE', *, *, #1750, .T. ) ;
#4293 = ORIENTED_EDGE ( 'NONE', *, *, #7181, .F. ) ;
#4294 = CARTESIAN_POINT ( 'NONE',  ( -0.2944141918529090129, 6.403488044947239999, 3.174999999999999822 ) ) ;
#4295 = CARTESIAN_POINT ( 'NONE',  ( -36.62500000000000000, -11.77500000000000036, 29.50000000000002132 ) ) ;
#4296 = DIRECTION ( 'NONE',  ( 0.000000000000000000, 0.000000000000000000, 1.000000000000000000 ) ) ;
#4297 = VERTEX_POINT ( 'NONE', #6991 ) ;
#4298 = ORIENTED_EDGE ( 'NONE', *, *, #4273, .F. ) ;
#4299 = DIRECTION ( 'NONE',  ( -0.000000000000000000, 1.000000000000000000, 0.000000000000000000 ) ) ;
#4300 = PLANE ( 'NONE',  #2505 ) ;
#4301 = VERTEX_POINT ( 'NONE', #3367 ) ;
#4302 = FACE_OUTER_BOUND ( 'NONE', #6482, .T. ) ;
#4303 = AXIS2_PLACEMENT_3D ( 'NONE', #5097, #8843, #2353 ) ;
#4304 = APPLICATION_CONTEXT ( 'automotive_design' ) ;
#4305 = DIRECTION ( 'NONE',  ( 1.000000000000000000, 0.000000000000000000, 0.000000000000000000 ) ) ;
#4306 = DIRECTION ( 'NONE',  ( 0.000000000000000000, 0.000000000000000000, -1.000000000000000000 ) ) ;
#4307 = CARTESIAN_POINT ( 'NONE',  ( -36.62499999999999289, -11.77500000000000036, 30.89500000000002089 ) ) ;
#4308 = ORIENTED_EDGE ( 'NONE', *, *, #8173, .F. ) ;
#4309 = AXIS2_PLACEMENT_3D ( 'NONE', #5536, #271, #3899 ) ;
#4310 = LINE ( 'NONE', #4266, #7844 ) ;
#4311 = DIRECTION ( 'NONE',  ( 0.000000000000000000, 0.000000000000000000, 1.000000000000000000 ) ) ;
#4312 = VERTEX_POINT ( 'NONE', #608 ) ;
#4313 = EDGE_CURVE ( 'NONE', #4077, #3738, #9318, .T. ) ;
#4314 = CARTESIAN_POINT ( 'NONE',  ( -35.22500000000000142, -1.819537539667370973, -12.40000000000000391 ) ) ;
#4315 = DIRECTION ( 'NONE',  ( 0.1391731009600648550, -0.9902680687415704730, 0.000000000000000000 ) ) ;
#4316 = CARTESIAN_POINT ( 'NONE',  ( -0.6095901690410600038, 1.493496405698544249, -0.4826000000000000290 ) ) ;
#4317 = DIRECTION ( 'NONE',  ( 0.03489949670250104552, 0.9993908270190956511, 0.000000000000000000 ) ) ;
#4318 = ORIENTED_EDGE ( 'NONE', *, *, #1142, .T. ) ;
#4319 = CARTESIAN_POINT ( 'NONE',  ( -36.62500000000000000, -11.77500000000000036, 29.50000000000002132 ) ) ;
#4320 = DIRECTION ( 'NONE',  ( -0.000000000000000000, 1.000000000000000000, -0.000000000000000000 ) ) ;
#4321 = VECTOR ( 'NONE', #4082, 1000.000000000000000 ) ;
#4322 = AXIS2_PLACEMENT_3D ( 'NONE', #2275, #1561, #4430 ) ;
#4323 = CARTESIAN_POINT ( 'NONE',  ( -0.3047999999999999599, 0.4826000000000000290, -0.4826000000000000290 ) ) ;
#4324 = EDGE_CURVE ( 'NONE', #919, #1658, #634, .T. ) ;
#4325 = DIRECTION ( 'NONE',  ( 0.000000000000000000, -0.01745240643727655194, 0.9998476951563913806 ) ) ;
#4326 = ADVANCED_FACE ( 'NONE', ( #3566 ), #1413, .T. ) ;
#4327 = LINE ( 'NONE', #757, #3551 ) ;
#4328 = ORIENTED_EDGE ( 'NONE', *, *, #5911, .F. ) ;
#4329 = DIRECTION ( 'NONE',  ( 0.000000000000000000, 0.000000000000000000, -1.000000000000000000 ) ) ;
#4330 = PLANE ( 'NONE',  #2081 ) ;
#4331 = CARTESIAN_POINT ( 'NONE',  ( 26.22190223355801209, -9.997230042551068507, 14.92214898375487842 ) ) ;
#4332 = VECTOR ( 'NONE', #8742, 1000.000000000000000 ) ;
#4333 = VECTOR ( 'NONE', #4329, 1000.000000000000000 ) ;
#4334 = LINE ( 'NONE', #2215, #7642 ) ;
#4335 = ORIENTED_EDGE ( 'NONE', *, *, #2129, .T. ) ;
#4336 = VERTEX_POINT ( 'NONE', #2729 ) ;
#4337 = DIRECTION ( 'NONE',  ( 1.000000000000000000, 0.000000000000000000, 0.000000000000000000 ) ) ;
#4338 = VERTEX_POINT ( 'NONE', #4323 ) ;
#4339 = AXIS2_PLACEMENT_3D ( 'NONE', #3275, #3232, #7571 ) ;
#4340 = VECTOR ( 'NONE', #835, 1000.000000000000000 ) ;
#4341 = EDGE_CURVE ( 'NONE', #3828, #7048, #8913, .T. ) ;
#4342 = ORIENTED_EDGE ( 'NONE', *, *, #6095, .F. ) ;
#4343 = CARTESIAN_POINT ( 'NONE',  ( -43.31380793923467110, -11.77500000000000036, -16.70500000000001961 ) ) ;
#4344 = VECTOR ( 'NONE', #8042, 1000.000000000000000 ) ;
#4345 = FACE_OUTER_BOUND ( 'NONE', #2754, .T. ) ;
#4346 = EDGE_CURVE ( 'NONE', #3888, #5827, #3661, .T. ) ;
#4347 = PLANE ( 'NONE',  #2580 ) ;
#4348 = VECTOR ( 'NONE', #6378, 1000.000000000000000 ) ;
#4349 = VECTOR ( 'NONE', #8915, 1000.000000000000000 ) ;
#4350 = ORIENTED_EDGE ( 'NONE', *, *, #1403, .F. ) ;
#4351 = EDGE_LOOP ( 'NONE', ( #2181, #3335, #1264, #9203 ) ) ;
#4352 = LINE ( 'NONE', #7262, #1021 ) ;
#4353 = DIRECTION ( 'NONE',  ( -1.000000000000000000, 0.000000000000000000, -1.084202172485504631E-15 ) ) ;
#4354 = ORIENTED_EDGE ( 'NONE', *, *, #5266, .T. ) ;
#4355 = VECTOR ( 'NONE', #6248, 1000.000000000000000 ) ;
#4356 = CARTESIAN_POINT ( 'NONE',  ( -0.3047999999999999599, 4.317999999999999616, 3.174999999999999822 ) ) ;
#4357 = CARTESIAN_POINT ( 'NONE',  ( -39.35983003675661251, -1.399999999999999911, 17.97443290460574161 ) ) ;
#4358 = CARTESIAN_POINT ( 'NONE',  ( 36.62499999999999289, -11.77500000000000036, -34.50499999999998124 ) ) ;
#4359 = LINE ( 'NONE', #2982, #5444 ) ;
#4360 = ORIENTED_EDGE ( 'NONE', *, *, #4864, .F. ) ;
#4361 = VECTOR ( 'NONE', #5461, 1000.000000000000000 ) ;
#4362 = DIRECTION ( 'NONE',  ( 0.000000000000000000, 1.000000000000000000, 0.000000000000000000 ) ) ;
#4363 = LINE ( 'NONE', #7223, #5429 ) ;
#4364 = EDGE_LOOP ( 'NONE', ( #8080, #1208, #4618, #6737 ) ) ;
#4365 = DIRECTION ( 'NONE',  ( 0.000000000000000000, -1.000000000000000000, 0.000000000000000000 ) ) ;
#4366 = CARTESIAN_POINT ( 'NONE',  ( -27.07124291334524813, -10.42170876108506938, 8.157084185575541824 ) ) ;
#4367 = VECTOR ( 'NONE', #6787, 1000.000000000000000 ) ;
#4368 = CARTESIAN_POINT ( 'NONE',  ( 35.22500000000000142, -9.659192512834597011, 37.47500000000000142 ) ) ;
#4369 = DIRECTION ( 'NONE',  ( -1.000000000000000000, 0.000000000000000000, 0.000000000000000000 ) ) ;
#4370 = VERTEX_POINT ( 'NONE', #6522 ) ;
#4371 = EDGE_CURVE ( 'NONE', #1073, #2127, #3000, .T. ) ;
#4372 = LINE ( 'NONE', #1499, #3255 ) ;
#4373 = CARTESIAN_POINT ( 'NONE',  ( -36.22500000000000142, -1.739845846555790221, 7.703320245590689730 ) ) ;
#4374 = VECTOR ( 'NONE', #9175, 1000.000000000000000 ) ;
#4375 = DIRECTION ( 'NONE',  ( -1.000000000000000000, 0.000000000000000000, 0.000000000000000000 ) ) ;
#4376 = PLANE ( 'NONE',  #8562 ) ;
#4377 = ORIENTED_EDGE ( 'NONE', *, *, #834, .F. ) ;
#4378 = SURFACE_SIDE_STYLE ('',( #1550 ) ) ;
#4379 = CARTESIAN_POINT ( 'NONE',  ( -36.62499999999999289, -11.77500000000000036, -29.49999999999997868 ) ) ;
#4380 = CARTESIAN_POINT ( 'NONE',  ( 26.61757646021300161, -10.15895812762798478, 14.49514142379669401 ) ) ;
#4381 = AXIS2_PLACEMENT_3D ( 'NONE', #3399, #6306, #9206 ) ;
#4382 = EDGE_CURVE ( 'NONE', #432, #8534, #6608, .T. ) ;
#4383 = CARTESIAN_POINT ( 'NONE',  ( -1.320799999999999974, 13.30959999999999965, 5.648645627343060305 ) ) ;
#4384 = VERTEX_POINT ( 'NONE', #8837 ) ;
#4385 = EDGE_CURVE ( 'NONE', #6137, #4384, #42, .T. ) ;
#4386 = ORIENTED_EDGE ( 'NONE', *, *, #1349, .F. ) ;
#4387 = DIRECTION ( 'NONE',  ( 0.000000000000000000, 1.000000000000000000, -0.000000000000000000 ) ) ;
#4388 = EDGE_LOOP ( 'NONE', ( #2014, #1780, #5480, #3395 ) ) ;
#4389 = VECTOR ( 'NONE', #437, 1000.000000000000000 ) ;
#4390 = VECTOR ( 'NONE', #1676, 1000.000000000000000 ) ;
#4391 = VERTEX_POINT ( 'NONE', #4509 ) ;
#4392 = DIRECTION ( 'NONE',  ( 0.000000000000000000, 0.000000000000000000, 1.000000000000000000 ) ) ;
#4393 = CARTESIAN_POINT ( 'NONE',  ( -1.320799999999999974, 13.30959999999999965, 2.374900000000000233 ) ) ;
#4394 = DIRECTION ( 'NONE',  ( 0.2588190451025145222, 0.9659258262890699775, 0.000000000000000000 ) ) ;
#4395 = AXIS2_PLACEMENT_3D ( 'NONE', #9252, #4257, #4109 ) ;
#4396 = EDGE_CURVE ( 'NONE', #8194, #8964, #7288, .T. ) ;
#4397 = EDGE_LOOP ( 'NONE', ( #3147, #790, #3980, #8135 ) ) ;
#4398 = DIRECTION ( 'NONE',  ( -1.000000000000000000, -0.000000000000000000, -0.000000000000000000 ) ) ;
#4399 = ADVANCED_FACE ( 'NONE', ( #802 ), #5086, .F. ) ;
#4400 = ORIENTED_EDGE ( 'NONE', *, *, #8900, .T. ) ;
#4401 = DIRECTION ( 'NONE',  ( -0.000000000000000000, 1.000000000000000000, -0.000000000000000000 ) ) ;
#4402 = DIRECTION ( 'NONE',  ( -1.000000000000000000, -0.000000000000000000, -0.000000000000000000 ) ) ;
#4403 = CARTESIAN_POINT ( 'NONE',  ( 36.62499999999999289, -11.77500000000000036, -30.89499999999997826 ) ) ;
#4404 = ADVANCED_FACE ( 'NONE', ( #6564 ), #5841, .T. ) ;
#4405 = VERTEX_POINT ( 'NONE', #177 ) ;
#4406 = EDGE_LOOP ( 'NONE', ( #931, #750, #2842, #3493 ) ) ;
#4407 = CARTESIAN_POINT ( 'NONE',  ( -36.22499999999999432, -1.739845846555790443, -7.699999999999977973 ) ) ;
#4408 = ADVANCED_FACE ( 'NONE', ( #5799 ), #8794, .F. ) ;
#4409 = FACE_OUTER_BOUND ( 'NONE', #5924, .T. ) ;
#4410 = VERTEX_POINT ( 'NONE', #887 ) ;
#4411 = CARTESIAN_POINT ( 'NONE',  ( 36.22499999999999432, -1.700000000000000178, 7.701660122795356500 ) ) ;
#4412 = PLANE ( 'NONE',  #8892 ) ;
#4413 = CARTESIAN_POINT ( 'NONE',  ( 36.22499999999999432, -11.77500000000000036, 35.90000000000001990 ) ) ;
#4414 = CARTESIAN_POINT ( 'NONE',  ( 26.61757646021300161, -10.15895812762798123, -29.10485857620330563 ) ) ;
#4415 = ORIENTED_EDGE ( 'NONE', *, *, #5890, .F. ) ;
#4416 = DIRECTION ( 'NONE',  ( -0.000000000000000000, 1.000000000000000000, -0.000000000000000000 ) ) ;
#4417 = CARTESIAN_POINT ( 'NONE',  ( -36.22499999999999432, -1.819537539667371195, -12.40000000000000391 ) ) ;
#4418 = FACE_OUTER_BOUND ( 'NONE', #9172, .T. ) ;
#4419 = DIRECTION ( 'NONE',  ( -1.000000000000000000, -0.000000000000000000, -0.000000000000000000 ) ) ;
#4420 = VERTEX_POINT ( 'NONE', #3618 ) ;
#4421 = LINE ( 'NONE', #3665, #8434 ) ;
#4422 = DIRECTION ( 'NONE',  ( -0.9902680687415701399, -0.1391731009600670199, 0.000000000000000000 ) ) ;
#4423 = DIRECTION ( 'NONE',  ( 0.000000000000000000, 0.000000000000000000, 1.000000000000000000 ) ) ;
#4424 = ORIENTED_EDGE ( 'NONE', *, *, #1105, .T. ) ;
#4425 = ORIENTED_EDGE ( 'NONE', *, *, #6559, .F. ) ;
#4426 = DIRECTION ( 'NONE',  ( 1.084202172485504631E-15, 0.000000000000000000, 1.000000000000000000 ) ) ;
#4427 = CYLINDRICAL_SURFACE ( 'NONE', #7093, 10.77500000000000036 ) ;
#4428 = ORIENTED_EDGE ( 'NONE', *, *, #7305, .T. ) ;
#4429 = ORIENTED_EDGE ( 'NONE', *, *, #7546, .T. ) ;
#4430 = DIRECTION ( 'NONE',  ( 0.000000000000000000, 0.000000000000000000, 1.000000000000000000 ) ) ;
#4431 = ADVANCED_FACE ( 'NONE', ( #2206 ), #129, .F. ) ;
#4432 = CARTESIAN_POINT ( 'NONE',  ( -35.22500000000000142, 7.391468880664802966E-23, -21.67499999999999361 ) ) ;
#4433 = DIRECTION ( 'NONE',  ( -1.000000000000000000, 0.000000000000000000, 0.000000000000000000 ) ) ;
#4434 = VERTEX_POINT ( 'NONE', #1638 ) ;
#4435 = DIRECTION ( 'NONE',  ( 0.000000000000000000, 1.000000000000000000, 5.528999126619305500E-16 ) ) ;
#4436 = ORIENTED_EDGE ( 'NONE', *, *, #5304, .T. ) ;
#4437 = EDGE_CURVE ( 'NONE', #4545, #1093, #8696, .T. ) ;
#4438 = PLANE ( 'NONE',  #8579 ) ;
#4439 = EDGE_CURVE ( 'NONE', #5377, #2241, #81, .T. ) ;
#4440 = CARTESIAN_POINT ( 'NONE',  ( 38.72500000000000142, -11.77500000000000036, 16.70500000000001961 ) ) ;
#4441 = EDGE_CURVE ( 'NONE', #5535, #3253, #8038, .T. ) ;
#4442 = CARTESIAN_POINT ( 'NONE',  ( 35.22500000000000142, 0.000000000000000000, 32.70000000000000284 ) ) ;
#4443 = ORIENTED_EDGE ( 'NONE', *, *, #8805, .T. ) ;
#4444 = DIRECTION ( 'NONE',  ( -1.000000000000000000, -0.000000000000000000, -0.000000000000000000 ) ) ;
#4445 = FACE_OUTER_BOUND ( 'NONE', #6258, .T. ) ;
#4446 = ORIENTED_EDGE ( 'NONE', *, *, #9267, .F. ) ;
#4447 = DIRECTION ( 'NONE',  ( 0.000000000000000000, 0.000000000000000000, -1.000000000000000000 ) ) ;
#4448 = ADVANCED_FACE ( 'NONE', ( #4418 ), #842, .F. ) ;
#4449 = CARTESIAN_POINT ( 'NONE',  ( 36.62499999999999289, 0.000000000000000000, 35.90000000000001990 ) ) ;
#4450 = LINE ( 'NONE', #3746, #4668 ) ;
#4451 = CARTESIAN_POINT ( 'NONE',  ( 24.62689431690672137, -9.669340239903540635, 6.145378297423623515 ) ) ;
#4452 = EDGE_CURVE ( 'NONE', #3379, #4252, #3756, .T. ) ;
#4453 = VECTOR ( 'NONE', #4972, 1000.000000000000000 ) ;
#4454 = ORIENTED_EDGE ( 'NONE', *, *, #941, .T. ) ;
#4455 = DIRECTION ( 'NONE',  ( 0.000000000000000000, 1.000000000000000000, 0.000000000000000000 ) ) ;
#4456 = CARTESIAN_POINT ( 'NONE',  ( -36.62499999999999289, -11.77500000000000036, -30.89499999999997826 ) ) ;
#4457 = DIRECTION ( 'NONE',  ( 0.000000000000000000, -1.000000000000000000, -0.000000000000000000 ) ) ;
#4458 = AXIS2_PLACEMENT_3D ( 'NONE', #2485, #5364, #7736 ) ;
#4459 = CARTESIAN_POINT ( 'NONE',  ( -35.22500000000000142, -2.199999999999999734, -31.19999999999999929 ) ) ;
#4460 = ORIENTED_EDGE ( 'NONE', *, *, #7326, .F. ) ;
#4461 =( NAMED_UNIT ( * ) SI_UNIT ( $, .STERADIAN. ) SOLID_ANGLE_UNIT ( ) );
#4462 = CARTESIAN_POINT ( 'NONE',  ( -0.2944141918529090129, 6.403488044947239999, -2.387599999999999945 ) ) ;
#4463 = PLANE ( 'NONE',  #7116 ) ;
#4464 = CARTESIAN_POINT ( 'NONE',  ( 35.22500000000000142, 0.000000000000000000, 0.000000000000000000 ) ) ;
#4465 = ORIENTED_EDGE ( 'NONE', *, *, #2362, .T. ) ;
#4466 = ORIENTED_EDGE ( 'NONE', *, *, #6027, .T. ) ;
#4467 = ORIENTED_EDGE ( 'NONE', *, *, #3802, .F. ) ;
#4468 = LINE ( 'NONE', #7388, #7534 ) ;
#4469 = CARTESIAN_POINT ( 'NONE',  ( -27.07124291334524813, -10.42170876108506938, 29.95708418557552477 ) ) ;
#4470 = ORIENTED_EDGE ( 'NONE', *, *, #9140, .T. ) ;
#4471 = CARTESIAN_POINT ( 'NONE',  ( -36.62500000000000000, 0.000000000000000000, -35.89999999999997016 ) ) ;
#4472 = AXIS2_PLACEMENT_3D ( 'NONE', #6561, #800, #3615 ) ;
#4473 = FACE_OUTER_BOUND ( 'NONE', #3186, .T. ) ;
#4474 = VECTOR ( 'NONE', #8620, 1000.000000000000000 ) ;
#4475 = CARTESIAN_POINT ( 'NONE',  ( 38.72500000000000142, 5.421010862427522170E-16, -31.19999999999999929 ) ) ;
#4476 = ORIENTED_EDGE ( 'NONE', *, *, #9106, .T. ) ;
#4477 = DIRECTION ( 'NONE',  ( 0.000000000000000000, 0.000000000000000000, 1.000000000000000000 ) ) ;
#4478 = ADVANCED_FACE ( 'NONE', ( #2346 ), #3605, .F. ) ;
#4479 = AXIS2_PLACEMENT_3D ( 'NONE', #6103, #8376, #8998 ) ;
#4480 = VECTOR ( 'NONE', #6704, 1000.000000000000114 ) ;
#4481 = VECTOR ( 'NONE', #5772, 1000.000000000000114 ) ;
#4482 = EDGE_LOOP ( 'NONE', ( #4749, #5451, #7516, #6965 ) ) ;
#4483 = B_SPLINE_CURVE_WITH_KNOTS ( 'NONE', 3,
 ( #2223, #5909, #902, #96, #3773, #8007 ),
 .UNSPECIFIED., .F., .F.,
 ( 4, 2, 4 ),
 ( 0.000000000000000000, 0.5000000000000000000, 1.000000000000000000 ),
 .UNSPECIFIED. ) ;
#4484 = FACE_OUTER_BOUND ( 'NONE', #4001, .T. ) ;
#4485 = FACE_OUTER_BOUND ( 'NONE', #8310, .T. ) ;
#4486 = VECTOR ( 'NONE', #8654, 1000.000000000000000 ) ;
#4487 = VECTOR ( 'NONE', #3889, 1000.000000000000000 ) ;
#4488 = DIRECTION ( 'NONE',  ( -0.000000000000000000, 1.000000000000000000, -0.000000000000000000 ) ) ;
#4489 = ORIENTED_EDGE ( 'NONE', *, *, #2385, .T. ) ;
#4490 = ORIENTED_EDGE ( 'NONE', *, *, #2142, .F. ) ;
#4491 = EDGE_CURVE ( 'NONE', #6956, #9063, #6083, .T. ) ;
#4492 = ADVANCED_FACE ( 'NONE', ( #6038 ), #4595, .F. ) ;
#4493 = PLANE ( 'NONE',  #1497 ) ;
#4494 = VECTOR ( 'NONE', #1074, 1000.000000000000000 ) ;
#4495 = DIRECTION ( 'NONE',  ( -0.000000000000000000, -1.000000000000000000, -0.000000000000000000 ) ) ;
#4496 = VERTEX_POINT ( 'NONE', #321 ) ;
#4497 = CARTESIAN_POINT ( 'NONE',  ( 27.22499999999999787, -11.77500000000000036, 30.92499999999999716 ) ) ;
#4498 = ORIENTED_EDGE ( 'NONE', *, *, #6846, .T. ) ;
#4499 = DIRECTION ( 'NONE',  ( 0.000000000000000000, 0.000000000000000000, 1.000000000000000000 ) ) ;
#4500 = CARTESIAN_POINT ( 'NONE',  ( 0.3047901690410594888, 2.316503594301455138, 0.2476499999999999813 ) ) ;
#4501 = CARTESIAN_POINT ( 'NONE',  ( 27.12813223880081281, -10.46924288888236099, 8.343726863633534663 ) ) ;
#4502 = VECTOR ( 'NONE', #9250, 1000.000000000000000 ) ;
#4503 = ORIENTED_EDGE ( 'NONE', *, *, #7004, .F. ) ;
#4504 = LINE ( 'NONE', #7628, #268 ) ;
#4505 = ORIENTED_EDGE ( 'NONE', *, *, #7599, .F. ) ;
#4506 = EDGE_CURVE ( 'NONE', #1277, #8239, #1722, .T. ) ;
#4507 = DIRECTION ( 'NONE',  ( 0.000000000000000000, -1.000000000000000000, 0.000000000000000000 ) ) ;
#4508 = EDGE_CURVE ( 'NONE', #2344, #7794, #4648, .T. ) ;
#4509 = CARTESIAN_POINT ( 'NONE',  ( -36.22499999999999432, -6.275000000000000355, -34.20000000000000995 ) ) ;
#4510 = VECTOR ( 'NONE', #2064, 1000.000000000000000 ) ;
#4511 = CARTESIAN_POINT ( 'NONE',  ( 38.69822086598598787, -11.00814593567762856, 43.98661451251683019 ) ) ;
#4512 = CYLINDRICAL_SURFACE ( 'NONE', #431, 1.099999999999996758 ) ;
#4513 = LINE ( 'NONE', #8840, #4344 ) ;
#4514 = PLANE ( 'NONE',  #5585 ) ;
#4515 = VECTOR ( 'NONE', #3818, 1000.000000000000000 ) ;
#4516 = CARTESIAN_POINT ( 'NONE',  ( -36.22499999999999432, -11.77500000000000036, -14.09999999999997655 ) ) ;
#4517 = ORIENTED_EDGE ( 'NONE', *, *, #2016, .F. ) ;
#4518 = VERTEX_POINT ( 'NONE', #4555 ) ;
#4519 = ORIENTED_EDGE ( 'NONE', *, *, #4506, .T. ) ;
#4520 = DIRECTION ( 'NONE',  ( -1.000000000000000000, 0.000000000000000000, 0.000000000000000000 ) ) ;
#4521 = CARTESIAN_POINT ( 'NONE',  ( -26.49354543725020150, -10.10336944436757456, 28.95243854729163502 ) ) ;
#4522 = PRODUCT_RELATED_PRODUCT_CATEGORY ( 'part', '', ( #3357 ) ) ;
#4523 = ORIENTED_EDGE ( 'NONE', *, *, #1526, .F. ) ;
#4524 = CARTESIAN_POINT ( 'NONE',  ( -0.3047999999999999599, 0.7620000000000000107, -0.01019107390356831927 ) ) ;
#4525 = CIRCLE ( 'NONE', #459, 1.099999999999996758 ) ;
#4526 = CARTESIAN_POINT ( 'NONE',  ( 0.000000000000000000, 7.899400000000000865, 3.174999999999999822 ) ) ;
#4527 = DIRECTION ( 'NONE',  ( 0.000000000000000000, 0.000000000000000000, 1.000000000000000000 ) ) ;
#4528 = EDGE_LOOP ( 'NONE', ( #7069, #7261, #5511, #3986 ) ) ;
#4529 = ORIENTED_EDGE ( 'NONE', *, *, #2790, .F. ) ;
#4530 = ORIENTED_EDGE ( 'NONE', *, *, #6947, .T. ) ;
#4531 = DIRECTION ( 'NONE',  ( 0.000000000000000000, -1.000000000000000000, 0.000000000000000000 ) ) ;
#4532 = VECTOR ( 'NONE', #7868, 1000.000000000000000 ) ;
#4533 = ORIENTED_EDGE ( 'NONE', *, *, #664, .F. ) ;
#4534 = CARTESIAN_POINT ( 'NONE',  ( -35.22500000000000142, -2.199999999999999734, 34.20000000000000284 ) ) ;
#4535 = FACE_OUTER_BOUND ( 'NONE', #1708, .T. ) ;
#4536 = EDGE_CURVE ( 'NONE', #9253, #4141, #3313, .T. ) ;
#4537 = AXIS2_PLACEMENT_3D ( 'NONE', #6018, #5393, #8916 ) ;
#4538 = DIRECTION ( 'NONE',  ( 0.000000000000000000, 0.000000000000000000, -1.000000000000000000 ) ) ;
#4539 = VERTEX_POINT ( 'NONE', #4700 ) ;
#4540 = VERTEX_POINT ( 'NONE', #3185 ) ;
#4541 = LINE ( 'NONE', #7454, #8908 ) ;
#4542 = CARTESIAN_POINT ( 'NONE',  ( 24.22500000000000142, -9.659192512834595234, -6.125000000000008882 ) ) ;
#4543 = ORIENTED_EDGE ( 'NONE', *, *, #8559, .T. ) ;
#4544 = CARTESIAN_POINT ( 'NONE',  ( 35.22500000000000142, 0.000000000000000000, 0.000000000000000000 ) ) ;
#4545 = VERTEX_POINT ( 'NONE', #6215 ) ;
#4546 = CARTESIAN_POINT ( 'NONE',  ( -26.22190223355800853, -9.997230042551070284, 6.877851016245123184 ) ) ;
#4547 = EDGE_CURVE ( 'NONE', #8194, #7751, #9115, .T. ) ;
#4548 = CARTESIAN_POINT ( 'NONE',  ( 36.22499999999999432, -11.77500000000000036, 29.50000000000002132 ) ) ;
#4549 = EDGE_CURVE ( 'NONE', #4042, #4908, #7955, .T. ) ;
#4550 = FACE_OUTER_BOUND ( 'NONE', #4760, .T. ) ;
#4551 = EDGE_LOOP ( 'NONE', ( #7316, #8572, #1294, #2634 ) ) ;
#4552 = DIRECTION ( 'NONE',  ( 0.000000000000000000, 1.000000000000000000, 5.528999126619304514E-16 ) ) ;
#4553 = ORIENTED_EDGE ( 'NONE', *, *, #6590, .T. ) ;
#4554 = CARTESIAN_POINT ( 'NONE',  ( -0.6095901690410600038, 1.493496405698544249, -0.01019107390356875989 ) ) ;
#4555 = CARTESIAN_POINT ( 'NONE',  ( -3.668208290530530213, 9.042400000000000659, -2.374900000000000233 ) ) ;
#4556 = CARTESIAN_POINT ( 'NONE',  ( 9.596687352960589616E-19, 0.7620000000000000107, -0.4826000000000000290 ) ) ;
#4557 = LINE ( 'NONE', #2399, #7676 ) ;
#4558 = EDGE_CURVE ( 'NONE', #4026, #4881, #2617, .T. ) ;
#4559 = DIRECTION ( 'NONE',  ( 0.000000000000000000, 0.000000000000000000, -1.000000000000000000 ) ) ;
#4560 = EDGE_CURVE ( 'NONE', #4711, #9113, #6745, .T. ) ;
#4561 = LINE ( 'NONE', #223, #7272 ) ;
#4562 = ADVANCED_FACE ( 'NONE', ( #2444 ), #7559, .F. ) ;
#4563 = CARTESIAN_POINT ( 'NONE',  ( 35.22500000000000142, 0.000000000000000000, -21.67499999999999361 ) ) ;
#4564 = ORIENTED_EDGE ( 'NONE', *, *, #9036, .F. ) ;
#4565 = ORIENTED_EDGE ( 'NONE', *, *, #5363, .T. ) ;
#4566 = VERTEX_POINT ( 'NONE', #9070 ) ;
#4567 = CARTESIAN_POINT ( 'NONE',  ( 35.22500000000000142, -11.77500000000000036, 44.00000000000004263 ) ) ;
#4568 = LINE ( 'NONE', #7389, #5725 ) ;
#4569 = CARTESIAN_POINT ( 'NONE',  ( 35.72499999999999432, -1.199999999999999956, 14.10166012279535508 ) ) ;
#4570 = DIRECTION ( 'NONE',  ( 0.000000000000000000, 0.000000000000000000, 1.000000000000000000 ) ) ;
#4571 = EDGE_CURVE ( 'NONE', #1302, #8311, #9019, .T. ) ;
#4572 = CARTESIAN_POINT ( 'NONE',  ( 43.31380793923467110, 0.000000000000000000, -26.89500000000002089 ) ) ;
#4573 = VERTEX_POINT ( 'NONE', #1023 ) ;
#4574 = EDGE_CURVE ( 'NONE', #3376, #2020, #3897, .T. ) ;
#4575 = ORIENTED_EDGE ( 'NONE', *, *, #4536, .T. ) ;
#4576 = CARTESIAN_POINT ( 'NONE',  ( -36.62499999999999289, 0.000000000000000000, -34.50499999999998124 ) ) ;
#4577 = ORIENTED_EDGE ( 'NONE', *, *, #5260, .F. ) ;
#4578 = CARTESIAN_POINT ( 'NONE',  ( 24.22499999999999787, -9.659192512834593458, -15.67499999999999361 ) ) ;
#4579 = DIRECTION ( 'NONE',  ( 1.000000000000000000, 0.000000000000000000, -6.938893903907232322E-16 ) ) ;
#4580 = DIRECTION ( 'NONE',  ( 0.000000000000000000, -0.000000000000000000, 1.000000000000000000 ) ) ;
#4581 = ORIENTED_EDGE ( 'NONE', *, *, #4159, .T. ) ;
#4582 = EDGE_LOOP ( 'NONE', ( #7106, #4415, #6418, #4083, #7895, #8788, #9071, #5491, #5089, #1902, #7518, #2976, #8758, #7445 ) ) ;
#4583 = DIRECTION ( 'NONE',  ( 0.000000000000000000, 0.000000000000000000, 1.000000000000000000 ) ) ;
#4584 = DIRECTION ( 'NONE',  ( 1.000000000000000000, 0.000000000000000000, 0.000000000000000000 ) ) ;
#4585 = DIRECTION ( 'NONE',  ( -6.938893903907232322E-16, 0.000000000000000000, -1.000000000000000000 ) ) ;
#4586 = VERTEX_POINT ( 'NONE', #8262 ) ;
#4587 = DIRECTION ( 'NONE',  ( 0.000000000000000000, 0.000000000000000000, 1.000000000000000000 ) ) ;
#4588 = ORIENTED_EDGE ( 'NONE', *, *, #6537, .F. ) ;
#4589 = DIRECTION ( 'NONE',  ( 0.000000000000000000, 0.000000000000000000, -1.000000000000000000 ) ) ;
#4590 = CARTESIAN_POINT ( 'NONE',  ( -27.22499999999999787, -11.77500000000000036, 34.47500000000000142 ) ) ;
#4591 = CARTESIAN_POINT ( 'NONE',  ( -0.3047901690410605435, 1.493496405698544249, -0.4826000000000000290 ) ) ;
#4592 = EDGE_LOOP ( 'NONE', ( #2218, #7808 ) ) ;
#4593 = CARTESIAN_POINT ( 'NONE',  ( -0.3047999999999999599, 3.048000000000000043, -0.1282933054276765850 ) ) ;
#4594 = ADVANCED_FACE ( 'NONE', ( #6843 ), #365, .T. ) ;
#4595 = PLANE ( 'NONE',  #8309 ) ;
#4596 = ORIENTED_EDGE ( 'NONE', *, *, #4181, .T. ) ;
#4597 = CARTESIAN_POINT ( 'NONE',  ( 36.22499999999999432, -1.819537539667371195, -12.40000000000000391 ) ) ;
#4598 = CARTESIAN_POINT ( 'NONE',  ( -24.22500000000000142, -11.77500000000000036, 12.67499999999999538 ) ) ;
#4599 = PLANE ( 'NONE',  #6909 ) ;
#4600 = AXIS2_PLACEMENT_3D ( 'NONE', #4656, #1779, #3807 ) ;
#4601 = CARTESIAN_POINT ( 'NONE',  ( -2.193253119671565443, 13.83025492792763878, 3.174999999999999822 ) ) ;
#4602 = DIRECTION ( 'NONE',  ( -1.259407789102440013E-18, -1.000000000000000000, -1.123292760552739998E-16 ) ) ;
#4603 = ORIENTED_EDGE ( 'NONE', *, *, #8561, .F. ) ;
#4604 = ORIENTED_EDGE ( 'NONE', *, *, #9010, .F. ) ;
#4605 = ORIENTED_EDGE ( 'NONE', *, *, #350, .T. ) ;
#4606 = DIRECTION ( 'NONE',  ( 0.000000000000000000, 0.000000000000000000, -1.000000000000000000 ) ) ;
#4607 = ADVANCED_FACE ( 'NONE', ( #1117 ), #3979, .T. ) ;
#4608 = EDGE_CURVE ( 'NONE', #5810, #9253, #2574, .T. ) ;
#4609 = AXIS2_PLACEMENT_3D ( 'NONE', #7568, #3946, #5419 ) ;
#4610 = CARTESIAN_POINT ( 'NONE',  ( -36.62499999999999289, -11.77500000000000036, 30.89500000000002089 ) ) ;
#4611 = ORIENTED_EDGE ( 'NONE', *, *, #6681, .T. ) ;
#4612 = DIRECTION ( 'NONE',  ( 8.659560562354386819E-17, 0.7071067811865918706, -0.7071067811865030528 ) ) ;
#4613 = DIRECTION ( 'NONE',  ( 0.03489949670250104552, -0.9993908270190956511, 0.000000000000000000 ) ) ;
#4614 = PLANE ( 'NONE',  #7715 ) ;
#4615 = AXIS2_PLACEMENT_3D ( 'NONE', #3509, #9307, #8698 ) ;
#4616 = ORIENTED_EDGE ( 'NONE', *, *, #479, .T. ) ;
#4617 = DIRECTION ( 'NONE',  ( -1.000000000000000000, 0.000000000000000000, 1.084202172485504631E-15 ) ) ;
#4618 = ORIENTED_EDGE ( 'NONE', *, *, #7645, .F. ) ;
#4619 = CARTESIAN_POINT ( 'NONE',  ( 35.22500000000000142, 0.000000000000000000, 21.67500000000000071 ) ) ;
#4620 = EDGE_CURVE ( 'NONE', #8563, #7639, #496, .T. ) ;
#4621 = AXIS2_PLACEMENT_3D ( 'NONE', #5592, #5639, #8537 ) ;
#4622 = VECTOR ( 'NONE', #8210, 1000.000000000000000 ) ;
#4623 = VERTEX_POINT ( 'NONE', #9159 ) ;
#4624 = EDGE_CURVE ( 'NONE', #2337, #5578, #2554, .T. ) ;
#4625 = CARTESIAN_POINT ( 'NONE',  ( 35.22500000000000142, 0.000000000000000000, 10.90000000000000036 ) ) ;
#4626 = CARTESIAN_POINT ( 'NONE',  ( -0.3047999999999999599, 3.048000000000000043, 0.4826000000000000290 ) ) ;
#4627 = CARTESIAN_POINT ( 'NONE',  ( 35.22500000000000142, 0.000000000000000000, -21.92500000000000071 ) ) ;
#4628 = AXIS2_PLACEMENT_3D ( 'NONE', #726, #3444, #3640 ) ;
#4629 = MECHANICAL_DESIGN_GEOMETRIC_PRESENTATION_REPRESENTATION (  '', ( #8131 ), #269 ) ;
#4630 = VERTEX_POINT ( 'NONE', #1257 ) ;
#4631 = VECTOR ( 'NONE', #7726, 1000.000000000000000 ) ;
#4632 = DIRECTION ( 'NONE',  ( 1.000000000000000000, 0.000000000000000000, 0.000000000000000000 ) ) ;
#4633 = CARTESIAN_POINT ( 'NONE',  ( 35.72499999999999432, -1.199999999999999956, 7.701660122795356500 ) ) ;
#4634 = CARTESIAN_POINT ( 'NONE',  ( 9.596687352960589616E-19, 0.7620000000000000107, 0.01270000000000014173 ) ) ;
#4635 = ORIENTED_EDGE ( 'NONE', *, *, #1513, .F. ) ;
#4636 = VECTOR ( 'NONE', #5479, 1000.000000000000000 ) ;
#4637 = DIRECTION ( 'NONE',  ( 1.084202172485504631E-15, 0.000000000000000000, 1.000000000000000000 ) ) ;
#4638 = VECTOR ( 'NONE', #7648, 1000.000000000000000 ) ;
#4639 = ORIENTED_EDGE ( 'NONE', *, *, #6361, .T. ) ;
#4640 = CARTESIAN_POINT ( 'NONE',  ( -0.6095901690410600038, 2.316503594301455138, -0.01019107390356880152 ) ) ;
#4641 = AXIS2_PLACEMENT_3D ( 'NONE', #4044, #8372, #511 ) ;
#4642 = DIRECTION ( 'NONE',  ( 0.000000000000000000, 0.000000000000000000, -1.000000000000000000 ) ) ;
#4643 = DIRECTION ( 'NONE',  ( -1.084202172485504631E-15, 0.000000000000000000, 1.000000000000000000 ) ) ;
#4644 = VECTOR ( 'NONE', #1412, 1000.000000000000000 ) ;
#4645 = VECTOR ( 'NONE', #7032, 1000.000000000000000 ) ;
#4646 = ORIENTED_EDGE ( 'NONE', *, *, #3763, .F. ) ;
#4647 = CARTESIAN_POINT ( 'NONE',  ( -0.6095901690410610030, 1.493496405698546026, -0.3644977684758924918 ) ) ;
#4648 = LINE ( 'NONE', #4025, #8453 ) ;
#4649 = ORIENTED_EDGE ( 'NONE', *, *, #3801, .T. ) ;
#4650 = PLANE ( 'NONE',  #701 ) ;
#4651 = CARTESIAN_POINT ( 'NONE',  ( -24.62689431690673203, -9.669340239903535306, 37.45462170257639656 ) ) ;
#4652 = AXIS2_PLACEMENT_3D ( 'NONE', #8088, #143, #9341 ) ;
#4653 = DIRECTION ( 'NONE',  ( 0.000000000000000000, -2.891205793294672410E-16, 1.000000000000000000 ) ) ;
#4654 = DIRECTION ( 'NONE',  ( 1.000000000000000000, -1.259407789102440013E-18, 0.000000000000000000 ) ) ;
#4655 = ADVANCED_FACE ( 'NONE', ( #2857 ), #2660, .F. ) ;
#4656 = CARTESIAN_POINT ( 'NONE',  ( 24.22499999999999787, -11.77500000000000036, 9.125000000000008882 ) ) ;
#4657 = EDGE_LOOP ( 'NONE', ( #2920, #2714, #2815, #829 ) ) ;
#4658 = EDGE_LOOP ( 'NONE', ( #7611, #2404, #3289, #1024 ) ) ;
#4659 = CARTESIAN_POINT ( 'NONE',  ( -36.22500000000000142, -2.199999999999999734, 35.90000000000001990 ) ) ;
#4660 = VECTOR ( 'NONE', #6945, 1000.000000000000000 ) ;
#4661 = DIRECTION ( 'NONE',  ( -0.000000000000000000, 1.000000000000000000, 0.000000000000000000 ) ) ;
#4662 = EDGE_LOOP ( 'NONE', ( #3959, #5305, #5105, #5823 ) ) ;
#4663 = CARTESIAN_POINT ( 'NONE',  ( -36.62499999999999289, -11.77500000000000036, 14.10000000000002274 ) ) ;
#4664 = CARTESIAN_POINT ( 'NONE',  ( 36.62500000000000000, 0.000000000000000000, -35.89999999999997016 ) ) ;
#4665 = DIRECTION ( 'NONE',  ( 0.000000000000000000, -0.000000000000000000, -1.000000000000000000 ) ) ;
#4666 = EDGE_CURVE ( 'NONE', #4623, #1302, #7888, .T. ) ;
#4667 = CIRCLE ( 'NONE', #6648, 1.099999999999996758 ) ;
#4668 = VECTOR ( 'NONE', #8116, 1000.000000000000000 ) ;
#4669 = ADVANCED_FACE ( 'NONE', ( #7839 ), #1210, .T. ) ;
#4670 = ORIENTED_EDGE ( 'NONE', *, *, #6115, .F. ) ;
#4671 = APPLICATION_CONTEXT ( 'automotive_design' ) ;
#4672 = VERTEX_POINT ( 'NONE', #2106 ) ;
#4673 = EDGE_LOOP ( 'NONE', ( #8711, #8796, #21, #1869 ) ) ;
#4674 = DIRECTION ( 'NONE',  ( -0.000000000000000000, 1.000000000000000000, -0.000000000000000000 ) ) ;
#4675 = VECTOR ( 'NONE', #8373, 1000.000000000000000 ) ;
#4676 = ORIENTED_EDGE ( 'NONE', *, *, #410, .T. ) ;
#4677 = DIRECTION ( 'NONE',  ( -1.000000000000000000, 0.000000000000000000, -1.084202172485504631E-15 ) ) ;
#4678 = CARTESIAN_POINT ( 'NONE',  ( -0.3047999999999999599, 4.317999999999999616, 0.4826000000000000290 ) ) ;
#4679 = EDGE_CURVE ( 'NONE', #8351, #1657, #4985, .T. ) ;
#4680 = EDGE_CURVE ( 'NONE', #5589, #7622, #4667, .T. ) ;
#4681 = VECTOR ( 'NONE', #9025, 1000.000000000000000 ) ;
#4682 = CARTESIAN_POINT ( 'NONE',  ( 36.62499999999999289, 0.000000000000000000, 34.50500000000002387 ) ) ;
#4683 = VECTOR ( 'NONE', #4071, 1000.000000000000000 ) ;
#4684 = EDGE_CURVE ( 'NONE', #8543, #4742, #3554, .T. ) ;
#4685 = VERTEX_POINT ( 'NONE', #7176 ) ;
#4686 = DIRECTION ( 'NONE',  ( 0.000000000000000000, 0.000000000000000000, -1.000000000000000000 ) ) ;
#4687 = CARTESIAN_POINT ( 'NONE',  ( -38.72500000000000142, -6.275000000000001243, -9.399999999999998579 ) ) ;
#4688 = ORIENTED_EDGE ( 'NONE', *, *, #1105, .F. ) ;
#4689 = CIRCLE ( 'NONE', #9094, 3.834499999999997577 ) ;
#4690 = VECTOR ( 'NONE', #8972, 1000.000000000000114 ) ;
#4691 = ORIENTED_EDGE ( 'NONE', *, *, #4313, .T. ) ;
#4692 = DIRECTION ( 'NONE',  ( 0.000000000000000000, 0.000000000000000000, 1.000000000000000000 ) ) ;
#4693 = FACE_OUTER_BOUND ( 'NONE', #3687, .T. ) ;
#4694 = EDGE_CURVE ( 'NONE', #8032, #445, #1354, .T. ) ;
#4695 = LINE ( 'NONE', #5497, #8783 ) ;
#4696 = VERTEX_POINT ( 'NONE', #6458 ) ;
#4697 = EDGE_CURVE ( 'NONE', #4434, #2900, #2761, .T. ) ;
#4698 = ORIENTED_EDGE ( 'NONE', *, *, #8005, .F. ) ;
#4699 = CARTESIAN_POINT ( 'NONE',  ( -0.6095901690410600038, 1.493496405698544249, -0.4826000000000000290 ) ) ;
#4700 = CARTESIAN_POINT ( 'NONE',  ( 5.438122833344339894E-18, 4.317999999999999616, -0.4826000000000000290 ) ) ;
#4701 = VERTEX_POINT ( 'NONE', #1907 ) ;
#4702 = CARTESIAN_POINT ( 'NONE',  ( 24.22499999999999787, -11.77500000000000036, 37.47500000000000142 ) ) ;
#4703 = FACE_OUTER_BOUND ( 'NONE', #2463, .T. ) ;
#4704 = LINE ( 'NONE', #3269, #2276 ) ;
#4705 = EDGE_CURVE ( 'NONE', #6553, #7560, #4789, .T. ) ;
#4706 = LINE ( 'NONE', #412, #2058 ) ;
#4707 = ORIENTED_EDGE ( 'NONE', *, *, #777, .T. ) ;
#4708 = ORIENTED_EDGE ( 'NONE', *, *, #3563, .T. ) ;
#4709 = CARTESIAN_POINT ( 'NONE',  ( -36.62499999999999289, -11.77500000000000036, 35.90000000000001990 ) ) ;
#4710 = LINE ( 'NONE', #1127, #9216 ) ;
#4711 = VERTEX_POINT ( 'NONE', #1959 ) ;
#4712 = CARTESIAN_POINT ( 'NONE',  ( -0.2944141918529090129, 6.403488044947239999, -3.174999999999999822 ) ) ;
#4713 = LINE ( 'NONE', #7525, #736 ) ;
#4714 = ADVANCED_BREP_SHAPE_REPRESENTATION ( '', ( #916, #2439 ), #6527 ) ;
#4715 = CARTESIAN_POINT ( 'NONE',  ( -36.62499999999999289, 0.000000000000000000, 30.89500000000002089 ) ) ;
#4716 = ORIENTED_EDGE ( 'NONE', *, *, #2099, .T. ) ;
#4717 = EDGE_LOOP ( 'NONE', ( #2284, #6376, #6574, #3194 ) ) ;
#4718 = CARTESIAN_POINT ( 'NONE',  ( -39.35983003675661251, -0.02500000000000038997, -25.59343290460574494 ) ) ;
#4719 = ADVANCED_FACE ( 'NONE', ( #6261 ), #7027, .F. ) ;
#4720 = ORIENTED_EDGE ( 'NONE', *, *, #3978, .T. ) ;
#4721 = ORIENTED_EDGE ( 'NONE', *, *, #8402, .F. ) ;
#4722 = CARTESIAN_POINT ( 'NONE',  ( 26.22150987399927047, -9.997091699051164682, -14.92248905033316575 ) ) ;
#4723 = CARTESIAN_POINT ( 'NONE',  ( -9.830958940036490292E-06, 1.493496405698546026, 0.2476499999999999813 ) ) ;
#4724 = CARTESIAN_POINT ( 'NONE',  ( 36.10637066080821711, -1.365169832566708319, -7.699999999999977973 ) ) ;
#4725 = VERTEX_POINT ( 'NONE', #7744 ) ;
#4726 = PLANE ( 'NONE',  #9338 ) ;
#4727 = CARTESIAN_POINT ( 'NONE',  ( 36.62499999999999289, 0.000000000000000000, -9.094999999999977547 ) ) ;
#4728 = EDGE_CURVE ( 'NONE', #4370, #1125, #542, .T. ) ;
#4729 = EDGE_CURVE ( 'NONE', #2911, #9335, #1366, .T. ) ;
#4730 = LINE ( 'NONE', #7548, #4367 ) ;
#4731 = DIRECTION ( 'NONE',  ( 0.000000000000000000, 0.000000000000000000, 1.000000000000000000 ) ) ;
#4732 = ORIENTED_EDGE ( 'NONE', *, *, #2374, .T. ) ;
#4733 = ADVANCED_FACE ( 'NONE', ( #595 ), #5601, .F. ) ;
#4734 = ORIENTED_EDGE ( 'NONE', *, *, #6220, .F. ) ;
#4735 = DIRECTION ( 'NONE',  ( -1.000000000000000000, -0.000000000000000000, -0.000000000000000000 ) ) ;
#4736 = DIRECTION ( 'NONE',  ( 0.000000000000000000, -1.000000000000000000, 0.000000000000000000 ) ) ;
#4737 = CARTESIAN_POINT ( 'NONE',  ( 2.128845946939925285E-17, 0.7620000000000000107, -0.1282933054276770013 ) ) ;
#4738 = ORIENTED_EDGE ( 'NONE', *, *, #655, .F. ) ;
#4739 = CARTESIAN_POINT ( 'NONE',  ( -0.6095901690410600038, 2.316503594301455138, -0.01019107390356880152 ) ) ;
#4740 = ADVANCED_FACE ( 'NONE', ( #3462 ), #6367, .F. ) ;
#4741 = DIRECTION ( 'NONE',  ( 0.9659258262890699775, -0.2588190451025145222, 0.000000000000000000 ) ) ;
#4742 = VERTEX_POINT ( 'NONE', #5826 ) ;
#4743 = CARTESIAN_POINT ( 'NONE',  ( -27.22499999999999787, -9.659192512834597011, 30.92499999999999716 ) ) ;
#4744 = EDGE_CURVE ( 'NONE', #2274, #7439, #5125, .T. ) ;
#4745 = LINE ( 'NONE', #5323, #4681 ) ;
#4746 = CARTESIAN_POINT ( 'NONE',  ( -27.22499999999999787, -11.77500000000000036, 37.47500000000000142 ) ) ;
#4747 = DIRECTION ( 'NONE',  ( 0.000000000000000000, 0.000000000000000000, -1.000000000000000000 ) ) ;
#4748 = EDGE_LOOP ( 'NONE', ( #3017, #2827, #5893, #7915 ) ) ;
#4749 = ORIENTED_EDGE ( 'NONE', *, *, #1963, .F. ) ;
#4750 = CARTESIAN_POINT ( 'NONE',  ( 35.22500000000000142, -1.199999999999999956, 7.701660122795355612 ) ) ;
#4751 = CARTESIAN_POINT ( 'NONE',  ( -36.22499999999999432, -11.77500000000000036, 7.700000000000022382 ) ) ;
#4752 = VECTOR ( 'NONE', #2449, 1000.000000000000000 ) ;
#4753 = ORIENTED_EDGE ( 'NONE', *, *, #8940, .T. ) ;
#4754 = CARTESIAN_POINT ( 'NONE',  ( 36.22500000000000142, -1.779691693111580708, -7.703320245590689730 ) ) ;
#4755 = DIRECTION ( 'NONE',  ( 0.9659258262890699775, -0.2588190451025145222, 0.000000000000000000 ) ) ;
#4756 = DIRECTION ( 'NONE',  ( 0.000000000000000000, -2.891205793294672410E-16, 1.000000000000000000 ) ) ;
#4757 = ORIENTED_EDGE ( 'NONE', *, *, #86, .F. ) ;
#4758 = ORIENTED_EDGE ( 'NONE', *, *, #9095, .F. ) ;
#4759 = VECTOR ( 'NONE', #6523, 1000.000000000000000 ) ;
#4760 = EDGE_LOOP ( 'NONE', ( #4131, #8923, #67, #1040 ) ) ;
#4761 = PLANE ( 'NONE',  #1030 ) ;
#4762 = ORIENTED_EDGE ( 'NONE', *, *, #1316, .F. ) ;
#4763 = EDGE_LOOP ( 'NONE', ( #2966, #6582, #7899, #8090 ) ) ;
#4764 = LINE ( 'NONE', #1191, #3723 ) ;
#4765 = VECTOR ( 'NONE', #2423, 1000.000000000000000 ) ;
#4766 = CARTESIAN_POINT ( 'NONE',  ( -0.3047999999999999599, 0.7620000000000000107, 0.05185833333333340900 ) ) ;
#4767 = LINE ( 'NONE', #1283, #7583 ) ;
#4768 = ADVANCED_FACE ( 'NONE', ( #8069 ), #2336, .T. ) ;
#4769 = ORIENTED_EDGE ( 'NONE', *, *, #6256, .F. ) ;
#4770 = ORIENTED_EDGE ( 'NONE', *, *, #3175, .F. ) ;
#4771 = CARTESIAN_POINT ( 'NONE',  ( 36.22500000000000142, -2.199999999999999734, 34.20000000000000284 ) ) ;
#4772 = CARTESIAN_POINT ( 'NONE',  ( -35.22500000000000142, -1.200000000000000178, -7.696679754409310625 ) ) ;
#4773 = CARTESIAN_POINT ( 'NONE',  ( 36.22499999999999432, -2.200000000000000622, 29.50000000000002132 ) ) ;
#4774 = DIRECTION ( 'NONE',  ( 0.000000000000000000, 0.000000000000000000, -1.000000000000000000 ) ) ;
#4775 = VERTEX_POINT ( 'NONE', #8111 ) ;
#4776 = ORIENTED_EDGE ( 'NONE', *, *, #8681, .T. ) ;
#4777 = DIRECTION ( 'NONE',  ( -1.084202172485504631E-15, 0.000000000000000000, 1.000000000000000000 ) ) ;
#4778 = VECTOR ( 'NONE', #9194, 1000.000000000000000 ) ;
#4779 = CARTESIAN_POINT ( 'NONE',  ( -0.3047999999999999599, 7.899400000000000865, -2.362200000000000077 ) ) ;
#4780 = VECTOR ( 'NONE', #6138, 1000.000000000000000 ) ;
#4781 = DIRECTION ( 'NONE',  ( 0.000000000000000000, 1.000000000000000000, 0.000000000000000000 ) ) ;
#4782 = EDGE_CURVE ( 'NONE', #4539, #2609, #5876, .T. ) ;
#4783 = ADVANCED_FACE ( 'NONE', ( #4409 ), #3039, .F. ) ;
#4784 = B_SPLINE_CURVE_WITH_KNOTS ( 'NONE', 3,
 ( #1296, #3453, #2801, #5540, #7690, #4925, #3503, #7023, #1205, #535, #492, #3397, #7071, #8493, #2002, #6406, #4879, #9258 ),
 .UNSPECIFIED., .F., .F.,
 ( 4, 2, 2, 2, 2, 2, 2, 2, 4 ),
 ( 3.469446951953614189E-18, 0.0005995997566965383585, 0.001199199513393073247, 0.001798799270089608028, 0.002398399026786143026, 0.002997998783482678023, 0.003597598540179212587, 0.004197198296875748018, 0.004796798053572282582 ),
 .UNSPECIFIED. ) ;
#4785 = EDGE_LOOP ( 'NONE', ( #5774, #956 ) ) ;
#4786 = CARTESIAN_POINT ( 'NONE',  ( 36.62499999999999289, -11.77500000000000036, -9.094999999999977547 ) ) ;
#4787 = VECTOR ( 'NONE', #4426, 1000.000000000000000 ) ;
#4788 = VECTOR ( 'NONE', #7426, 1000.000000000000114 ) ;
#4789 = LINE ( 'NONE', #6981, #2861 ) ;
#4790 = ORIENTED_EDGE ( 'NONE', *, *, #1461, .T. ) ;
#4791 = VECTOR ( 'NONE', #8557, 1000.000000000000000 ) ;
#4792 = CARTESIAN_POINT ( 'NONE',  ( -26.07125110576854965, -9.945416374412042515, 36.84773366079952694 ) ) ;
#4793 = CARTESIAN_POINT ( 'NONE',  ( -35.22500000000000142, -11.77500000000000036, -7.699999999999977973 ) ) ;
#4794 = DIRECTION ( 'NONE',  ( 0.000000000000000000, 0.000000000000000000, 1.000000000000000000 ) ) ;
#4795 = CIRCLE ( 'NONE', #741, 1.099999999999996758 ) ;
#4796 = AXIS2_PLACEMENT_3D ( 'NONE', #683, #7783, #4777 ) ;
#4797 = EDGE_CURVE ( 'NONE', #6822, #5993, #8686, .T. ) ;
#4798 = CARTESIAN_POINT ( 'NONE',  ( 35.22500000000000142, -2.199999999999999734, -29.50000000000002132 ) ) ;
#4799 = ADVANCED_FACE ( 'NONE', ( #5072, #8781 ), #5030, .F. ) ;
#4800 = ORIENTED_EDGE ( 'NONE', *, *, #707, .T. ) ;
#4801 = VERTEX_POINT ( 'NONE', #6552 ) ;
#4802 = PLANE ( 'NONE',  #286 ) ;
#4803 = DIRECTION ( 'NONE',  ( -0.000000000000000000, 1.000000000000000000, 0.000000000000000000 ) ) ;
#4804 = VECTOR ( 'NONE', #4362, 1000.000000000000000 ) ;
#4805 = EDGE_LOOP ( 'NONE', ( #1951, #1118, #1873, #282, #963, #5341, #6387, #1393, #9284, #5036, #4195, #1279, #7002, #9135, #9275, #3951, #4892, #5602, #584, #1473, #1616, #1220, #2493, #7341 ) ) ;
#4806 = CARTESIAN_POINT ( 'NONE',  ( 38.31380793923467110, -11.77500000000000036, -16.70500000000001961 ) ) ;
#4807 = DIRECTION ( 'NONE',  ( -1.000000000000000000, 0.000000000000000000, 0.000000000000000000 ) ) ;
#4808 = B_SPLINE_SURFACE_WITH_KNOTS ( 'NONE', 3, 3, ( 
 ( #4626, #5343, #9052, #8243 ),
 ( #1800, #5441, #7589, #8864 ),
 ( #2373, #1749, #1846, #7450 ),
 ( #1099, #7540, #4723, #3783 ),
 ( #1054, #8155, #960, #3825 ),
 ( #248, #3118, #6014, #4766 ),
 ( #1139, #2598, #6911, #4005 ) ),
 .UNSPECIFIED., .F., .F., .F.,
 ( 4, 1, 1, 1, 4 ),
 ( 4, 4 ),
 ( 0.1967213114754099990, 0.2725409836065575409, 0.3483606557377050272, 0.4241803278688525136, 0.5000000000000000000 ),
 ( 0.000000000000000000, 1.000000000000000000 ),
 .UNSPECIFIED. ) ;
#4809 = CARTESIAN_POINT ( 'NONE',  ( 36.22499999999999432, -1.819537539667371195, -9.399999999999998579 ) ) ;
#4810 = ORIENTED_EDGE ( 'NONE', *, *, #792, .T. ) ;
#4811 = VECTOR ( 'NONE', #8990, 1000.000000000000000 ) ;
#4812 = CARTESIAN_POINT ( 'NONE',  ( -35.22500000000000142, 0.000000000000000000, -35.89999999999997016 ) ) ;
#4813 = ORIENTED_EDGE ( 'NONE', *, *, #8975, .T. ) ;
#4814 = ORIENTED_EDGE ( 'NONE', *, *, #3006, .T. ) ;
#4815 = DIRECTION ( 'NONE',  ( 0.000000000000000000, -1.000000000000000000, 0.000000000000000000 ) ) ;
#4816 = VERTEX_POINT ( 'NONE', #7974 ) ;
#4817 = ORIENTED_EDGE ( 'NONE', *, *, #8867, .T. ) ;
#4818 = DIRECTION ( 'NONE',  ( 0.000000000000000000, 0.000000000000000000, 1.000000000000000000 ) ) ;
#4819 = VECTOR ( 'NONE', #207, 1000.000000000000000 ) ;
#4820 = LINE ( 'NONE', #5483, #4631 ) ;
#4821 = DIRECTION ( 'NONE',  ( -1.000000000000000000, 0.000000000000000000, 0.000000000000000000 ) ) ;
#4822 = VERTEX_POINT ( 'NONE', #2942 ) ;
#4823 = DIRECTION ( 'NONE',  ( -1.000000000000000000, 0.000000000000000000, 1.084202172485504631E-15 ) ) ;
#4824 = VECTOR ( 'NONE', #2630, 1000.000000000000000 ) ;
#4825 = DIRECTION ( 'NONE',  ( 0.000000000000000000, 0.000000000000000000, -1.000000000000000000 ) ) ;
#4826 = DIRECTION ( 'NONE',  ( 1.000000000000000000, 0.000000000000000000, 0.000000000000000000 ) ) ;
#4827 = CARTESIAN_POINT ( 'NONE',  ( 0.000000000000000000, 0.000000000000000000, 0.000000000000000000 ) ) ;
#4828 = ORIENTED_EDGE ( 'NONE', *, *, #8202, .F. ) ;
#4829 = EDGE_CURVE ( 'NONE', #1652, #5179, #164, .T. ) ;
#4830 = FACE_OUTER_BOUND ( 'NONE', #5062, .T. ) ;
#4831 = VERTEX_POINT ( 'NONE', #7408 ) ;
#4832 = LINE ( 'NONE', #9299, #5112 ) ;
#4834 = CARTESIAN_POINT ( 'NONE',  ( 24.22499999999999787, -9.659192512834597011, -37.47500000000000142 ) ) ;
#4833 = VECTOR ( 'NONE', #2995, 1000.000000000000000 ) ;
#4835 = DIRECTION ( 'NONE',  ( 0.000000000000000000, 0.000000000000000000, -1.000000000000000000 ) ) ;
#4836 = ORIENTED_EDGE ( 'NONE', *, *, #6346, .F. ) ;
#4837 = CARTESIAN_POINT ( 'NONE',  ( -27.12874297933608503, -10.46984523231758502, -13.45371957594128531 ) ) ;
#4838 = AXIS2_PLACEMENT_3D ( 'NONE', #7674, #4057, #1942 ) ;
#4839 = AXIS2_PLACEMENT_3D ( 'NONE', #2611, #6116, #4736 ) ;
#4840 = DIRECTION ( 'NONE',  ( -0.000000000000000000, 0.000000000000000000, -1.000000000000000000 ) ) ;
#4841 = VERTEX_POINT ( 'NONE', #33 ) ;
#4842 = EDGE_CURVE ( 'NONE', #6004, #5769, #2903, .T. ) ;
#4843 = CARTESIAN_POINT ( 'NONE',  ( -0.3047901690410605435, 1.493496405698544249, -0.4826000000000000290 ) ) ;
#4844 = CARTESIAN_POINT ( 'NONE',  ( -36.22500000000000142, -1.819537539667370973, -14.10332024559068920 ) ) ;
#4845 = CARTESIAN_POINT ( 'NONE',  ( 9.596687352960589616E-19, 0.7620000000000000107, 0.2476499999999999813 ) ) ;
#4846 = CARTESIAN_POINT ( 'NONE',  ( 36.22500000000000142, -0.8195375396673710844, -14.10332024559068920 ) ) ;
#4847 = ORIENTED_EDGE ( 'NONE', *, *, #827, .F. ) ;
#4848 = ORIENTED_EDGE ( 'NONE', *, *, #1890, .F. ) ;
#4849 = DIRECTION ( 'NONE',  ( 0.000000000000000000, 0.000000000000000000, 1.000000000000000000 ) ) ;
#4850 = PLANE ( 'NONE',  #2408 ) ;
#4851 = EDGE_CURVE ( 'NONE', #2985, #3152, #4363, .T. ) ;
#4852 = EDGE_CURVE ( 'NONE', #3321, #4496, #8826, .T. ) ;
#4853 = DIRECTION ( 'NONE',  ( -0.9993908270190957621, 0.03489949670250105246, 0.000000000000000000 ) ) ;
#4854 = VERTEX_POINT ( 'NONE', #3788 ) ;
#4855 = DIRECTION ( 'NONE',  ( 0.000000000000000000, 1.000000000000000000, 0.000000000000000000 ) ) ;
#4856 = LINE ( 'NONE', #5661, #5397 ) ;
#4857 = ADVANCED_FACE ( 'NONE', ( #3742 ), #793, .T. ) ;
#4858 = CARTESIAN_POINT ( 'NONE',  ( 35.22500000000000142, 0.000000000000000000, 35.90000000000001990 ) ) ;
#4859 = EDGE_LOOP ( 'NONE', ( #1251, #8451 ) ) ;
#4860 = LINE ( 'NONE', #4286, #6886 ) ;
#4861 = EDGE_LOOP ( 'NONE', ( #6916, #1897, #2638, #1034, #8378, #7795, #8991, #3201 ) ) ;
#4862 = DIRECTION ( 'NONE',  ( 0.5124556377240662153, 0.8587137004641421933, 0.000000000000000000 ) ) ;
#4863 = VERTEX_POINT ( 'NONE', #2245 ) ;
#4864 = EDGE_CURVE ( 'NONE', #514, #90, #1440, .T. ) ;
#4865 = ORIENTED_EDGE ( 'NONE', *, *, #2069, .F. ) ;
#4866 = DIRECTION ( 'NONE',  ( 0.000000000000000000, -1.000000000000000000, -5.528999126619305500E-16 ) ) ;
#4867 = DIRECTION ( 'NONE',  ( -1.084202172485504631E-15, 0.000000000000000000, 1.000000000000000000 ) ) ;
#4868 = EDGE_CURVE ( 'NONE', #3259, #2848, #3692, .T. ) ;
#4869 = DIRECTION ( 'NONE',  ( -1.000000000000000000, 0.000000000000000000, 0.000000000000000000 ) ) ;
#4870 = ORIENTED_EDGE ( 'NONE', *, *, #7131, .F. ) ;
#4871 = EDGE_LOOP ( 'NONE', ( #259, #8705, #3314, #4836 ) ) ;
#4872 = VERTEX_POINT ( 'NONE', #5173 ) ;
#4873 = LINE ( 'NONE', #3495, #3729 ) ;
#4874 = CARTESIAN_POINT ( 'NONE',  ( -38.72500000000000142, -11.77500000000000036, 0.000000000000000000 ) ) ;
#4875 = FACE_OUTER_BOUND ( 'NONE', #6268, .T. ) ;
#4876 = ORIENTED_EDGE ( 'NONE', *, *, #3525, .T. ) ;
#4877 = PLANE ( 'NONE',  #1004 ) ;
#4878 = FACE_OUTER_BOUND ( 'NONE', #7557, .T. ) ;
#4879 = CARTESIAN_POINT ( 'NONE',  ( -27.22500000000000497, -10.59439199674360488, -30.72500735310447695 ) ) ;
#4880 = CARTESIAN_POINT ( 'NONE',  ( -38.72500000000000142, -6.275000000000001243, 12.40000000000000213 ) ) ;
#4881 = VERTEX_POINT ( 'NONE', #1576 ) ;
#4882 = CARTESIAN_POINT ( 'NONE',  ( -24.22500000000000497, -9.659192512834595234, -6.125000000000008882 ) ) ;
#4883 = B_SPLINE_SURFACE_WITH_KNOTS ( 'NONE', 3, 3, ( 
 ( #1721, #4739, #4554, #7643 ),
 ( #8260, #1158, #363, #3939 ),
 ( #4593, #6841, #5275, #8174 ),
 ( #6700, #7505, #6744, #267 ),
 ( #1820, #3138, #4647, #1766 ),
 ( #6037, #8934, #1020, #6797 ),
 ( #2528, #8312, #4699, #1115 ) ),
 .UNSPECIFIED., .F., .F., .F.,
 ( 4, 1, 1, 1, 4 ),
 ( 4, 4 ),
 ( 0.6960862708634040219, 0.7720647031475529332, 0.8480431354317019554, 0.9240215677158510887, 1.000000000000000000 ),
 ( 0.000000000000000000, 1.000000000000000000 ),
 .UNSPECIFIED. ) ;
#4884 = DIRECTION ( 'NONE',  ( 0.000000000000000000, 0.000000000000000000, 1.000000000000000000 ) ) ;
#4885 = ORIENTED_EDGE ( 'NONE', *, *, #3279, .F. ) ;
#4886 = CARTESIAN_POINT ( 'NONE',  ( 43.31380793923467110, -11.77500000000000036, 16.70500000000001961 ) ) ;
#4887 = CARTESIAN_POINT ( 'NONE',  ( -36.62499999999999289, 0.000000000000000000, -34.50499999999998124 ) ) ;
#4888 = DIRECTION ( 'NONE',  ( 0.000000000000000000, 1.000000000000000000, 0.000000000000000000 ) ) ;
#4889 = ADVANCED_FACE ( 'NONE', ( #4445 ), #7360, .F. ) ;
#4890 = LINE ( 'NONE', #602, #2662 ) ;
#4891 = ORIENTED_EDGE ( 'NONE', *, *, #3966, .F. ) ;
#4892 = ORIENTED_EDGE ( 'NONE', *, *, #8009, .F. ) ;
#4893 = CARTESIAN_POINT ( 'NONE',  ( -43.31380793923467110, 0.000000000000000000, -26.89500000000002089 ) ) ;
#4894 = LINE ( 'NONE', #1453, #5122 ) ;
#4895 = DIRECTION ( 'NONE',  ( 0.000000000000000000, 1.000000000000000000, -0.000000000000000000 ) ) ;
#4896 = ORIENTED_EDGE ( 'NONE', *, *, #643, .F. ) ;
#4897 = LINE ( 'NONE', #1975, #8425 ) ;
#4898 = FACE_OUTER_BOUND ( 'NONE', #8662, .T. ) ;
#4899 = DIRECTION ( 'NONE',  ( -1.000000000000000000, 0.000000000000000000, 0.000000000000000000 ) ) ;
#4900 = ADVANCED_FACE ( 'NONE', ( #6158 ), #2429, .T. ) ;
#4901 = LINE ( 'NONE', #5516, #5673 ) ;
#4902 = ORIENTED_EDGE ( 'NONE', *, *, #3265, .F. ) ;
#4903 = ADVANCED_FACE ( 'NONE', ( #3882 ), #3080, .F. ) ;
#4904 = ORIENTED_EDGE ( 'NONE', *, *, #8963, .F. ) ;
#4905 = DIRECTION ( 'NONE',  ( 1.084202172485504631E-15, 0.000000000000000000, 1.000000000000000000 ) ) ;
#4906 = ADVANCED_FACE ( 'NONE', ( #9060 ), #4011, .F. ) ;
#4907 = ORIENTED_EDGE ( 'NONE', *, *, #3072, .T. ) ;
#4908 = VERTEX_POINT ( 'NONE', #8870 ) ;
#4909 = DIRECTION ( 'NONE',  ( -1.000000000000000000, 0.000000000000000000, 0.000000000000000000 ) ) ;
#4910 = CARTESIAN_POINT ( 'NONE',  ( 27.22499999999999787, -10.62779375035100848, 34.47500000000000142 ) ) ;
#4911 = VECTOR ( 'NONE', #7999, 1000.000000000000114 ) ;
#4912 = CARTESIAN_POINT ( 'NONE',  ( 43.31380793923467110, -11.77500000000000036, 26.89500000000002089 ) ) ;
#4913 = ADVANCED_FACE ( 'NONE', ( #5307 ), #1755, .T. ) ;
#4914 = ORIENTED_EDGE ( 'NONE', *, *, #8921, .T. ) ;
#4915 = ORIENTED_EDGE ( 'NONE', *, *, #9328, .F. ) ;
#4916 = LINE ( 'NONE', #2794, #8124 ) ;
#4917 = EDGE_CURVE ( 'NONE', #2595, #2150, #8462, .T. ) ;
#4918 = LINE ( 'NONE', #5586, #5261 ) ;
#4919 = VECTOR ( 'NONE', #2235, 1000.000000000000000 ) ;
#4920 = FACE_OUTER_BOUND ( 'NONE', #2484, .T. ) ;
#4921 = EDGE_LOOP ( 'NONE', ( #5720, #744, #5195, #7189, #6222, #100, #1323, #7596, #3731, #3841, #8217, #3614, #8549, #2272 ) ) ;
#4922 = DIRECTION ( 'NONE',  ( -0.000000000000000000, 1.000000000000000000, -0.000000000000000000 ) ) ;
#4923 = ORIENTED_EDGE ( 'NONE', *, *, #8421, .F. ) ;
#4924 = DIRECTION ( 'NONE',  ( -0.000000000000000000, 0.000000000000000000, -1.000000000000000000 ) ) ;
#4925 = CARTESIAN_POINT ( 'NONE',  ( -25.57449291493243493, -9.808253005177547834, -28.23838798005172634 ) ) ;
#4926 = CARTESIAN_POINT ( 'NONE',  ( -0.3047999999999999599, 6.324599999999999334, 2.362200000000000077 ) ) ;
#4927 = ORIENTED_EDGE ( 'NONE', *, *, #4439, .F. ) ;
#4928 = CARTESIAN_POINT ( 'NONE',  ( 35.22500000000000142, -2.199999999999999734, 34.20000000000000284 ) ) ;
#4929 = DIRECTION ( 'NONE',  ( 1.000000000000000000, 0.000000000000000000, -6.938893903907232322E-16 ) ) ;
#4930 = VERTEX_POINT ( 'NONE', #4633 ) ;
#4931 = VECTOR ( 'NONE', #1716, 1000.000000000000000 ) ;
#4932 = VECTOR ( 'NONE', #2882, 1000.000000000000000 ) ;
#4933 = CARTESIAN_POINT ( 'NONE',  ( -27.22499999999999787, -10.62779375035100848, 34.47500000000000142 ) ) ;
#4934 = AXIS2_PLACEMENT_3D ( 'NONE', #5723, #4143, #3634 ) ;
#4935 = CARTESIAN_POINT ( 'NONE',  ( -35.22500000000000142, -2.199999999999999734, 29.50000000000002132 ) ) ;
#4936 = AXIS2_PLACEMENT_3D ( 'NONE', #1824, #368, #4653 ) ;
#4937 = CARTESIAN_POINT ( 'NONE',  ( -25.21059208921510120, -9.736852453990751499, 15.51535622886637178 ) ) ;
#4938 = CIRCLE ( 'NONE', #8280, 0.9398000000000001908 ) ;
#4939 = LINE ( 'NONE', #4228, #4321 ) ;
#4940 = ORIENTED_EDGE ( 'NONE', *, *, #2845, .T. ) ;
#4941 = VECTOR ( 'NONE', #9085, 1000.000000000000000 ) ;
#4942 = ORIENTED_EDGE ( 'NONE', *, *, #3346, .F. ) ;
#4943 = CARTESIAN_POINT ( 'NONE',  ( 38.72500000000000142, -11.77500000000000036, 0.000000000000000000 ) ) ;
#4944 = AXIS2_PLACEMENT_3D ( 'NONE', #1520, #6001, #6577 ) ;
#4945 = CARTESIAN_POINT ( 'NONE',  ( -35.22500000000000142, 0.000000000000000000, 0.000000000000000000 ) ) ;
#4946 = B_SPLINE_CURVE_WITH_KNOTS ( 'NONE', 3,
 ( #4569, #815, #3065, #2318 ),
 .UNSPECIFIED., .F., .F.,
 ( 4, 4 ),
 ( 0.000000000000000000, 1.000000000000000000 ),
 .UNSPECIFIED. ) ;
#4947 = CARTESIAN_POINT ( 'NONE',  ( -2.168404344971009854E-16, 6.324599999999999334, -3.174999999999999822 ) ) ;
#4948 = ORIENTED_EDGE ( 'NONE', *, *, #8092, .F. ) ;
#4949 = CARTESIAN_POINT ( 'NONE',  ( 36.22499999999999432, -1.819537539667371195, 14.10166012279535508 ) ) ;
#4950 = EDGE_CURVE ( 'NONE', #7975, #8641, #4730, .T. ) ;
#4951 = AXIS2_PLACEMENT_3D ( 'NONE', #50, #2270, #2922 ) ;
#4952 = DIRECTION ( 'NONE',  ( 1.000000000000000000, 0.000000000000000000, 0.000000000000000000 ) ) ;
#4953 = CARTESIAN_POINT ( 'NONE',  ( 26.49354543725019440, -10.10336944436757811, 14.64756145270835752 ) ) ;
#4954 = DIRECTION ( 'NONE',  ( -0.000000000000000000, 1.000000000000000000, -0.000000000000000000 ) ) ;
#4955 = ORIENTED_EDGE ( 'NONE', *, *, #3866, .F. ) ;
#4956 = ORIENTED_EDGE ( 'NONE', *, *, #2713, .T. ) ;
#4957 = DIRECTION ( 'NONE',  ( 0.000000000000000000, 0.000000000000000000, 1.000000000000000000 ) ) ;
#4958 = VECTOR ( 'NONE', #3606, 1000.000000000000000 ) ;
#4959 = ORIENTED_EDGE ( 'NONE', *, *, #9330, .F. ) ;
#4960 = ORIENTED_EDGE ( 'NONE', *, *, #4396, .F. ) ;
#4961 = DIRECTION ( 'NONE',  ( 0.000000000000000000, 0.000000000000000000, -1.000000000000000000 ) ) ;
#4962 = EDGE_CURVE ( 'NONE', #7377, #4020, #5148, .T. ) ;
#4963 = CARTESIAN_POINT ( 'NONE',  ( 25.74978749038663040, -9.851544940775486481, 37.06600874077387431 ) ) ;
#4964 = EDGE_CURVE ( 'NONE', #881, #6487, #7455, .T. ) ;
#4965 = AXIS2_PLACEMENT_3D ( 'NONE', #485, #7117, #1197 ) ;
#4966 = LINE ( 'NONE', #1992, #6208 ) ;
#4967 = ORIENTED_EDGE ( 'NONE', *, *, #9212, .T. ) ;
#4968 = ORIENTED_EDGE ( 'NONE', *, *, #215, .F. ) ;
#4969 = CARTESIAN_POINT ( 'NONE',  ( -27.22499999999999787, -11.77500000000000036, -15.67499999999999361 ) ) ;
#4970 = CARTESIAN_POINT ( 'NONE',  ( -0.3047999999999999599, 12.19235930419984015, -2.374900000000000233 ) ) ;
#4971 = VECTOR ( 'NONE', #5657, 1000.000000000000000 ) ;
#4972 = DIRECTION ( 'NONE',  ( -1.259407789102440013E-18, -1.000000000000000000, 0.000000000000000000 ) ) ;
#4973 = CARTESIAN_POINT ( 'NONE',  ( 36.62500000000000000, -15.33207507933474290, -10.91835950881864292 ) ) ;
#4974 = ORIENTED_EDGE ( 'NONE', *, *, #5946, .F. ) ;
#4975 = ADVANCED_FACE ( 'NONE', ( #3249 ), #6733, .T. ) ;
#4976 = CARTESIAN_POINT ( 'NONE',  ( -24.22500000000000142, -9.659192512834597011, 37.47500000000000142 ) ) ;
#4977 = EDGE_CURVE ( 'NONE', #3013, #5810, #6071, .T. ) ;
#4978 = CARTESIAN_POINT ( 'NONE',  ( -27.22500000000000497, -10.59439199674360310, -8.925007353104497554 ) ) ;
#4979 = FACE_OUTER_BOUND ( 'NONE', #6543, .T. ) ;
#4980 = EDGE_CURVE ( 'NONE', #7102, #2683, #8250, .T. ) ;
#4981 = DIRECTION ( 'NONE',  ( 0.000000000000000000, 2.891205793294672903E-16, -1.000000000000000000 ) ) ;
#4982 = VECTOR ( 'NONE', #3215, 1000.000000000000000 ) ;
#4983 = ORIENTED_EDGE ( 'NONE', *, *, #3771, .T. ) ;
#4984 = DIRECTION ( 'NONE',  ( 0.000000000000000000, 0.000000000000000000, -1.000000000000000000 ) ) ;
#4985 = LINE ( 'NONE', #8542, #7865 ) ;
#4986 = ORIENTED_EDGE ( 'NONE', *, *, #2500, .F. ) ;
#4987 = AXIS2_PLACEMENT_3D ( 'NONE', #3200, #7760, #4665 ) ;
#4988 = EDGE_CURVE ( 'NONE', #4096, #6057, #7592, .T. ) ;
#4989 = VECTOR ( 'NONE', #457, 1000.000000000000000 ) ;
#4990 = FACE_OUTER_BOUND ( 'NONE', #5203, .T. ) ;
#4991 = DIRECTION ( 'NONE',  ( 0.000000000000000000, 1.000000000000000000, -0.000000000000000000 ) ) ;
#4992 = CARTESIAN_POINT ( 'NONE',  ( 39.35983003675661251, 0.000000000000000000, 21.78393290460574505 ) ) ;
#4993 = ADVANCED_FACE ( 'NONE', ( #5681 ), #9251, .F. ) ;
#4994 = AXIS2_PLACEMENT_3D ( 'NONE', #9066, #7638, #1900 ) ;
#4995 = DIRECTION ( 'NONE',  ( -1.084202172485504631E-15, 0.000000000000000000, 1.000000000000000000 ) ) ;
#4996 = ORIENTED_EDGE ( 'NONE', *, *, #9212, .F. ) ;
#4997 = CARTESIAN_POINT ( 'NONE',  ( 26.07125110576854610, -9.945416374412040739, 28.55226633920047519 ) ) ;
#4998 = LINE ( 'NONE', #6379, #4971 ) ;
#4999 = FACE_OUTER_BOUND ( 'NONE', #8075, .T. ) ;
#5000 = ORIENTED_EDGE ( 'NONE', *, *, #5911, .T. ) ;
#5001 = CARTESIAN_POINT ( 'NONE',  ( -38.72500000000000142, -11.77500000000000036, 30.89500000000002089 ) ) ;
#5002 = VECTOR ( 'NONE', #8526, 1000.000000000000114 ) ;
#5003 = DIRECTION ( 'NONE',  ( -0.000000000000000000, -0.000000000000000000, 1.000000000000000000 ) ) ;
#5004 = CARTESIAN_POINT ( 'NONE',  ( 36.10619919654360643, -1.364875552443587381, -14.09999999999997833 ) ) ;
#5005 = CARTESIAN_POINT ( 'NONE',  ( 36.62499999999999289, 0.000000000000000000, -34.50499999999998124 ) ) ;
#5006 = ORIENTED_EDGE ( 'NONE', *, *, #8475, .T. ) ;
#5007 = ORIENTED_EDGE ( 'NONE', *, *, #3839, .F. ) ;
#5008 = LINE ( 'NONE', #2028, #3423 ) ;
#5009 = ORIENTED_EDGE ( 'NONE', *, *, #6027, .F. ) ;
#5010 = ORIENTED_EDGE ( 'NONE', *, *, #8925, .T. ) ;
#5011 = CARTESIAN_POINT ( 'NONE',  ( -0.3047999999999999599, 3.048000000000000043, 0.01270000000000014173 ) ) ;
#5012 = DIRECTION ( 'NONE',  ( -1.000000000000000000, 0.000000000000000000, 1.084202172485504631E-15 ) ) ;
#5013 = B_SPLINE_CURVE_WITH_KNOTS ( 'NONE', 3,
 ( #2766, #8546, #2059, #2909, #4937, #5795, #7843, #5752, #4123, #4226, #7031, #7137, #6415, #2159, #5697, #8597, #1408, #5035 ),
 .UNSPECIFIED., .F., .F.,
 ( 4, 2, 2, 2, 2, 2, 2, 2, 4 ),
 ( 3.469446951953614189E-18, 0.0005995997566965384669, 0.001199199513393073464, 0.001798799270089608462, 0.002398399026786143459, 0.002997998783482678457, 0.003597598540179213454, 0.004197198296875748885, 0.004796798053572283449 ),
 .UNSPECIFIED. ) ;
#5014 = DIRECTION ( 'NONE',  ( 0.000000000000000000, 0.000000000000000000, -1.000000000000000000 ) ) ;
#5015 = ORIENTED_EDGE ( 'NONE', *, *, #9053, .F. ) ;
#5016 = ORIENTED_EDGE ( 'NONE', *, *, #1346, .F. ) ;
#5017 = CARTESIAN_POINT ( 'NONE',  ( 36.62499999999999289, -11.77500000000000036, 9.095000000000020179 ) ) ;
#5018 = EDGE_CURVE ( 'NONE', #7196, #5974, #1247, .T. ) ;
#5019 = DIRECTION ( 'NONE',  ( 0.000000000000000000, 1.000000000000000000, -0.000000000000000000 ) ) ;
#5020 = ORIENTED_EDGE ( 'NONE', *, *, #781, .F. ) ;
#5021 = DIRECTION ( 'NONE',  ( 0.000000000000000000, 0.000000000000000000, 1.000000000000000000 ) ) ;
#5022 = DIRECTION ( 'NONE',  ( 0.000000000000000000, 0.000000000000000000, -1.000000000000000000 ) ) ;
#5023 = CARTESIAN_POINT ( 'NONE',  ( 1.535515227524490209E-17, 12.19235930419984015, -3.174999999999999822 ) ) ;
#5024 = CARTESIAN_POINT ( 'NONE',  ( 35.22500000000000142, -6.275000000000001243, -31.19999999999999929 ) ) ;
#5025 = ORIENTED_EDGE ( 'NONE', *, *, #254, .T. ) ;
#5026 = EDGE_CURVE ( 'NONE', #265, #4391, #7063, .T. ) ;
#5027 = EDGE_CURVE ( 'NONE', #6653, #7048, #3303, .T. ) ;
#5028 = B_SPLINE_CURVE_WITH_KNOTS ( 'NONE', 3,
 ( #1260, #6370, #1359, #5751 ),
 .UNSPECIFIED., .F., .F.,
 ( 4, 4 ),
 ( 0.000000000000000000, 1.000000000000000000 ),
 .UNSPECIFIED. ) ;
#5029 = CARTESIAN_POINT ( 'NONE',  ( 27.22499999999999787, -11.77500000000000036, 37.47500000000000142 ) ) ;
#5030 = CYLINDRICAL_SURFACE ( 'NONE', #5129, 10.77500000000000036 ) ;
#5031 = ORIENTED_EDGE ( 'NONE', *, *, #2204, .T. ) ;
#5032 = FACE_OUTER_BOUND ( 'NONE', #2051, .T. ) ;
#5033 = LINE ( 'NONE', #1626, #7536 ) ;
#5034 = CARTESIAN_POINT ( 'NONE',  ( -3.022599999999999731, 11.20139999999999958, 2.374900000000000233 ) ) ;
#5035 = CARTESIAN_POINT ( 'NONE',  ( -27.22499999999999787, -10.62779375035101026, 12.67499999999999538 ) ) ;
#5036 = ORIENTED_EDGE ( 'NONE', *, *, #5110, .T. ) ;
#5037 = LINE ( 'NONE', #4319, #5394 ) ;
#5038 = ADVANCED_FACE ( 'NONE', ( #442 ), #1340, .F. ) ;
#5039 = LINE ( 'NONE', #7938, #3589 ) ;
#5040 = CYLINDRICAL_SURFACE ( 'NONE', #5271, 1.099999999999996758 ) ;
#5041 = EDGE_CURVE ( 'NONE', #384, #6735, #3448, .T. ) ;
#5042 = CARTESIAN_POINT ( 'NONE',  ( 6.077901990208380357E-19, 0.4826000000000000290, 0.4826000000000000290 ) ) ;
#5043 = VERTEX_POINT ( 'NONE', #8580 ) ;
#5044 = CARTESIAN_POINT ( 'NONE',  ( 36.22500000000000142, -1.819537539667370973, -7.703320245590689730 ) ) ;
#5045 = LINE ( 'NONE', #760, #878 ) ;
#5046 = CARTESIAN_POINT ( 'NONE',  ( -36.62499999999999289, -11.77500000000000036, 9.095000000000020179 ) ) ;
#5047 = LINE ( 'NONE', #809, #1140 ) ;
#5048 = EDGE_LOOP ( 'NONE', ( #8122, #7665, #814, #8687, #2657 ) ) ;
#5049 = ORIENTED_EDGE ( 'NONE', *, *, #8290, .F. ) ;
#5050 = LINE ( 'NONE', #1236, #9191 ) ;
#5051 = ORIENTED_EDGE ( 'NONE', *, *, #6903, .F. ) ;
#5052 = ORIENTED_EDGE ( 'NONE', *, *, #6681, .F. ) ;
#5053 = FACE_OUTER_BOUND ( 'NONE', #9031, .T. ) ;
#5054 = CARTESIAN_POINT ( 'NONE',  ( -36.62499999999999289, -11.77500000000000036, 35.90000000000001990 ) ) ;
#5055 = EDGE_CURVE ( 'NONE', #5153, #4841, #241, .T. ) ;
#5056 = CARTESIAN_POINT ( 'NONE',  ( -0.3047999999999999599, 13.30959999999999965, 2.374900000000000233 ) ) ;
#5057 = ORIENTED_EDGE ( 'NONE', *, *, #6390, .F. ) ;
#5058 = ORIENTED_EDGE ( 'NONE', *, *, #7990, .T. ) ;
#5059 = ORIENTED_EDGE ( 'NONE', *, *, #5388, .F. ) ;
#5060 = CARTESIAN_POINT ( 'NONE',  ( 24.22500000000000142, -9.659192512834602340, 15.67499999999999361 ) ) ;
#5061 = DIRECTION ( 'NONE',  ( -1.000000000000000000, 0.000000000000000000, 0.000000000000000000 ) ) ;
#5062 = EDGE_LOOP ( 'NONE', ( #3045, #1184, #2194, #1190 ) ) ;
#5063 = CARTESIAN_POINT ( 'NONE',  ( 0.3812922172450244895, 7.747601927289059276, 2.387599999999999945 ) ) ;
#5064 = CIRCLE ( 'NONE', #5968, 0.6350000000000003419 ) ;
#5065 = CARTESIAN_POINT ( 'NONE',  ( 38.72500000000000142, -6.275000000000000355, 31.19999999999999574 ) ) ;
#5066 = EDGE_CURVE ( 'NONE', #7737, #384, #4207, .T. ) ;
#5067 = DIRECTION ( 'NONE',  ( -0.000000000000000000, 1.000000000000000000, -0.000000000000000000 ) ) ;
#5068 = VECTOR ( 'NONE', #2212, 1000.000000000000000 ) ;
#5069 = LINE ( 'NONE', #735, #8329 ) ;
#5070 = ORIENTED_EDGE ( 'NONE', *, *, #7001, .T. ) ;
#5071 = DIRECTION ( 'NONE',  ( 7.127563398038339466E-17, 0.000000000000000000, 1.000000000000000000 ) ) ;
#5072 = FACE_OUTER_BOUND ( 'NONE', #5469, .T. ) ;
#5073 = ORIENTED_EDGE ( 'NONE', *, *, #2541, .T. ) ;
#5074 = FACE_OUTER_BOUND ( 'NONE', #4921, .T. ) ;
#5075 = DIRECTION ( 'NONE',  ( -0.000000000000000000, 1.000000000000000000, -0.000000000000000000 ) ) ;
#5076 = EDGE_CURVE ( 'NONE', #8239, #7399, #636, .T. ) ;
#5077 = CARTESIAN_POINT ( 'NONE',  ( 0.3047901690410599884, 1.493496405698544249, 0.01270000000000036204 ) ) ;
#5078 = EDGE_CURVE ( 'NONE', #1410, #854, #2753, .T. ) ;
#5079 = CARTESIAN_POINT ( 'NONE',  ( 27.12874297933606726, -10.46984523231758502, -30.14628042405870545 ) ) ;
#5080 = EDGE_LOOP ( 'NONE', ( #621, #7489, #1887, #3297, #505, #8903, #6232, #7007 ) ) ;
#5081 = DIRECTION ( 'NONE',  ( 7.127563398038339466E-17, 0.000000000000000000, 1.000000000000000000 ) ) ;
#5082 = APPLICATION_CONTEXT ( 'automotive_design' ) ;
#5083 = LINE ( 'NONE', #7370, #9200 ) ;
#5084 = AXIS2_PLACEMENT_3D ( 'NONE', #2912, #5081, #7232 ) ;
#5085 = AXIS2_PLACEMENT_3D ( 'NONE', #8784, #4365, #3609 ) ;
#5086 = CYLINDRICAL_SURFACE ( 'NONE', #8153, 3.000000000000000000 ) ;
#5087 = CIRCLE ( 'NONE', #8119, 10.77499999999999858 ) ;
#5088 = LINE ( 'NONE', #843, #546 ) ;
#5089 = ORIENTED_EDGE ( 'NONE', *, *, #7053, .F. ) ;
#5090 = CARTESIAN_POINT ( 'NONE',  ( -38.72500000000000142, -11.77500000000000036, 9.095000000000020179 ) ) ;
#5091 = DIRECTION ( 'NONE',  ( -1.000000000000000000, -0.000000000000000000, 0.000000000000000000 ) ) ;
#5092 = EDGE_CURVE ( 'NONE', #7432, #1652, #486, .T. ) ;
#5093 = CARTESIAN_POINT ( 'NONE',  ( 36.62499999999999289, -11.77500000000000036, 35.90000000000001990 ) ) ;
#5094 = VECTOR ( 'NONE', #1633, 1000.000000000000000 ) ;
#5095 = EDGE_CURVE ( 'NONE', #5578, #6459, #8487, .T. ) ;
#5096 = COLOUR_RGB ( '',0.7921568627450980005, 0.8196078431372548767, 0.9333333333333333481 ) ;
#5097 = CARTESIAN_POINT ( 'NONE',  ( 36.62500000000000000, -11.77500000000000036, -14.09999999999997655 ) ) ;
#5098 = ORIENTED_EDGE ( 'NONE', *, *, #7535, .T. ) ;
#5099 = ORIENTED_EDGE ( 'NONE', *, *, #2841, .F. ) ;
#5100 = CARTESIAN_POINT ( 'NONE',  ( 0.3812922172450244895, 7.747601927289059276, 2.387599999999999945 ) ) ;
#5101 = UNCERTAINTY_MEASURE_WITH_UNIT (LENGTH_MEASURE( 1.000000000000000082E-05 ), #256, 'distance_accuracy_value', 'NONE');
#5102 = EDGE_LOOP ( 'NONE', ( #6299, #5031, #7433, #8997 ) ) ;
#5103 = AXIS2_PLACEMENT_3D ( 'NONE', #957, #998, #2230 ) ;
#5104 = VECTOR ( 'NONE', #2664, 1000.000000000000000 ) ;
#5105 = ORIENTED_EDGE ( 'NONE', *, *, #9317, .F. ) ;
#5106 = CARTESIAN_POINT ( 'NONE',  ( -1.320799999999999974, 13.30959999999999965, 2.374900000000000233 ) ) ;
#5107 = CIRCLE ( 'NONE', #578, 1.016000000000000014 ) ;
#5108 = LINE ( 'NONE', #8008, #7537 ) ;
#5109 = DIRECTION ( 'NONE',  ( 0.2588190451025145222, 0.9659258262890699775, -2.943801717310629913E-16 ) ) ;
#5110 = EDGE_CURVE ( 'NONE', #151, #5675, #5587, .T. ) ;
#5111 = VECTOR ( 'NONE', #8590, 1000.000000000000000 ) ;
#5112 = VECTOR ( 'NONE', #7170, 1000.000000000000000 ) ;
#5113 = ORIENTED_EDGE ( 'NONE', *, *, #2940, .F. ) ;
#5114 = FACE_OUTER_BOUND ( 'NONE', #3792, .T. ) ;
#5115 = ORIENTED_EDGE ( 'NONE', *, *, #8390, .F. ) ;
#5116 = VECTOR ( 'NONE', #1103, 1000.000000000000000 ) ;
#5117 = LINE ( 'NONE', #5063, #399 ) ;
#5118 = CARTESIAN_POINT ( 'NONE',  ( 38.72500000000000142, 5.421010862427522170E-16, -9.399999999999998579 ) ) ;
#5119 = CARTESIAN_POINT ( 'NONE',  ( -27.22499999999999787, -11.77500000000000036, 9.125000000000008882 ) ) ;
#5120 = VERTEX_POINT ( 'NONE', #3390 ) ;
#5121 = VERTEX_POINT ( 'NONE', #7877 ) ;
#5122 = VECTOR ( 'NONE', #7797, 1000.000000000000000 ) ;
#5123 = SHAPE_REPRESENTATION ( '21700_battery_holder_assemV2', ( #1681, #7735, #5608, #9254, #4244, #3325, #6213, #2887, #4395, #8189 ), #3181 ) ;
#5124 = CARTESIAN_POINT ( 'NONE',  ( -36.62500000000000000, 0.000000000000000000, 7.700000000000022382 ) ) ;
#5125 = LINE ( 'NONE', #1491, #4055 ) ;
#5126 = ORIENTED_EDGE ( 'NONE', *, *, #4851, .T. ) ;
#5127 = LINE ( 'NONE', #3694, #2071 ) ;
#5128 = DIRECTION ( 'NONE',  ( 0.000000000000000000, 0.000000000000000000, 1.000000000000000000 ) ) ;
#5129 = AXIS2_PLACEMENT_3D ( 'NONE', #7319, #1620, #7275 ) ;
#5131 = DIRECTION ( 'NONE',  ( 0.000000000000000000, 0.000000000000000000, 1.000000000000000000 ) ) ;
#5130 = VECTOR ( 'NONE', #8193, 1000.000000000000000 ) ;
#5132 = CARTESIAN_POINT ( 'NONE',  ( 27.22499999999998721, -10.59437064379734394, -30.72487950256430267 ) ) ;
#5133 = ORIENTED_EDGE ( 'NONE', *, *, #3461, .F. ) ;
#5134 = FACE_OUTER_BOUND ( 'NONE', #413, .T. ) ;
#5135 = CARTESIAN_POINT ( 'NONE',  ( 35.39166666666665861, -1.199999999999999956, 7.703320245590689730 ) ) ;
#5136 = ADVANCED_FACE ( 'NONE', ( #4920 ), #5634, .T. ) ;
#5137 = VECTOR ( 'NONE', #8983, 1000.000000000000000 ) ;
#5138 = DIRECTION ( 'NONE',  ( 0.9902680687415702510, 0.1391731009600660485, 0.000000000000000000 ) ) ;
#5139 = DIRECTION ( 'NONE',  ( -1.000000000000000000, 0.000000000000000000, 0.000000000000000000 ) ) ;
#5140 = ORIENTED_EDGE ( 'NONE', *, *, #8224, .F. ) ;
#5141 = LINE ( 'NONE', #8041, #5712 ) ;
#5142 = CARTESIAN_POINT ( 'NONE',  ( 35.22500000000000142, 7.223861876568090346E-23, 0.1250000000000018319 ) ) ;
#5143 = CARTESIAN_POINT ( 'NONE',  ( 27.22499999999999787, 0.000000000000000000, 10.90000000000000036 ) ) ;
#5144 = VECTOR ( 'NONE', #9301, 1000.000000000000000 ) ;
#5145 = PLANE ( 'NONE',  #2948 ) ;
#5146 = VERTEX_POINT ( 'NONE', #4773 ) ;
#5147 = ORIENTED_EDGE ( 'NONE', *, *, #5482, .T. ) ;
#5148 = B_SPLINE_CURVE_WITH_KNOTS ( 'NONE', 3,
 ( #2515, #1062, #3968, #2379, #5263, #5399, #8162, #1669, #3124, #1710, #1106, #308, #353, #3171, #965, #3211, #8302, #4542 ),
 .UNSPECIFIED., .F., .F.,
 ( 4, 2, 2, 2, 2, 2, 2, 2, 4 ),
 ( 0.000000000000000000, 0.0005996163484686798826, 0.001199232696937359765, 0.001798849045406039539, 0.002398465393874719531, 0.002998081742343399522, 0.003597698090812079079, 0.004197314439280759070, 0.004796930787749439061 ),
 .UNSPECIFIED. ) ;
#5149 = LINE ( 'NONE', #3811, #882 ) ;
#5150 = EDGE_CURVE ( 'NONE', #3442, #6698, #8388, .T. ) ;
#5151 = ADVANCED_FACE ( 'NONE', ( #4062 ), #6969, .F. ) ;
#5152 = CARTESIAN_POINT ( 'NONE',  ( 24.22500000000000142, -9.659192512834595234, -6.125000000000008882 ) ) ;
#5153 = VERTEX_POINT ( 'NONE', #6297 ) ;
#5154 = CIRCLE ( 'NONE', #24, 0.3047999999999999599 ) ;
#5155 = ADVANCED_FACE ( 'NONE', ( #4875 ), #1478, .T. ) ;
#5156 = VECTOR ( 'NONE', #4991, 1000.000000000000000 ) ;
#5157 = ORIENTED_EDGE ( 'NONE', *, *, #1745, .T. ) ;
#5158 = CARTESIAN_POINT ( 'NONE',  ( 35.22500000000000142, 1.461533075723289096E-22, -10.90000000000000036 ) ) ;
#5159 = CARTESIAN_POINT ( 'NONE',  ( 36.62499999999999289, -11.77500000000000036, -34.50499999999998124 ) ) ;
#5160 = DIRECTION ( 'NONE',  ( -0.000000000000000000, 1.000000000000000000, -0.000000000000000000 ) ) ;
#5161 = ORIENTED_EDGE ( 'NONE', *, *, #9208, .F. ) ;
#5162 = CARTESIAN_POINT ( 'NONE',  ( -38.72500000000000142, -11.77500000000000036, 12.70500000000002139 ) ) ;
#5163 = EDGE_CURVE ( 'NONE', #8099, #8334, #9342, .T. ) ;
#5164 = ITEM_DEFINED_TRANSFORMATION ( 'NONE', 'NONE', #6213,  #2439 ) ;
#5165 = ORIENTED_EDGE ( 'NONE', *, *, #8430, .F. ) ;
#5166 = ADVANCED_FACE ( 'NONE', ( #2184, #8631 ), #4300, .F. ) ;
#5167 = CARTESIAN_POINT ( 'NONE',  ( 24.22500000000000142, -11.77500000000000036, 12.67499999999999538 ) ) ;
#5168 = B_SPLINE_CURVE_WITH_KNOTS ( 'NONE', 3,
 ( #7435, #946, #2964, #898 ),
 .UNSPECIFIED., .F., .F.,
 ( 4, 4 ),
 ( 0.000000000000000000, 1.000000000000000000 ),
 .UNSPECIFIED. ) ;
#5169 = LINE ( 'NONE', #8776, #8724 ) ;
#5170 = CARTESIAN_POINT ( 'NONE',  ( 27.22499999999999787, -10.62779375035100848, 34.47500000000000142 ) ) ;
#5171 = ORIENTED_EDGE ( 'NONE', *, *, #536, .T. ) ;
#5172 = DIRECTION ( 'NONE',  ( -0.000000000000000000, 0.000000000000000000, 1.000000000000000000 ) ) ;
#5173 = CARTESIAN_POINT ( 'NONE',  ( -35.72499999999999432, -1.200000000000000178, 14.10166012279535508 ) ) ;
#5174 = VERTEX_POINT ( 'NONE', #7963 ) ;
#5175 = DIRECTION ( 'NONE',  ( -0.000000000000000000, 1.000000000000000000, 0.000000000000000000 ) ) ;
#5176 = DIRECTION ( 'NONE',  ( 0.000000000000000000, 0.000000000000000000, -1.000000000000000000 ) ) ;
#5177 = CARTESIAN_POINT ( 'NONE',  ( -0.3047999999999999599, 3.048000000000000043, 0.4826000000000000290 ) ) ;
#5178 = LINE ( 'NONE', #3795, #7722 ) ;
#5179 = VERTEX_POINT ( 'NONE', #3596 ) ;
#5180 = CARTESIAN_POINT ( 'NONE',  ( -2.193253119671569884, 13.83025492792763878, -2.374900000000000233 ) ) ;
#5181 = ORIENTED_EDGE ( 'NONE', *, *, #3737, .T. ) ;
#5182 = CARTESIAN_POINT ( 'NONE',  ( -36.22500000000000142, -0.8195375396673710844, 14.10332024559068920 ) ) ;
#5183 = CARTESIAN_POINT ( 'NONE',  ( 36.22499999999999432, -11.77500000000000036, -14.09999999999997655 ) ) ;
#5184 = CARTESIAN_POINT ( 'NONE',  ( -39.35983003675661251, -0.02500000000000038997, 21.78393290460574505 ) ) ;
#5185 = ORIENTED_EDGE ( 'NONE', *, *, #9077, .T. ) ;
#5186 = DIRECTION ( 'NONE',  ( -1.000000000000000000, -0.000000000000000000, -0.000000000000000000 ) ) ;
#5187 = CARTESIAN_POINT ( 'NONE',  ( -36.17597965325337839, -1.444077682344543367, 7.700000000000023270 ) ) ;
#5188 = CARTESIAN_POINT ( 'NONE',  ( -27.22499999999998721, -10.59437064379734394, -34.67512049743569236 ) ) ;
#5189 = EDGE_CURVE ( 'NONE', #4566, #5043, #7265, .T. ) ;
#5190 = DIRECTION ( 'NONE',  ( -1.259407789102440013E-18, -1.000000000000000000, 0.000000000000000000 ) ) ;
#5191 = ORIENTED_EDGE ( 'NONE', *, *, #351, .F. ) ;
#5192 = ORIENTED_EDGE ( 'NONE', *, *, #3169, .T. ) ;
#5193 = LINE ( 'NONE', #3715, #3270 ) ;
#5194 = DIRECTION ( 'NONE',  ( -1.000000000000000000, 0.000000000000000000, 0.000000000000000000 ) ) ;
#5195 = ORIENTED_EDGE ( 'NONE', *, *, #8769, .T. ) ;
#5196 = ORIENTED_EDGE ( 'NONE', *, *, #8105, .T. ) ;
#5197 = DIRECTION ( 'NONE',  ( -0.000000000000000000, 1.000000000000000000, -0.000000000000000000 ) ) ;
#5198 = CARTESIAN_POINT ( 'NONE',  ( 35.98112712793338375, -1.248815536468908416, 14.10000000000002096 ) ) ;
#5199 = ADVANCED_FACE ( 'NONE', ( #728 ), #6502, .T. ) ;
#5200 = EDGE_CURVE ( 'NONE', #52, #3376, #2933, .T. ) ;
#5201 = DIRECTION ( 'NONE',  ( 1.000000000000000000, 0.000000000000000000, 0.000000000000000000 ) ) ;
#5202 = DIRECTION ( 'NONE',  ( 1.084202172485504631E-15, 0.000000000000000000, 1.000000000000000000 ) ) ;
#5203 = EDGE_LOOP ( 'NONE', ( #4885, #4221, #8441, #2076 ) ) ;
#5204 = CARTESIAN_POINT ( 'NONE',  ( -0.3047999999999999599, 0.4826000000000000290, -0.4826000000000000290 ) ) ;
#5205 = ORIENTED_EDGE ( 'NONE', *, *, #1284, .F. ) ;
#5206 = DIRECTION ( 'NONE',  ( 0.000000000000000000, -1.000000000000000000, 0.000000000000000000 ) ) ;
#5207 = LINE ( 'NONE', #5065, #4167 ) ;
#5208 = ADVANCED_FACE ( 'NONE', ( #679 ), #3542, .T. ) ;
#5209 = DIRECTION ( 'NONE',  ( 0.000000000000000000, 0.000000000000000000, 1.000000000000000000 ) ) ;
#5210 = ADVANCED_FACE ( 'NONE', ( #7917 ), #8516, .F. ) ;
#5211 = ORIENTED_EDGE ( 'NONE', *, *, #5593, .F. ) ;
#5212 = VERTEX_POINT ( 'NONE', #7000 ) ;
#5213 = DIRECTION ( 'NONE',  ( 1.084202172485504631E-15, 0.000000000000000000, 1.000000000000000000 ) ) ;
#5214 = VECTOR ( 'NONE', #6570, 1000.000000000000000 ) ;
#5215 = DIRECTION ( 'NONE',  ( -1.000000000000000000, 0.000000000000000000, -0.000000000000000000 ) ) ;
#5216 = ORIENTED_EDGE ( 'NONE', *, *, #8756, .T. ) ;
#5217 = CARTESIAN_POINT ( 'NONE',  ( 35.98092231765544824, -1.249020346745934651, 7.700000000000023270 ) ) ;
#5218 = DIRECTION ( 'NONE',  ( 0.000000000000000000, 0.000000000000000000, -1.000000000000000000 ) ) ;
#5219 = CARTESIAN_POINT ( 'NONE',  ( 9.596687352960589616E-19, 0.7620000000000000107, 0.4434416666666664564 ) ) ;
#5220 = CARTESIAN_POINT ( 'NONE',  ( 24.62915442669686072, -9.669406056536470118, -27.94550321198903831 ) ) ;
#5221 = AXIS2_PLACEMENT_3D ( 'NONE', #8039, #7940, #130 ) ;
#5222 = ORIENTED_EDGE ( 'NONE', *, *, #7703, .F. ) ;
#5223 = EDGE_CURVE ( 'NONE', #474, #3863, #4240, .T. ) ;
#5224 = FACE_OUTER_BOUND ( 'NONE', #4482, .T. ) ;
#5225 = LINE ( 'NONE', #4456, #6320 ) ;
#5226 = DIRECTION ( 'NONE',  ( 0.000000000000000000, -1.000000000000000000, 0.000000000000000000 ) ) ;
#5227 = DIRECTION ( 'NONE',  ( 0.000000000000000000, 1.000000000000000000, 5.528999126619305500E-16 ) ) ;
#5228 = DIRECTION ( 'NONE',  ( 0.000000000000000000, 0.000000000000000000, -1.000000000000000000 ) ) ;
#5229 = PLANE ( 'NONE',  #6044 ) ;
#5230 = DIRECTION ( 'NONE',  ( -1.000000000000000000, 0.000000000000000000, 0.000000000000000000 ) ) ;
#5231 = ORIENTED_EDGE ( 'NONE', *, *, #4193, .F. ) ;
#5232 = VERTEX_POINT ( 'NONE', #2125 ) ;
#5233 = ORIENTED_EDGE ( 'NONE', *, *, #2994, .T. ) ;
#5234 = CARTESIAN_POINT ( 'NONE',  ( 38.72500000000000142, -11.77500000000000036, 0.000000000000000000 ) ) ;
#5235 = CARTESIAN_POINT ( 'NONE',  ( -36.62500000000000000, 0.000000000000000000, -14.09999999999997655 ) ) ;
#5236 = EDGE_CURVE ( 'NONE', #4312, #6340, #7857, .T. ) ;
#5237 = VERTEX_POINT ( 'NONE', #4137 ) ;
#5238 = DIRECTION ( 'NONE',  ( -0.03489949670250104552, 0.9993908270190956511, 0.000000000000000000 ) ) ;
#5239 = AXIS2_PLACEMENT_3D ( 'NONE', #8433, #6699, #216 ) ;
#5240 = DIRECTION ( 'NONE',  ( 0.000000000000000000, 0.000000000000000000, 1.000000000000000000 ) ) ;
#5241 = VECTOR ( 'NONE', #3815, 1000.000000000000000 ) ;
#5242 = FACE_OUTER_BOUND ( 'NONE', #1463, .T. ) ;
#5243 = ORIENTED_EDGE ( 'NONE', *, *, #7349, .T. ) ;
#5244 = CARTESIAN_POINT ( 'NONE',  ( -36.10619920759111068, -1.364875564122135954, -7.699999999999977973 ) ) ;
#5245 = ORIENTED_EDGE ( 'NONE', *, *, #5604, .T. ) ;
#5246 = FACE_OUTER_BOUND ( 'NONE', #8254, .T. ) ;
#5247 = AXIS2_PLACEMENT_3D ( 'NONE', #8564, #4957, #7860 ) ;
#5248 = AXIS2_PLACEMENT_3D ( 'NONE', #9038, #378, #2545 ) ;
#5249 = EDGE_CURVE ( 'NONE', #8563, #8040, #5621, .T. ) ;
#5250 = VECTOR ( 'NONE', #7616, 1000.000000000000000 ) ;
#5251 = EDGE_CURVE ( 'NONE', #8379, #7810, #7152, .T. ) ;
#5252 = VERTEX_POINT ( 'NONE', #515 ) ;
#5253 = CARTESIAN_POINT ( 'NONE',  ( 27.22499999999999787, -11.77500000000000036, 30.92499999999999716 ) ) ;
#5254 = CARTESIAN_POINT ( 'NONE',  ( 35.22500000000000142, 0.000000000000000000, 21.67500000000000071 ) ) ;
#5255 = AXIS2_PLACEMENT_3D ( 'NONE', #5922, #8067, #3651 ) ;
#5256 = AXIS2_PLACEMENT_3D ( 'NONE', #3141, #5322, #6041 ) ;
#5257 = CARTESIAN_POINT ( 'NONE',  ( 0.000000000000000000, 0.000000000000000000, -3.174999999999999822 ) ) ;
#5258 = EDGE_LOOP ( 'NONE', ( #5389, #9068, #426, #7090 ) ) ;
#5259 = DIRECTION ( 'NONE',  ( 0.03489949670250104552, 0.9993908270190956511, -0.000000000000000000 ) ) ;
#5260 = EDGE_CURVE ( 'NONE', #5120, #7737, #8418, .T. ) ;
#5261 = VECTOR ( 'NONE', #8385, 1000.000000000000000 ) ;
#5262 = EDGE_CURVE ( 'NONE', #44, #3904, #562, .T. ) ;
#5263 = CARTESIAN_POINT ( 'NONE',  ( 27.07124291334524813, -10.42170876108506050, -8.157084185575541824 ) ) ;
#5264 = VERTEX_POINT ( 'NONE', #4812 ) ;
#5265 = LINE ( 'NONE', #8969, #8725 ) ;
#5266 = EDGE_CURVE ( 'NONE', #1864, #4301, #3384, .T. ) ;
#5267 = ORIENTED_EDGE ( 'NONE', *, *, #715, .F. ) ;
#5268 = LINE ( 'NONE', #1675, #1484 ) ;
#5269 = CARTESIAN_POINT ( 'NONE',  ( 0.3047901690410594888, 2.316503594301459579, 0.1301750000000000129 ) ) ;
#5270 = LINE ( 'NONE', #7462, #4833 ) ;
#5271 = AXIS2_PLACEMENT_3D ( 'NONE', #1312, #5706, #1267 ) ;
#5272 = ORIENTED_EDGE ( 'NONE', *, *, #4558, .T. ) ;
#5273 = CARTESIAN_POINT ( 'NONE',  ( 38.31380793923467110, -11.77500000000000036, 26.89500000000002444 ) ) ;
#5274 = ORIENTED_EDGE ( 'NONE', *, *, #7544, .T. ) ;
#5275 = CARTESIAN_POINT ( 'NONE',  ( -0.6095901690410610030, 1.493496405698546026, -0.1282933054276768070 ) ) ;
#5276 = EDGE_CURVE ( 'NONE', #8907, #1314, #4901, .T. ) ;
#5277 = DIRECTION ( 'NONE',  ( -1.000000000000000000, 0.000000000000000000, -0.000000000000000000 ) ) ;
#5278 = VECTOR ( 'NONE', #2988, 1000.000000000000114 ) ;
#5279 = DIRECTION ( 'NONE',  ( -1.084202172485504631E-15, 0.000000000000000000, 1.000000000000000000 ) ) ;
#5280 = LINE ( 'NONE', #3804, #4480 ) ;
#5281 = EDGE_CURVE ( 'NONE', #9016, #9011, #4860, .T. ) ;
#5282 = DIRECTION ( 'NONE',  ( -0.000000000000000000, 1.000000000000000000, 2.891205793294672410E-16 ) ) ;
#5283 = CARTESIAN_POINT ( 'NONE',  ( -27.22499999999999787, -11.77500000000000036, 15.67499999999999361 ) ) ;
#5284 = VECTOR ( 'NONE', #761, 1000.000000000000000 ) ;
#5285 = DIRECTION ( 'NONE',  ( -1.084202172485504631E-15, 0.000000000000000000, 1.000000000000000000 ) ) ;
#5286 = ORIENTED_EDGE ( 'NONE', *, *, #9340, .T. ) ;
#5287 = ORIENTED_EDGE ( 'NONE', *, *, #3771, .F. ) ;
#5288 = EDGE_LOOP ( 'NONE', ( #915, #4530, #3854, #3988 ) ) ;
#5289 = FACE_OUTER_BOUND ( 'NONE', #1467, .T. ) ;
#5290 = DIRECTION ( 'NONE',  ( 1.000000000000000000, 0.000000000000000000, 0.000000000000000000 ) ) ;
#5291 = ORIENTED_EDGE ( 'NONE', *, *, #7575, .T. ) ;
#5292 = CARTESIAN_POINT ( 'NONE',  ( -35.53404056599874394, -1.439075079334741991, -14.09335950881864363 ) ) ;
#5293 = LINE ( 'NONE', #5159, #5860 ) ;
#5294 = DIRECTION ( 'NONE',  ( 1.084202172485504631E-15, 0.000000000000000000, 1.000000000000000000 ) ) ;
#5295 = ORIENTED_EDGE ( 'NONE', *, *, #4439, .T. ) ;
#5296 = ORIENTED_EDGE ( 'NONE', *, *, #8984, .F. ) ;
#5297 = CARTESIAN_POINT ( 'NONE',  ( -27.22499999999999787, -11.77500000000000036, -37.47500000000000142 ) ) ;
#5298 = VECTOR ( 'NONE', #8481, 1000.000000000000000 ) ;
#5299 = ORIENTED_EDGE ( 'NONE', *, *, #7836, .T. ) ;
#5300 = LINE ( 'NONE', #3075, #7980 ) ;
#5301 = DIRECTION ( 'NONE',  ( -0.000000000000000000, 1.000000000000000000, 0.000000000000000000 ) ) ;
#5302 = LINE ( 'NONE', #7492, #4389 ) ;
#5303 = LINE ( 'NONE', #6827, #5984 ) ;
#5304 = EDGE_CURVE ( 'NONE', #5631, #1428, #7798, .T. ) ;
#5305 = ORIENTED_EDGE ( 'NONE', *, *, #7128, .T. ) ;
#5306 = CARTESIAN_POINT ( 'NONE',  ( -38.72500000000000142, -11.77500000000000036, -30.89499999999997826 ) ) ;
#5307 = FACE_OUTER_BOUND ( 'NONE', #1998, .T. ) ;
#5308 = VERTEX_POINT ( 'NONE', #5005 ) ;
#5309 = CARTESIAN_POINT ( 'NONE',  ( -35.22500000000000142, -1.439075079334741991, -7.698339877204666060 ) ) ;
#5310 = VERTEX_POINT ( 'NONE', #616 ) ;
#5311 = DIRECTION ( 'NONE',  ( -0.000000000000000000, 1.000000000000000000, -0.000000000000000000 ) ) ;
#5312 = CARTESIAN_POINT ( 'NONE',  ( -36.62499999999999289, -11.77500000000000036, 35.90000000000001990 ) ) ;
#5313 = CARTESIAN_POINT ( 'NONE',  ( -35.22500000000000142, 0.000000000000000000, 0.000000000000000000 ) ) ;
#5314 = EDGE_CURVE ( 'NONE', #1235, #6883, #7718, .T. ) ;
#5315 = EDGE_CURVE ( 'NONE', #881, #3291, #5663, .T. ) ;
#5316 = ORIENTED_EDGE ( 'NONE', *, *, #5620, .T. ) ;
#5317 = ORIENTED_EDGE ( 'NONE', *, *, #7416, .T. ) ;
#5318 = EDGE_CURVE ( 'NONE', #617, #3878, #7187, .T. ) ;
#5319 = DIRECTION ( 'NONE',  ( -1.000000000000000000, 0.000000000000000000, 0.000000000000000000 ) ) ;
#5320 = CARTESIAN_POINT ( 'NONE',  ( 43.31380793923467110, 0.000000000000000000, 16.70500000000001961 ) ) ;
#5321 = LINE ( 'NONE', #8265, #3243 ) ;
#5322 = DIRECTION ( 'NONE',  ( -0.000000000000000000, 1.000000000000000000, -0.000000000000000000 ) ) ;
#5323 = CARTESIAN_POINT ( 'NONE',  ( 36.62500000000000000, -11.77500000000000036, 29.50000000000002132 ) ) ;
#5324 = FACE_OUTER_BOUND ( 'NONE', #5642, .T. ) ;
#5325 = EDGE_CURVE ( 'NONE', #4801, #1715, #3429, .T. ) ;
#5326 = DIRECTION ( 'NONE',  ( 0.000000000000000000, 0.000000000000000000, -1.000000000000000000 ) ) ;
#5327 = ORIENTED_EDGE ( 'NONE', *, *, #4371, .F. ) ;
#5328 = VERTEX_POINT ( 'NONE', #665 ) ;
#5329 = ORIENTED_EDGE ( 'NONE', *, *, #7127, .T. ) ;
#5330 = CARTESIAN_POINT ( 'NONE',  ( -27.22499999999999787, 0.000000000000000000, 32.70000000000000284 ) ) ;
#5331 = ADVANCED_FACE ( 'NONE', ( #6335 ), #9179, .F. ) ;
#5332 = CARTESIAN_POINT ( 'NONE',  ( -36.62499999999999289, -11.77500000000000036, 34.50500000000002387 ) ) ;
#5333 = DIRECTION ( 'NONE',  ( 0.9659258262890699775, -0.2588190451025145222, 0.000000000000000000 ) ) ;
#5334 = DIRECTION ( 'NONE',  ( 0.03489949670250104552, 0.9993908270190956511, 0.000000000000000000 ) ) ;
#5335 = CARTESIAN_POINT ( 'NONE',  ( 36.22499999999999432, -11.77500000000000036, 35.90000000000001990 ) ) ;
#5336 = ORIENTED_EDGE ( 'NONE', *, *, #792, .F. ) ;
#5337 = ORIENTED_EDGE ( 'NONE', *, *, #7348, .T. ) ;
#5338 = EDGE_CURVE ( 'NONE', #7065, #7337, #4188, .T. ) ;
#5339 = DIRECTION ( 'NONE',  ( 0.000000000000000000, 0.000000000000000000, -1.000000000000000000 ) ) ;
#5340 = B_SPLINE_CURVE_WITH_KNOTS ( 'NONE', 3,
 ( #314, #4640, #5404, #1813 ),
 .UNSPECIFIED., .F., .F.,
 ( 4, 4 ),
 ( 0.000000000000000000, 1.000000000000000000 ),
 .UNSPECIFIED. ) ;
#5341 = ORIENTED_EDGE ( 'NONE', *, *, #2465, .T. ) ;
#5342 = CYLINDRICAL_SURFACE ( 'NONE', #7367, 3.000000000000002665 ) ;
#5343 = CARTESIAN_POINT ( 'NONE',  ( -9.830958940470169467E-06, 2.316503594301455138, 0.4826000000000000290 ) ) ;
#5344 = CARTESIAN_POINT ( 'NONE',  ( -36.22500000000000142, -1.819537539667370973, -14.10332024559068920 ) ) ;
#5345 = EDGE_LOOP ( 'NONE', ( #4424, #7276, #6425, #242 ) ) ;
#5346 = ORIENTED_EDGE ( 'NONE', *, *, #6638, .T. ) ;
#5347 = DIRECTION ( 'NONE',  ( -0.000000000000000000, -0.000000000000000000, 1.000000000000000000 ) ) ;
#5348 = DIRECTION ( 'NONE',  ( 0.000000000000000000, 0.000000000000000000, -1.000000000000000000 ) ) ;
#5349 = CARTESIAN_POINT ( 'NONE',  ( 36.62500000000000000, -16.09299999999999997, 32.67500000000002558 ) ) ;
#5350 = ORIENTED_EDGE ( 'NONE', *, *, #2, .F. ) ;
#5351 = EDGE_CURVE ( 'NONE', #5252, #7113, #3529, .T. ) ;
#5352 = CARTESIAN_POINT ( 'NONE',  ( -36.22499999999999432, -1.606240087966798846, -14.09999999999997655 ) ) ;
#5353 = EDGE_LOOP ( 'NONE', ( #7965, #7285, #4983, #2216 ) ) ;
#5354 = CARTESIAN_POINT ( 'NONE',  ( -26.61757646021300161, -10.15895812762798300, 7.304858576203312914 ) ) ;
#5355 = CARTESIAN_POINT ( 'NONE',  ( 36.22500000000000142, -1.819537539667370973, -14.10332024559068920 ) ) ;
#5356 = B_SPLINE_CURVE_WITH_KNOTS ( 'NONE', 3,
 ( #2207, #803, #5729, #7207 ),
 .UNSPECIFIED., .F., .F.,
 ( 4, 4 ),
 ( 0.000000000000000000, 1.000000000000000000 ),
 .UNSPECIFIED. ) ;
#5357 = DIRECTION ( 'NONE',  ( -1.000000000000000000, 0.000000000000000000, 0.000000000000000000 ) ) ;
#5358 = ORIENTED_EDGE ( 'NONE', *, *, #3229, .F. ) ;
#5359 = FACE_OUTER_BOUND ( 'NONE', #2506, .T. ) ;
#5360 = DIRECTION ( 'NONE',  ( 0.000000000000000000, 1.000000000000000000, -0.000000000000000000 ) ) ;
#5361 = ORIENTED_EDGE ( 'NONE', *, *, #7781, .F. ) ;
#5362 = ADVANCED_FACE ( 'NONE', ( #7946 ), #1593, .T. ) ;
#5363 = EDGE_CURVE ( 'NONE', #6005, #6978, #4334, .T. ) ;
#5364 = DIRECTION ( 'NONE',  ( -0.9993908270190957621, 0.03489949670250105246, 0.000000000000000000 ) ) ;
#5365 = CARTESIAN_POINT ( 'NONE',  ( -27.12813223880081281, -10.46924288888235743, 35.25627313636647386 ) ) ;
#5366 = CARTESIAN_POINT ( 'NONE',  ( 9.596687352960589616E-19, 0.7620000000000000107, 0.4826000000000000290 ) ) ;
#5367 = VECTOR ( 'NONE', #8436, 1000.000000000000000 ) ;
#5368 = CARTESIAN_POINT ( 'NONE',  ( -0.3047999999999999599, 7.899400000000000865, 3.174999999999999822 ) ) ;
#5369 = LINE ( 'NONE', #1730, #3998 ) ;
#5370 = ORIENTED_EDGE ( 'NONE', *, *, #8651, .F. ) ;
#5371 = VERTEX_POINT ( 'NONE', #5941 ) ;
#5372 = CARTESIAN_POINT ( 'NONE',  ( -38.72500000000000142, -11.77500000000000036, 16.70500000000001961 ) ) ;
#5373 = VECTOR ( 'NONE', #8634, 1000.000000000000000 ) ;
#5374 = LINE ( 'NONE', #1972, #4510 ) ;
#5375 = ADVANCED_FACE ( 'NONE', ( #186 ), #47, .T. ) ;
#5376 = EDGE_CURVE ( 'NONE', #1574, #4854, #2875, .T. ) ;
#5377 = VERTEX_POINT ( 'NONE', #8661 ) ;
#5378 = CARTESIAN_POINT ( 'NONE',  ( 35.22500000000000142, 5.421010862427522170E-16, -31.19999999999999929 ) ) ;
#5379 = CARTESIAN_POINT ( 'NONE',  ( -0.3047999999999999599, 6.324599999999999334, -3.174999999999999822 ) ) ;
#5380 = EDGE_CURVE ( 'NONE', #5810, #1244, #2310, .T. ) ;
#5381 = LINE ( 'NONE', #5514, #7872 ) ;
#5382 = ORIENTED_EDGE ( 'NONE', *, *, #581, .T. ) ;
#5383 = CARTESIAN_POINT ( 'NONE',  ( -36.62500000000000000, -11.77500000000000036, -35.89999999999997016 ) ) ;
#5384 = ORIENTED_EDGE ( 'NONE', *, *, #1403, .T. ) ;
#5385 = DIRECTION ( 'NONE',  ( 1.000000000000000000, 0.000000000000000000, -0.000000000000000000 ) ) ;
#5386 = VECTOR ( 'NONE', #1705, 1000.000000000000000 ) ;
#5387 = AXIS2_PLACEMENT_3D ( 'NONE', #7052, #7954, #718 ) ;
#5388 = EDGE_CURVE ( 'NONE', #2386, #1183, #6127, .T. ) ;
#5389 = ORIENTED_EDGE ( 'NONE', *, *, #5055, .F. ) ;
#5390 = CARTESIAN_POINT ( 'NONE',  ( 27.22499999999999787, -10.59439199674360133, -12.87499264689551026 ) ) ;
#5391 = PLANE ( 'NONE',  #1761 ) ;
#5392 = EDGE_CURVE ( 'NONE', #1944, #1235, #5047, .T. ) ;
#5393 = DIRECTION ( 'NONE',  ( -0.000000000000000000, 1.000000000000000000, 0.000000000000000000 ) ) ;
#5394 = VECTOR ( 'NONE', #124, 1000.000000000000000 ) ;
#5395 = AXIS2_PLACEMENT_3D ( 'NONE', #6275, #3422, #8658 ) ;
#5396 = ORIENTED_EDGE ( 'NONE', *, *, #1793, .F. ) ;
#5397 = VECTOR ( 'NONE', #7042, 1000.000000000000000 ) ;
#5398 = CARTESIAN_POINT ( 'NONE',  ( -36.22499999999999432, -11.77500000000000036, 35.90000000000001990 ) ) ;
#5399 = CARTESIAN_POINT ( 'NONE',  ( 26.92214126508580918, -10.32024456652248112, -7.797073517941466747 ) ) ;
#5400 = EDGE_LOOP ( 'NONE', ( #3386, #91, #5296, #204 ) ) ;
#5401 = VECTOR ( 'NONE', #1694, 1000.000000000000000 ) ;
#5402 = VECTOR ( 'NONE', #4589, 1000.000000000000000 ) ;
#5403 = ORIENTED_EDGE ( 'NONE', *, *, #5027, .F. ) ;
#5404 = CARTESIAN_POINT ( 'NONE',  ( -0.6095901690410600038, 1.493496405698544249, -0.01019107390356875989 ) ) ;
#5405 = VECTOR ( 'NONE', #5003, 1000.000000000000000 ) ;
#5406 = LINE ( 'NONE', #2569, #788 ) ;
#5407 = CARTESIAN_POINT ( 'NONE',  ( 1.061493851921866013E-17, 3.048000000000000043, -0.3644977684758924918 ) ) ;
#5408 = ORIENTED_EDGE ( 'NONE', *, *, #1390, .F. ) ;
#5409 = VECTOR ( 'NONE', #7603, 1000.000000000000000 ) ;
#5410 = VERTEX_POINT ( 'NONE', #4516 ) ;
#5411 = CARTESIAN_POINT ( 'NONE',  ( 36.22499999999999432, -1.779691693111580930, 7.700000000000022382 ) ) ;
#5412 = DIRECTION ( 'NONE',  ( 0.000000000000000000, 0.000000000000000000, -1.000000000000000000 ) ) ;
#5413 = ORIENTED_EDGE ( 'NONE', *, *, #2898, .T. ) ;
#5414 = CARTESIAN_POINT ( 'NONE',  ( 35.22500000000000142, 0.000000000000000000, 35.90000000000001990 ) ) ;
#5415 = AXIS2_PLACEMENT_3D ( 'NONE', #6110, #8919, #6785 ) ;
#5416 = DIRECTION ( 'NONE',  ( -0.000000000000000000, 1.000000000000000000, 0.000000000000000000 ) ) ;
#5417 = CARTESIAN_POINT ( 'NONE',  ( -0.3047999999999999599, 6.324599999999999334, 2.362200000000000077 ) ) ;
#5418 = EDGE_CURVE ( 'NONE', #6347, #2820, #8133, .T. ) ;
#5419 = DIRECTION ( 'NONE',  ( 1.084202172485504631E-15, 0.000000000000000000, 1.000000000000000000 ) ) ;
#5420 = ORIENTED_EDGE ( 'NONE', *, *, #6537, .T. ) ;
#5421 = VERTEX_POINT ( 'NONE', #3056 ) ;
#5422 = DIRECTION ( 'NONE',  ( -1.000000000000000000, -0.000000000000000000, -0.000000000000000000 ) ) ;
#5423 = VECTOR ( 'NONE', #4220, 1000.000000000000000 ) ;
#5424 = FACE_OUTER_BOUND ( 'NONE', #1759, .T. ) ;
#5425 = EDGE_LOOP ( 'NONE', ( #3280, #7750, #2924, #4915 ) ) ;
#5426 = LINE ( 'NONE', #3370, #7526 ) ;
#5427 = LINE ( 'NONE', #6139, #6314 ) ;
#5428 = DIRECTION ( 'NONE',  ( -0.000000000000000000, 1.000000000000000000, -0.000000000000000000 ) ) ;
#5429 = VECTOR ( 'NONE', #4495, 1000.000000000000000 ) ;
#5430 = AXIS2_PLACEMENT_3D ( 'NONE', #5696, #7136, #2057 ) ;
#5431 = ORIENTED_EDGE ( 'NONE', *, *, #3471, .F. ) ;
#5432 = EDGE_CURVE ( 'NONE', #6729, #6447, #8084, .T. ) ;
#5433 = EDGE_CURVE ( 'NONE', #5501, #7975, #2919, .T. ) ;
#5434 = ORIENTED_EDGE ( 'NONE', *, *, #6951, .F. ) ;
#5435 = PLANE ( 'NONE',  #8741 ) ;
#5436 = ADVANCED_FACE ( 'NONE', ( #7431 ), #5145, .F. ) ;
#5437 = AXIS2_PLACEMENT_3D ( 'NONE', #3983, #6887, #2578 ) ;
#5438 = VECTOR ( 'NONE', #7649, 1000.000000000000114 ) ;
#5439 = ORIENTED_EDGE ( 'NONE', *, *, #2665, .F. ) ;
#5440 = LINE ( 'NONE', #6240, #6610 ) ;
#5441 = CARTESIAN_POINT ( 'NONE',  ( -9.830958940470169467E-06, 2.316503594301455138, 0.4434416666666664564 ) ) ;
#5442 = VECTOR ( 'NONE', #2447, 1000.000000000000000 ) ;
#5443 = LINE ( 'NONE', #1801, #8337 ) ;
#5444 = VECTOR ( 'NONE', #2330, 1000.000000000000000 ) ;
#5445 = EDGE_CURVE ( 'NONE', #5506, #8675, #5804, .T. ) ;
#5446 = ORIENTED_EDGE ( 'NONE', *, *, #2742, .F. ) ;
#5447 = CARTESIAN_POINT ( 'NONE',  ( 35.22500000000000142, 0.000000000000000000, -14.09999999999997655 ) ) ;
#5448 = CARTESIAN_POINT ( 'NONE',  ( 36.62499999999999289, -11.77500000000000036, 12.70500000000002139 ) ) ;
#5449 = EDGE_CURVE ( 'NONE', #4518, #2957, #137, .T. ) ;
#5450 = CARTESIAN_POINT ( 'NONE',  ( 36.22499999999999432, -11.77500000000000036, 14.10000000000002274 ) ) ;
#5451 = ORIENTED_EDGE ( 'NONE', *, *, #7179, .T. ) ;
#5452 = CIRCLE ( 'NONE', #1229, 1.099999999999996758 ) ;
#5453 = AXIS2_PLACEMENT_3D ( 'NONE', #1253, #5595, #6454 ) ;
#5454 = ORIENTED_EDGE ( 'NONE', *, *, #3978, .F. ) ;
#5455 = LINE ( 'NONE', #969, #4487 ) ;
#5456 = LINE ( 'NONE', #4590, #629 ) ;
#5457 = CYLINDRICAL_SURFACE ( 'NONE', #7123, 3.000000000000002665 ) ;
#5458 = ORIENTED_EDGE ( 'NONE', *, *, #4666, .T. ) ;
#5459 = PRODUCT_DEFINITION_FORMATION_WITH_SPECIFIED_SOURCE ( 'ANY', '', #3357, .NOT_KNOWN. ) ;
#5460 = LINE ( 'NONE', #3183, #4494 ) ;
#5461 = DIRECTION ( 'NONE',  ( 1.000000000000000000, -1.259407789102440013E-18, 0.000000000000000000 ) ) ;
#5462 = ORIENTED_EDGE ( 'NONE', *, *, #6876, .F. ) ;
#5463 = DIRECTION ( 'NONE',  ( 0.000000000000000000, 1.000000000000000000, 5.528999126619305500E-16 ) ) ;
#5464 = DIRECTION ( 'NONE',  ( -0.000000000000000000, 1.000000000000000000, -0.000000000000000000 ) ) ;
#5465 = EDGE_CURVE ( 'NONE', #3101, #4110, #89, .T. ) ;
#5466 = CARTESIAN_POINT ( 'NONE',  ( -35.22500000000000142, 0.000000000000000000, 14.10000000000002274 ) ) ;
#5467 = DIRECTION ( 'NONE',  ( 0.000000000000000000, -1.000000000000000000, 0.000000000000000000 ) ) ;
#5468 = VERTEX_POINT ( 'NONE', #1554 ) ;
#5469 = EDGE_LOOP ( 'NONE', ( #1405, #2508, #7627, #8581 ) ) ;
#5470 = DIRECTION ( 'NONE',  ( -0.9659258262890699775, 0.2588190451025145222, 6.884697564677914478E-17 ) ) ;
#5471 = CARTESIAN_POINT ( 'NONE',  ( 7.965250502957290652E-18, 6.324599999999999334, -3.174999999999999822 ) ) ;
#5472 = VERTEX_POINT ( 'NONE', #6669 ) ;
#5473 = CARTESIAN_POINT ( 'NONE',  ( -24.22500000000000142, -11.77500000000000036, 34.47500000000000142 ) ) ;
#5474 = EDGE_CURVE ( 'NONE', #6683, #3948, #7335, .T. ) ;
#5475 = FACE_OUTER_BOUND ( 'NONE', #3914, .T. ) ;
#5476 = CARTESIAN_POINT ( 'NONE',  ( 0.3812922172450244895, 7.747601927289059276, -2.387599999999999945 ) ) ;
#5477 = ORIENTED_EDGE ( 'NONE', *, *, #5189, .T. ) ;
#5478 = ORIENTED_EDGE ( 'NONE', *, *, #8793, .F. ) ;
#5479 = DIRECTION ( 'NONE',  ( -0.000000000000000000, -1.000000000000000000, -0.000000000000000000 ) ) ;
#5480 = ORIENTED_EDGE ( 'NONE', *, *, #6422, .T. ) ;
#5481 = ORIENTED_EDGE ( 'NONE', *, *, #6591, .F. ) ;
#5482 = EDGE_CURVE ( 'NONE', #1183, #5942, #5899, .T. ) ;
#5483 = CARTESIAN_POINT ( 'NONE',  ( -27.22499999999999787, -11.77500000000000036, 27.92499999999999716 ) ) ;
#5484 = ADVANCED_FACE ( 'NONE', ( #895 ), #3766, .F. ) ;
#5485 = CARTESIAN_POINT ( 'NONE',  ( -35.22500000000000142, -11.77500000000000036, 14.10000000000002274 ) ) ;
#5486 = LINE ( 'NONE', #1847, #3631 ) ;
#5487 = EDGE_LOOP ( 'NONE', ( #139, #433, #2706, #5446 ) ) ;
#5488 = FACE_OUTER_BOUND ( 'NONE', #8048, .T. ) ;
#5489 = LINE ( 'NONE', #4874, #7400 ) ;
#5490 = CARTESIAN_POINT ( 'NONE',  ( 35.22500000000000142, 7.391468880664802966E-23, -21.67499999999999361 ) ) ;
#5491 = ORIENTED_EDGE ( 'NONE', *, *, #5262, .T. ) ;
#5492 = EDGE_CURVE ( 'NONE', #5174, #6474, #2581, .T. ) ;
#5493 = VERTEX_POINT ( 'NONE', #6849 ) ;
#5494 = DIRECTION ( 'NONE',  ( 0.000000000000000000, -2.891205793294672410E-16, 1.000000000000000000 ) ) ;
#5495 = LINE ( 'NONE', #6874, #3176 ) ;
#5496 = ADVANCED_FACE ( 'NONE', ( #329 ), #1868, .F. ) ;
#5497 = CARTESIAN_POINT ( 'NONE',  ( 38.69822086598600208, -11.00814593567793942, -43.98661451251675203 ) ) ;
#5498 = ORIENTED_EDGE ( 'NONE', *, *, #244, .T. ) ;
#5499 = DIRECTION ( 'NONE',  ( 1.000000000000000000, 0.000000000000000000, -0.000000000000000000 ) ) ;
#5500 = CARTESIAN_POINT ( 'NONE',  ( 36.22499999999999432, -1.606240094849108457, -7.699999999999977973 ) ) ;
#5501 = VERTEX_POINT ( 'NONE', #9079 ) ;
#5502 = LINE ( 'NONE', #2533, #6478 ) ;
#5503 = DIRECTION ( 'NONE',  ( 1.000000000000000000, -0.000000000000000000, -0.000000000000000000 ) ) ;
#5504 = DIRECTION ( 'NONE',  ( 0.000000000000000000, 0.000000000000000000, -1.000000000000000000 ) ) ;
#5505 = LINE ( 'NONE', #9166, #3720 ) ;
#5506 = VERTEX_POINT ( 'NONE', #942 ) ;
#5507 = VERTEX_POINT ( 'NONE', #6707 ) ;
#5508 = FACE_BOUND ( 'NONE', #4592, .T. ) ;
#5509 = FACE_OUTER_BOUND ( 'NONE', #8616, .T. ) ;
#5510 = VECTOR ( 'NONE', #4423, 1000.000000000000000 ) ;
#5511 = ORIENTED_EDGE ( 'NONE', *, *, #6181, .F. ) ;
#5512 = CARTESIAN_POINT ( 'NONE',  ( -0.3047999999999999599, 0.7620000000000000107, -0.4826000000000000290 ) ) ;
#5513 = DIRECTION ( 'NONE',  ( -1.259407789102440013E-18, -1.000000000000000000, 0.000000000000000000 ) ) ;
#5514 = CARTESIAN_POINT ( 'NONE',  ( -36.62500000000000000, -11.77500000000000036, -35.89999999999997016 ) ) ;
#5515 = VERTEX_POINT ( 'NONE', #8227 ) ;
#5516 = CARTESIAN_POINT ( 'NONE',  ( 36.62500000000000000, 0.000000000000000000, 29.50000000000002132 ) ) ;
#5517 = ORIENTED_EDGE ( 'NONE', *, *, #669, .F. ) ;
#5518 = VECTOR ( 'NONE', #1504, 1000.000000000000000 ) ;
#5519 = ORIENTED_EDGE ( 'NONE', *, *, #1855, .T. ) ;
#5520 = FACE_BOUND ( 'NONE', #4246, .T. ) ;
#5521 = ADVANCED_FACE ( 'NONE', ( #6177 ), #8183, .F. ) ;
#5522 = ORIENTED_EDGE ( 'NONE', *, *, #195, .T. ) ;
#5523 = ORIENTED_EDGE ( 'NONE', *, *, #5251, .T. ) ;
#5524 = LINE ( 'NONE', #3126, #108 ) ;
#5525 = FACE_OUTER_BOUND ( 'NONE', #6660, .T. ) ;
#5526 = LINE ( 'NONE', #6243, #8482 ) ;
#5527 = ORIENTED_EDGE ( 'NONE', *, *, #3753, .T. ) ;
#5528 = FACE_OUTER_BOUND ( 'NONE', #2558, .T. ) ;
#5529 = EDGE_CURVE ( 'NONE', #2829, #2342, #5064, .T. ) ;
#5530 = VECTOR ( 'NONE', #4125, 1000.000000000000000 ) ;
#5531 = VECTOR ( 'NONE', #6627, 1000.000000000000000 ) ;
#5532 = DIRECTION ( 'NONE',  ( 0.000000000000000000, 0.000000000000000000, 1.000000000000000000 ) ) ;
#5533 = DIRECTION ( 'NONE',  ( -0.000000000000000000, -0.000000000000000000, -1.000000000000000000 ) ) ;
#5534 = CONTEXT_DEPENDENT_SHAPE_REPRESENTATION ( #5959, #2023 ) ;
#5535 = VERTEX_POINT ( 'NONE', #1084 ) ;
#5536 = CARTESIAN_POINT ( 'NONE',  ( -1.320799999999999974, 13.30959999999999965, -2.374900000000000233 ) ) ;
#5537 = ORIENTED_EDGE ( 'NONE', *, *, #3922, .F. ) ;
#5538 = CARTESIAN_POINT ( 'NONE',  ( -25.21059208921509764, -9.736852453990747946, -6.284643771133632484 ) ) ;
#5539 = CONICAL_SURFACE ( 'NONE', #6000, 3.834499999999997577, 0.7853981633973854404 ) ;
#5540 = CARTESIAN_POINT ( 'NONE',  ( -25.01724498359139659, -9.707919402531915765, -28.02465305206421320 ) ) ;
#5541 = VECTOR ( 'NONE', #1315, 1000.000000000000000 ) ;
#5542 = LINE ( 'NONE', #1350, #8027 ) ;
#5543 = EDGE_LOOP ( 'NONE', ( #3658, #6237, #5382, #310 ) ) ;
#5544 = EDGE_CURVE ( 'NONE', #6735, #3969, #5990, .T. ) ;
#5545 = EDGE_CURVE ( 'NONE', #6562, #6238, #983, .T. ) ;
#5546 = CARTESIAN_POINT ( 'NONE',  ( -26.61757646021300161, -10.15895812762797767, -14.49514142379669401 ) ) ;
#5547 = VECTOR ( 'NONE', #4243, 1000.000000000000000 ) ;
#5548 = ADVANCED_FACE ( 'NONE', ( #1123 ), #2536, .T. ) ;
#5549 = VECTOR ( 'NONE', #8875, 1000.000000000000000 ) ;
#5550 = DIRECTION ( 'NONE',  ( -0.000000000000000000, -1.000000000000000000, 0.000000000000000000 ) ) ;
#5551 = ORIENTED_EDGE ( 'NONE', *, *, #766, .F. ) ;
#5552 = CIRCLE ( 'NONE', #4944, 2.999999999999999112 ) ;
#5553 = CARTESIAN_POINT ( 'NONE',  ( -27.22499999999999787, -11.77500000000000036, 15.67499999999999361 ) ) ;
#5554 = DIRECTION ( 'NONE',  ( 0.000000000000000000, 0.000000000000000000, -1.000000000000000000 ) ) ;
#5555 = LINE ( 'NONE', #9076, #6188 ) ;
#5556 = AXIS2_PLACEMENT_3D ( 'NONE', #5182, #3660, #2913 ) ;
#5557 = AXIS2_PLACEMENT_3D ( 'NONE', #6864, #5301, #2556 ) ;
#5558 = LINE ( 'NONE', #4036, #7997 ) ;
#5559 = ORIENTED_EDGE ( 'NONE', *, *, #7817, .T. ) ;
#5560 = ADVANCED_FACE ( 'NONE', ( #1690 ), #8944, .T. ) ;
#5561 = VERTEX_POINT ( 'NONE', #8894 ) ;
#5562 = DIRECTION ( 'NONE',  ( 1.084202172485504631E-15, 0.000000000000000000, 1.000000000000000000 ) ) ;
#5563 = LINE ( 'NONE', #4945, #7406 ) ;
#5564 = ADVANCED_FACE ( 'NONE', ( #2403 ), #6130, .F. ) ;
#5565 = VECTOR ( 'NONE', #2901, 1000.000000000000000 ) ;
#5566 = PLANE ( 'NONE',  #3784 ) ;
#5567 = ORIENTED_EDGE ( 'NONE', *, *, #3458, .F. ) ;
#5568 = DIRECTION ( 'NONE',  ( 0.000000000000000000, 1.000000000000000000, 0.000000000000000000 ) ) ;
#5569 = LINE ( 'NONE', #8467, #4791 ) ;
#5570 = CARTESIAN_POINT ( 'NONE',  ( -35.22500000000000142, -2.199999999999999734, 35.90000000000001990 ) ) ;
#5571 = ORIENTED_EDGE ( 'NONE', *, *, #4571, .F. ) ;
#5572 = VECTOR ( 'NONE', #7092, 1000.000000000000000 ) ;
#5573 = CARTESIAN_POINT ( 'NONE',  ( -9.830958940036490292E-06, 1.493496405698544249, 0.4826000000000000290 ) ) ;
#5574 = ORIENTED_EDGE ( 'NONE', *, *, #8989, .F. ) ;
#5575 = ORIENTED_EDGE ( 'NONE', *, *, #9278, .T. ) ;
#5576 = CARTESIAN_POINT ( 'NONE',  ( 38.72500000000000142, -6.275000000000001243, 34.20000000000000284 ) ) ;
#5577 = EDGE_LOOP ( 'NONE', ( #5000, #8096, #5287, #3838 ) ) ;
#5578 = VERTEX_POINT ( 'NONE', #4563 ) ;
#5579 = CARTESIAN_POINT ( 'NONE',  ( -39.35983003675661251, 0.000000000000000000, 21.78393290460574505 ) ) ;
#5580 = AXIS2_PLACEMENT_3D ( 'NONE', #255, #6023, #8922 ) ;
#5581 = CYLINDRICAL_SURFACE ( 'NONE', #1321, 1.099999999999996758 ) ;
#5582 = CARTESIAN_POINT ( 'NONE',  ( -38.72500000000000142, -11.77500000000000036, -12.70499999999998053 ) ) ;
#5583 = ORIENTED_EDGE ( 'NONE', *, *, #8635, .T. ) ;
#5584 = DIRECTION ( 'NONE',  ( 0.000000000000000000, -2.891205793294672410E-16, 1.000000000000000000 ) ) ;
#5585 = AXIS2_PLACEMENT_3D ( 'NONE', #6176, #409, #3226 ) ;
#5586 = CARTESIAN_POINT ( 'NONE',  ( -35.22500000000000142, 5.421010862427522170E-16, -31.19999999999999929 ) ) ;
#5587 = LINE ( 'NONE', #3497, #3546 ) ;
#5588 = DIRECTION ( 'NONE',  ( 0.000000000000000000, 0.000000000000000000, 1.000000000000000000 ) ) ;
#5589 = VERTEX_POINT ( 'NONE', #3272 ) ;
#5590 = DIRECTION ( 'NONE',  ( 0.000000000000000000, -1.000000000000000000, -5.528999126619305500E-16 ) ) ;
#5591 = ORIENTED_EDGE ( 'NONE', *, *, #2045, .T. ) ;
#5592 = CARTESIAN_POINT ( 'NONE',  ( 24.22499999999999787, -11.77500000000000036, 30.92499999999999716 ) ) ;
#5593 = EDGE_CURVE ( 'NONE', #229, #5535, #7474, .T. ) ;
#5595 = DIRECTION ( 'NONE',  ( -1.000000000000000000, 1.259407789102440013E-18, 0.000000000000000000 ) ) ;
#5594 = VECTOR ( 'NONE', #3736, 1000.000000000000000 ) ;
#5596 = DIRECTION ( 'NONE',  ( 0.000000000000000000, 0.000000000000000000, 1.000000000000000000 ) ) ;
#5597 = ORIENTED_EDGE ( 'NONE', *, *, #8639, .T. ) ;
#5598 = DIRECTION ( 'NONE',  ( -1.000000000000000000, 0.000000000000000000, -0.000000000000000000 ) ) ;
#5599 = AXIS2_PLACEMENT_3D ( 'NONE', #3023, #5160, #4296 ) ;
#5600 = VECTOR ( 'NONE', #2197, 1000.000000000000000 ) ;
#5601 = PLANE ( 'NONE',  #4215 ) ;
#5602 = ORIENTED_EDGE ( 'NONE', *, *, #1072, .T. ) ;
#5603 = DIRECTION ( 'NONE',  ( -0.5124556377240662153, -0.8587137004641421933, 0.000000000000000000 ) ) ;
#5604 = EDGE_CURVE ( 'NONE', #7560, #7033, #5369, .T. ) ;
#5605 = DIRECTION ( 'NONE',  ( -1.259407789102440013E-18, -1.000000000000000000, 0.000000000000000000 ) ) ;
#5606 = EDGE_CURVE ( 'NONE', #5561, #592, #8270, .T. ) ;
#5607 = CARTESIAN_POINT ( 'NONE',  ( -2.168404344971009854E-16, 6.324599999999999334, -2.387599999999999945 ) ) ;
#5608 = AXIS2_PLACEMENT_3D ( 'NONE', #5349, #6870, #3250 ) ;
#5609 = DIRECTION ( 'NONE',  ( 0.000000000000000000, -1.000000000000000000, 0.000000000000000000 ) ) ;
#5610 = EDGE_LOOP ( 'NONE', ( #2785, #3819, #7678, #7177, #3197, #9296, #2793, #7019, #1194, #639, #9046, #5481 ) ) ;
#5611 = VERTEX_POINT ( 'NONE', #3985 ) ;
#5612 = DIRECTION ( 'NONE',  ( -1.000000000000000000, 0.000000000000000000, 1.084202172485504631E-15 ) ) ;
#5613 = DIRECTION ( 'NONE',  ( 0.000000000000000000, -0.000000000000000000, -1.000000000000000000 ) ) ;
#5614 = LINE ( 'NONE', #7799, #9100 ) ;
#5615 = ORIENTED_EDGE ( 'NONE', *, *, #7913, .F. ) ;
#5616 = CARTESIAN_POINT ( 'NONE',  ( -38.31380793923467110, 0.000000000000000000, -12.70499999999997698 ) ) ;
#5617 = EDGE_CURVE ( 'NONE', #2222, #8120, #3903, .T. ) ;
#5618 = CARTESIAN_POINT ( 'NONE',  ( 36.62500000000000000, 0.000000000000000000, -35.89999999999997016 ) ) ;
#5619 = ORIENTED_EDGE ( 'NONE', *, *, #3579, .T. ) ;
#5620 = EDGE_CURVE ( 'NONE', #2609, #8933, #4706, .T. ) ;
#5621 = LINE ( 'NONE', #1983, #2799 ) ;
#5622 = EDGE_LOOP ( 'NONE', ( #3632, #8374, #4200, #648 ) ) ;
#5623 = ORIENTED_EDGE ( 'NONE', *, *, #2487, .F. ) ;
#5624 = DIRECTION ( 'NONE',  ( -1.000000000000000000, 0.000000000000000000, 1.084202172485504631E-15 ) ) ;
#5625 = ORIENTED_EDGE ( 'NONE', *, *, #5251, .F. ) ;
#5626 = ORIENTED_EDGE ( 'NONE', *, *, #8044, .F. ) ;
#5627 = DIRECTION ( 'NONE',  ( -0.5124556377240662153, -0.8587137004641421933, 0.000000000000000000 ) ) ;
#5628 = DIRECTION ( 'NONE',  ( 1.084202172485504631E-15, 0.000000000000000000, 1.000000000000000000 ) ) ;
#5629 = LINE ( 'NONE', #4147, #6674 ) ;
#5630 = VERTEX_POINT ( 'NONE', #3092 ) ;
#5631 = VERTEX_POINT ( 'NONE', #83 ) ;
#5632 = CARTESIAN_POINT ( 'NONE',  ( -0.3047999999999999599, 12.19235930419984015, -3.174999999999999822 ) ) ;
#5633 = CARTESIAN_POINT ( 'NONE',  ( 36.62500000000000000, -11.77500000000000036, 29.50000000000002132 ) ) ;
#5634 = PLANE ( 'NONE',  #390 ) ;
#5635 = DIRECTION ( 'NONE',  ( 0.000000000000000000, 0.000000000000000000, 1.000000000000000000 ) ) ;
#5636 = ORIENTED_EDGE ( 'NONE', *, *, #3491, .T. ) ;
#5637 = LINE ( 'NONE', #8535, #3856 ) ;
#5638 = EDGE_LOOP ( 'NONE', ( #5668, #8498, #6356, #8627 ) ) ;
#5639 = DIRECTION ( 'NONE',  ( -0.000000000000000000, 1.000000000000000000, 0.000000000000000000 ) ) ;
#5640 = DIRECTION ( 'NONE',  ( 1.000000000000000000, -0.000000000000000000, 0.000000000000000000 ) ) ;
#5641 = CARTESIAN_POINT ( 'NONE',  ( -35.22500000000000142, -6.275000000000001243, -9.399999999999998579 ) ) ;
#5642 = EDGE_LOOP ( 'NONE', ( #5413, #3823, #5403, #84 ) ) ;
#5643 = DIRECTION ( 'NONE',  ( 0.000000000000000000, 0.000000000000000000, -1.000000000000000000 ) ) ;
#5644 = EDGE_CURVE ( 'NONE', #2685, #6971, #934, .T. ) ;
#5645 = PRODUCT_DEFINITION_SHAPE ( 'NONE', 'NONE',  #9365 ) ;
#5646 = DIRECTION ( 'NONE',  ( -0.000000000000000000, 1.000000000000000000, -0.000000000000000000 ) ) ;
#5647 = ORIENTED_EDGE ( 'NONE', *, *, #2954, .T. ) ;
#5648 = CARTESIAN_POINT ( 'NONE',  ( -36.22499999999999432, -11.77500000000000036, -35.89999999999997016 ) ) ;
#5649 = DIRECTION ( 'NONE',  ( 0.000000000000000000, 0.000000000000000000, 1.000000000000000000 ) ) ;
#5650 = DIRECTION ( 'NONE',  ( 0.000000000000000000, 0.000000000000000000, -1.000000000000000000 ) ) ;
#5651 = CARTESIAN_POINT ( 'NONE',  ( 36.62499999999999289, -11.77500000000000036, -29.49999999999997868 ) ) ;
#5652 = VERTEX_POINT ( 'NONE', #3619 ) ;
#5653 = EDGE_LOOP ( 'NONE', ( #2783, #467, #1388, #9247 ) ) ;
#5654 = CARTESIAN_POINT ( 'NONE',  ( 38.72500000000000142, -11.77500000000000036, -9.094999999999977547 ) ) ;
#5655 = ADVANCED_FACE ( 'NONE', ( #1639 ), #7289, .F. ) ;
#5656 = ADVANCED_FACE ( 'NONE', ( #2398 ), #2648, .F. ) ;
#5657 = DIRECTION ( 'NONE',  ( 0.000000000000000000, 0.000000000000000000, -1.000000000000000000 ) ) ;
#5658 = CARTESIAN_POINT ( 'NONE',  ( 36.62499999999999289, -11.77500000000000036, -34.50499999999998124 ) ) ;
#5659 = VERTEX_POINT ( 'NONE', #8887 ) ;
#5660 = FACE_OUTER_BOUND ( 'NONE', #2527, .T. ) ;
#5661 = CARTESIAN_POINT ( 'NONE',  ( -36.22499999999999432, -6.275000000000002132, 35.90000000000001990 ) ) ;
#5662 = DIRECTION ( 'NONE',  ( -1.000000000000000000, 1.259407789102440013E-18, 0.000000000000000000 ) ) ;
#5663 = LINE ( 'NONE', #7762, #7037 ) ;
#5664 = EDGE_LOOP ( 'NONE', ( #5519, #2047, #7121, #7497, #2497, #2603, #531, #6067 ) ) ;
#5665 = PLANE ( 'NONE',  #5247 ) ;
#5666 = EDGE_CURVE ( 'NONE', #1183, #5873, #8748, .T. ) ;
#5667 = EDGE_CURVE ( 'NONE', #6715, #7386, #247, .T. ) ;
#5668 = ORIENTED_EDGE ( 'NONE', *, *, #9327, .F. ) ;
#5669 = EDGE_CURVE ( 'NONE', #8273, #6459, #6659, .T. ) ;
#5670 = ORIENTED_EDGE ( 'NONE', *, *, #4980, .T. ) ;
#5671 = FACE_OUTER_BOUND ( 'NONE', #906, .T. ) ;
#5672 = CARTESIAN_POINT ( 'NONE',  ( 38.72500000000000142, -11.77500000000000036, -26.89500000000002444 ) ) ;
#5673 = VECTOR ( 'NONE', #6279, 1000.000000000000000 ) ;
#5674 = CARTESIAN_POINT ( 'NONE',  ( 38.31380793923467110, 0.000000000000000000, 0.000000000000000000 ) ) ;
#5675 = VERTEX_POINT ( 'NONE', #2304 ) ;
#5676 = VERTEX_POINT ( 'NONE', #4459 ) ;
#5677 = LINE ( 'NONE', #4969, #2070 ) ;
#5678 = EDGE_CURVE ( 'NONE', #7635, #8478, #4327, .T. ) ;
#5679 = DIRECTION ( 'NONE',  ( 1.000000000000000000, -0.000000000000000000, 0.000000000000000000 ) ) ;
#5680 = AXIS2_PLACEMENT_3D ( 'NONE', #6703, #5842, #5985 ) ;
#5681 = FACE_OUTER_BOUND ( 'NONE', #8195, .T. ) ;
#5682 = EDGE_LOOP ( 'NONE', ( #4465, #6048, #6689, #2367, #6603, #3172, #3193, #5537, #8165 ) ) ;
#5683 = EDGE_CURVE ( 'NONE', #9142, #1097, #7238, .T. ) ;
#5684 = CARTESIAN_POINT ( 'NONE',  ( 36.62499999999999289, -11.77500000000000036, -12.70499999999998053 ) ) ;
#5685 = CARTESIAN_POINT ( 'NONE',  ( -39.35983003675661251, -0.02500000000000038997, 25.59343290460574494 ) ) ;
#5686 = DIRECTION ( 'NONE',  ( 0.000000000000000000, 0.000000000000000000, -1.000000000000000000 ) ) ;
#5687 = CARTESIAN_POINT ( 'NONE',  ( -35.22500000000000142, -6.275000000000001243, -9.399999999999998579 ) ) ;
#5688 = ORIENTED_EDGE ( 'NONE', *, *, #2529, .T. ) ;
#5689 = FACE_OUTER_BOUND ( 'NONE', #2596, .T. ) ;
#5690 = CARTESIAN_POINT ( 'NONE',  ( -38.72500000000000142, -11.77500000000000036, 34.50500000000002387 ) ) ;
#5691 = ORIENTED_EDGE ( 'NONE', *, *, #2646, .T. ) ;
#5692 = VECTOR ( 'NONE', #4398, 1000.000000000000000 ) ;
#5693 = B_SPLINE_CURVE_WITH_KNOTS ( 'NONE', 3,
 ( #5791, #2859, #5217, #7321, #35, #4411 ),
 .UNSPECIFIED., .F., .F.,
 ( 4, 2, 4 ),
 ( 0.000000000000000000, 0.5000000000000000000, 1.000000000000000000 ),
 .UNSPECIFIED. ) ;
#5694 = VECTOR ( 'NONE', #8688, 1000.000000000000000 ) ;
#5695 = CARTESIAN_POINT ( 'NONE',  ( 38.31380793923467110, 0.000000000000000000, -30.89499999999997115 ) ) ;
#5696 = CARTESIAN_POINT ( 'NONE',  ( -39.35983003675661251, 0.000000000000000000, -21.78393290460574505 ) ) ;
#5697 = CARTESIAN_POINT ( 'NONE',  ( -27.12813223880081281, -10.46924288888235921, 13.45627313636646605 ) ) ;
#5698 = EDGE_CURVE ( 'NONE', #1574, #3101, #8863, .T. ) ;
#5699 = VECTOR ( 'NONE', #8097, 1000.000000000000000 ) ;
#5700 = DIRECTION ( 'NONE',  ( 0.000000000000000000, 1.000000000000000000, 0.000000000000000000 ) ) ;
#5701 = EDGE_LOOP ( 'NONE', ( #1258, #1492, #8370, #5165 ) ) ;
#5702 = AXIS2_PLACEMENT_3D ( 'NONE', #5044, #4235, #6475 ) ;
#5703 = ORIENTED_EDGE ( 'NONE', *, *, #3753, .F. ) ;
#5704 = DIRECTION ( 'NONE',  ( 0.000000000000000000, -1.000000000000000000, 0.000000000000000000 ) ) ;
#5705 = VECTOR ( 'NONE', #4807, 1000.000000000000000 ) ;
#5706 = DIRECTION ( 'NONE',  ( -0.000000000000000000, 1.000000000000000000, -0.000000000000000000 ) ) ;
#5707 = DIRECTION ( 'NONE',  ( 0.000000000000000000, 0.000000000000000000, -1.000000000000000000 ) ) ;
#5708 = VERTEX_POINT ( 'NONE', #7330 ) ;
#5709 = CARTESIAN_POINT ( 'NONE',  ( 36.22499999999999432, -11.77500000000000036, -7.699999999999977973 ) ) ;
#5710 = VECTOR ( 'NONE', #9018, 1000.000000000000000 ) ;
#5711 = DIRECTION ( 'NONE',  ( 0.000000000000000000, 1.000000000000000000, -0.000000000000000000 ) ) ;
#5712 = VECTOR ( 'NONE', #7332, 1000.000000000000000 ) ;
#5713 = DIRECTION ( 'NONE',  ( 1.000000000000000000, -1.259407789102440013E-18, 0.000000000000000000 ) ) ;
#5714 = EDGE_CURVE ( 'NONE', #7119, #53, #3001, .T. ) ;
#5715 = DIRECTION ( 'NONE',  ( 0.000000000000000000, 0.000000000000000000, 1.000000000000000000 ) ) ;
#5716 = ORIENTED_EDGE ( 'NONE', *, *, #8809, .F. ) ;
#5717 = ORIENTED_EDGE ( 'NONE', *, *, #6385, .F. ) ;
#5718 = CARTESIAN_POINT ( 'NONE',  ( 26.61638925924248511, -10.15838743722349058, -36.29678432829842905 ) ) ;
#5719 = AXIS2_PLACEMENT_3D ( 'NONE', #1439, #5071, #687 ) ;
#5720 = ORIENTED_EDGE ( 'NONE', *, *, #6362, .T. ) ;
#5721 = ORIENTED_EDGE ( 'NONE', *, *, #4029, .T. ) ;
#5722 = DIRECTION ( 'NONE',  ( 0.000000000000000000, 0.000000000000000000, 1.000000000000000000 ) ) ;
#5723 = CARTESIAN_POINT ( 'NONE',  ( 36.22500000000000142, -0.4390750793347422687, -7.693359508818644166 ) ) ;
#5724 = EDGE_CURVE ( 'NONE', #2431, #3064, #6431, .T. ) ;
#5725 = VECTOR ( 'NONE', #5679, 1000.000000000000000 ) ;
#5726 = EDGE_CURVE ( 'NONE', #2582, #7622, #5088, .T. ) ;
#5727 = CARTESIAN_POINT ( 'NONE',  ( 2.710505431213759852E-17, 3.048000000000000043, -0.01019107390356803998 ) ) ;
#5728 = ADVANCED_FACE ( 'NONE', ( #804 ), #4376, .F. ) ;
#5729 = CARTESIAN_POINT ( 'NONE',  ( -35.39166666666665861, -1.199999999999999956, 14.10332024559068920 ) ) ;
#5730 = ORIENTED_EDGE ( 'NONE', *, *, #715, .T. ) ;
#5731 = ORIENTED_EDGE ( 'NONE', *, *, #2602, .T. ) ;
#5732 = CARTESIAN_POINT ( 'NONE',  ( 35.22500000000000142, 0.000000000000000000, -0.1250000000000087708 ) ) ;
#5733 = LINE ( 'NONE', #4970, #2996 ) ;
#5734 = AXIS2_PLACEMENT_3D ( 'NONE', #6658, #5138, #7374 ) ;
#5735 = DIRECTION ( 'NONE',  ( 0.000000000000000000, 1.000000000000000000, 0.000000000000000000 ) ) ;
#5736 = ORIENTED_EDGE ( 'NONE', *, *, #2084, .F. ) ;
#5737 = CARTESIAN_POINT ( 'NONE',  ( 36.22499999999999432, -11.77500000000000036, 14.10000000000002274 ) ) ;
#5738 = DIRECTION ( 'NONE',  ( 0.000000000000000000, 0.000000000000000000, -1.000000000000000000 ) ) ;
#5739 = LINE ( 'NONE', #6815, #5882 ) ;
#5740 = EDGE_CURVE ( 'NONE', #7297, #3369, #8795, .T. ) ;
#5741 = DIRECTION ( 'NONE',  ( 1.000000000000000000, 0.000000000000000000, 0.000000000000000000 ) ) ;
#5742 = AXIS2_PLACEMENT_3D ( 'NONE', #6055, #8236, #1436 ) ;
#5743 = ORIENTED_EDGE ( 'NONE', *, *, #8332, .T. ) ;
#5744 = ADVANCED_FACE ( 'NONE', ( #1588 ), #8838, .F. ) ;
#5745 = CARTESIAN_POINT ( 'NONE',  ( -39.35983003675661251, -1.399999999999999911, 21.78393290460574505 ) ) ;
#5746 = DIRECTION ( 'NONE',  ( 0.9659258262890699775, -0.2588190451025145222, 0.000000000000000000 ) ) ;
#5747 = VERTEX_POINT ( 'NONE', #180 ) ;
#5748 = VECTOR ( 'NONE', #694, 1000.000000000000000 ) ;
#5749 = LINE ( 'NONE', #4497, #7971 ) ;
#5750 = DIRECTION ( 'NONE',  ( 0.03489949670250104552, 0.9993908270190956511, 0.000000000000000000 ) ) ;
#5751 = CARTESIAN_POINT ( 'NONE',  ( -36.22499999999999432, -1.700000000000000178, -7.701660122795333407 ) ) ;
#5752 = CARTESIAN_POINT ( 'NONE',  ( -26.07125110576855320, -9.945416374412042515, 15.04773366079951735 ) ) ;
#5753 = VECTOR ( 'NONE', #1243, 1000.000000000000000 ) ;
#5754 = FACE_OUTER_BOUND ( 'NONE', #4268, .T. ) ;
#5755 = CARTESIAN_POINT ( 'NONE',  ( 35.72499999999999432, -1.199999999999999956, 7.701660122795356500 ) ) ;
#5756 = DIRECTION ( 'NONE',  ( 0.000000000000000000, -1.000000000000000000, 0.000000000000000000 ) ) ;
#5757 = DIRECTION ( 'NONE',  ( -0.000000000000000000, 1.000000000000000000, -0.000000000000000000 ) ) ;
#5758 = EDGE_LOOP ( 'NONE', ( #5559, #7282, #8600, #8815, #8763, #6494 ) ) ;
#5759 = EDGE_CURVE ( 'NONE', #8120, #6978, #3051, .T. ) ;
#5760 = CARTESIAN_POINT ( 'NONE',  ( 35.72499999999999432, -1.199999999999999956, 14.10166012279535508 ) ) ;
#5761 = CARTESIAN_POINT ( 'NONE',  ( -38.31380793923467110, 0.000000000000000000, 9.095000000000016627 ) ) ;
#5762 = CARTESIAN_POINT ( 'NONE',  ( 24.42810911145753394, -9.659192512834600564, 15.67499999999999183 ) ) ;
#5763 = CARTESIAN_POINT ( 'NONE',  ( -1.320799999999999974, 13.30959999999999965, -2.374900000000000233 ) ) ;
#5764 = ORIENTED_EDGE ( 'NONE', *, *, #3342, .T. ) ;
#5765 = ORIENTED_EDGE ( 'NONE', *, *, #566, .T. ) ;
#5766 = CARTESIAN_POINT ( 'NONE',  ( 27.20520594547036097, -10.55583604369455486, -34.87115278890304637 ) ) ;
#5767 = VECTOR ( 'NONE', #7898, 1000.000000000000000 ) ;
#5768 = ADVANCED_FACE ( 'NONE', ( #586 ), #4650, .T. ) ;
#5769 = VERTEX_POINT ( 'NONE', #6040 ) ;
#5770 = ORIENTED_EDGE ( 'NONE', *, *, #3564, .T. ) ;
#5771 = DIRECTION ( 'NONE',  ( 0.000000000000000000, 1.000000000000000000, -0.000000000000000000 ) ) ;
#5772 = DIRECTION ( 'NONE',  ( 0.8587137004641421933, -0.5124556377240662153, 0.000000000000000000 ) ) ;
#5773 = CARTESIAN_POINT ( 'NONE',  ( 35.22500000000000142, -1.200000000000000178, -14.09667975440931009 ) ) ;
#5774 = ORIENTED_EDGE ( 'NONE', *, *, #2069, .T. ) ;
#5775 = VERTEX_POINT ( 'NONE', #4556 ) ;
#5776 = CARTESIAN_POINT ( 'NONE',  ( -0.3047999999999999599, 12.19235930419984015, -2.374900000000000233 ) ) ;
#5777 = EDGE_CURVE ( 'NONE', #438, #7774, #3451, .T. ) ;
#5778 = EDGE_CURVE ( 'NONE', #2090, #5873, #7958, .T. ) ;
#5779 = CARTESIAN_POINT ( 'NONE',  ( 36.62499999999999289, -11.77500000000000036, -29.49999999999997868 ) ) ;
#5780 = CONTEXT_DEPENDENT_SHAPE_REPRESENTATION ( #2289, #9289 ) ;
#5781 = ORIENTED_EDGE ( 'NONE', *, *, #61, .T. ) ;
#5782 = DIRECTION ( 'NONE',  ( 0.000000000000000000, 1.000000000000000000, 0.000000000000000000 ) ) ;
#5783 = CARTESIAN_POINT ( 'NONE',  ( 36.22499999999999432, -1.700000000000000178, -14.10166012279533376 ) ) ;
#5784 = DIRECTION ( 'NONE',  ( 0.000000000000000000, 0.000000000000000000, 1.000000000000000000 ) ) ;
#5785 = DIRECTION ( 'NONE',  ( 0.000000000000000000, 0.000000000000000000, -1.000000000000000000 ) ) ;
#5786 = ORIENTED_EDGE ( 'NONE', *, *, #1224, .T. ) ;
#5787 = DIRECTION ( 'NONE',  ( -0.000000000000000000, 1.000000000000000000, 5.528999126619305500E-16 ) ) ;
#5788 = ADVANCED_FACE ( 'NONE', ( #9255 ), #489, .F. ) ;
#5789 = CARTESIAN_POINT ( 'NONE',  ( -27.22499999999999787, -11.77500000000000036, 37.47500000000000142 ) ) ;
#5790 = ORIENTED_EDGE ( 'NONE', *, *, #2687, .T. ) ;
#5791 = CARTESIAN_POINT ( 'NONE',  ( 35.72499999999999432, -1.199999999999999956, 7.701660122795356500 ) ) ;
#5792 = EDGE_CURVE ( 'NONE', #7614, #7418, #6085, .T. ) ;
#5793 = LINE ( 'NONE', #877, #4340 ) ;
#5794 = LINE ( 'NONE', #8030, #154 ) ;
#5795 = CARTESIAN_POINT ( 'NONE',  ( -25.57449291493243493, -9.808253005177553163, 15.36161201994827330 ) ) ;
#5796 = EDGE_LOOP ( 'NONE', ( #8271, #6285, #4335, #2963 ) ) ;
#5797 = DIRECTION ( 'NONE',  ( 0.000000000000000000, 0.000000000000000000, -1.000000000000000000 ) ) ;
#5798 = DIRECTION ( 'NONE',  ( -1.000000000000000000, 0.000000000000000000, 0.000000000000000000 ) ) ;
#5799 = FACE_OUTER_BOUND ( 'NONE', #8770, .T. ) ;
#5800 = CARTESIAN_POINT ( 'NONE',  ( 36.62499999999999289, 0.000000000000000000, -29.49999999999997868 ) ) ;
#5801 = ORIENTED_EDGE ( 'NONE', *, *, #8754, .F. ) ;
#5802 = LINE ( 'NONE', #87, #9158 ) ;
#5803 = LINE ( 'NONE', #5093, #1661 ) ;
#5804 = LINE ( 'NONE', #5849, #93 ) ;
#5805 = ORIENTED_EDGE ( 'NONE', *, *, #1116, .F. ) ;
#5806 = ORIENTED_EDGE ( 'NONE', *, *, #6846, .F. ) ;
#5807 = DIRECTION ( 'NONE',  ( -0.000000000000000000, 1.000000000000000000, -0.000000000000000000 ) ) ;
#5808 = ORIENTED_EDGE ( 'NONE', *, *, #4275, .T. ) ;
#5809 = PLANE ( 'NONE',  #252 ) ;
#5810 = VERTEX_POINT ( 'NONE', #1950 ) ;
#5811 = LINE ( 'NONE', #8712, #414 ) ;
#5812 = CARTESIAN_POINT ( 'NONE',  ( -0.2944141918529090129, 6.403488044947239999, 3.174999999999999822 ) ) ;
#5813 = CARTESIAN_POINT ( 'NONE',  ( -36.62500000000000000, 0.000000000000000000, 7.700000000000022382 ) ) ;
#5814 = ORIENTED_EDGE ( 'NONE', *, *, #1745, .F. ) ;
#5815 = DIRECTION ( 'NONE',  ( -1.000000000000000000, 0.000000000000000000, 0.000000000000000000 ) ) ;
#5816 = CONTEXT_DEPENDENT_SHAPE_REPRESENTATION ( #6266, #8684 ) ;
#5817 = ORIENTED_EDGE ( 'NONE', *, *, #479, .F. ) ;
#5818 = DIRECTION ( 'NONE',  ( -0.000000000000000000, 1.000000000000000000, -0.000000000000000000 ) ) ;
#5819 = VECTOR ( 'NONE', #3574, 1000.000000000000000 ) ;
#5820 = PLANE ( 'NONE',  #742 ) ;
#5821 = LINE ( 'NONE', #9101, #1827 ) ;
#5822 = ADVANCED_FACE ( 'NONE', ( #3187 ), #4877, .F. ) ;
#5823 = ORIENTED_EDGE ( 'NONE', *, *, #372, .T. ) ;
#5824 = AXIS2_PLACEMENT_3D ( 'NONE', #7120, #4401, #5021 ) ;
#5825 = CARTESIAN_POINT ( 'NONE',  ( 35.22500000000000142, 0.000000000000000000, 29.50000000000002132 ) ) ;
#5826 = CARTESIAN_POINT ( 'NONE',  ( 24.22499999999999787, -11.77500000000000036, -27.92499999999999716 ) ) ;
#5827 = VERTEX_POINT ( 'NONE', #1250 ) ;
#5828 = CARTESIAN_POINT ( 'NONE',  ( 35.22500000000000142, 0.000000000000000000, 0.000000000000000000 ) ) ;
#5829 = CYLINDRICAL_SURFACE ( 'NONE', #2981, 1.099999999999996758 ) ;
#5830 = CARTESIAN_POINT ( 'NONE',  ( 3.838674941184240469E-18, 3.048000000000000043, 0.4434416666666664564 ) ) ;
#5831 = VECTOR ( 'NONE', #5925, 1000.000000000000000 ) ;
#5832 = CARTESIAN_POINT ( 'NONE',  ( 26.49306973311140823, -10.10316865628967165, 7.151901321756058749 ) ) ;
#5833 = ADVANCED_FACE ( 'NONE', ( #4830 ), #1293, .F. ) ;
#5834 = EDGE_CURVE ( 'NONE', #592, #8680, #7563, .T. ) ;
#5835 = ORIENTED_EDGE ( 'NONE', *, *, #9267, .T. ) ;
#5836 = DIRECTION ( 'NONE',  ( 0.000000000000000000, 0.000000000000000000, 1.000000000000000000 ) ) ;
#5837 = ADVANCED_FACE ( 'NONE', ( #8220 ), #4156, .T. ) ;
#5838 = CARTESIAN_POINT ( 'NONE',  ( 43.31380793923467110, -11.77500000000000036, -16.70500000000001961 ) ) ;
#5839 = AXIS2_PLACEMENT_3D ( 'NONE', #65, #3733, #5022 ) ;
#5840 = VECTOR ( 'NONE', #4961, 1000.000000000000000 ) ;
#5841 = PLANE ( 'NONE',  #756 ) ;
#5842 = DIRECTION ( 'NONE',  ( 0.000000000000000000, 0.000000000000000000, 1.000000000000000000 ) ) ;
#5843 = ORIENTED_EDGE ( 'NONE', *, *, #8808, .T. ) ;
#5844 = CARTESIAN_POINT ( 'NONE',  ( 0.08687802539211569863, 7.826489972236299053, 2.387599999999999945 ) ) ;
#5845 = LINE ( 'NONE', #2349, #3849 ) ;
#5846 = CARTESIAN_POINT ( 'NONE',  ( 0.08687802539211569863, 7.826489972236299053, 2.387599999999999945 ) ) ;
#5847 = AXIS2_PLACEMENT_3D ( 'NONE', #2604, #6917, #3344 ) ;
#5848 = EDGE_CURVE ( 'NONE', #2518, #5589, #5321, .T. ) ;
#5849 = CARTESIAN_POINT ( 'NONE',  ( -43.31380793923467110, -11.77500000000000036, 26.89500000000002089 ) ) ;
#5850 = ORIENTED_EDGE ( 'NONE', *, *, #7817, .F. ) ;
#5851 = VERTEX_POINT ( 'NONE', #4597 ) ;
#5852 = DIRECTION ( 'NONE',  ( 0.000000000000000000, 0.000000000000000000, 1.000000000000000000 ) ) ;
#5853 = EDGE_CURVE ( 'NONE', #7972, #863, #4066, .T. ) ;
#5854 = UNCERTAINTY_MEASURE_WITH_UNIT (LENGTH_MEASURE( 1.000000000000000082E-05 ), #704, 'distance_accuracy_value', 'NONE');
#5855 = VERTEX_POINT ( 'NONE', #1078 ) ;
#5856 = AXIS2_PLACEMENT_3D ( 'NONE', #189, #4520, #1557 ) ;
#5857 = AXIS2_PLACEMENT_3D ( 'NONE', #499, #4269, #6263 ) ;
#5858 = ORIENTED_EDGE ( 'NONE', *, *, #1446, .T. ) ;
#5859 = DIRECTION ( 'NONE',  ( 0.000000000000000000, 1.000000000000000000, 0.000000000000000000 ) ) ;
#5860 = VECTOR ( 'NONE', #8144, 1000.000000000000000 ) ;
#5861 = CARTESIAN_POINT ( 'NONE',  ( -0.3047999999999999599, 0.4826000000000000290, 0.4826000000000000290 ) ) ;
#5862 = B_SPLINE_CURVE_WITH_KNOTS ( 'NONE', 3,
 ( #303, #3165, #3962, #1751 ),
 .UNSPECIFIED., .F., .F.,
 ( 4, 4 ),
 ( 0.000000000000000000, 1.000000000000000000 ),
 .UNSPECIFIED. ) ;
#5863 = PLANE ( 'NONE',  #1672 ) ;
#5864 = AXIS2_PLACEMENT_3D ( 'NONE', #6880, #319, #3977 ) ;
#5865 = ORIENTED_EDGE ( 'NONE', *, *, #166, .F. ) ;
#5866 = CARTESIAN_POINT ( 'NONE',  ( -36.62500000000000000, -11.77500000000000036, -14.09999999999997655 ) ) ;
#5867 = ORIENTED_EDGE ( 'NONE', *, *, #924, .T. ) ;
#5868 = AXIS2_PLACEMENT_3D ( 'NONE', #4010, #6294, #6204 ) ;
#5869 = CARTESIAN_POINT ( 'NONE',  ( 38.72500000000000142, -11.77500000000000036, 16.70500000000001961 ) ) ;
#5870 = CARTESIAN_POINT ( 'NONE',  ( 36.22499999999999432, -11.77500000000000036, -29.49999999999997868 ) ) ;
#5871 = DIRECTION ( 'NONE',  ( -0.000000000000000000, 1.000000000000000000, -0.000000000000000000 ) ) ;
#5872 = EDGE_LOOP ( 'NONE', ( #3337, #1839, #6163, #8947 ) ) ;
#5873 = VERTEX_POINT ( 'NONE', #6801 ) ;
#5874 = AXIS2_PLACEMENT_3D ( 'NONE', #8369, #3151, #6183 ) ;
#5875 = CARTESIAN_POINT ( 'NONE',  ( -0.3047999999999999599, 0.000000000000000000, 3.174999999999999822 ) ) ;
#5876 = LINE ( 'NONE', #743, #153 ) ;
#5877 = ORIENTED_EDGE ( 'NONE', *, *, #939, .F. ) ;
#5878 = ADVANCED_FACE ( 'NONE', ( #323 ), #1771, .T. ) ;
#5879 = CARTESIAN_POINT ( 'NONE',  ( -36.22499999999999432, -1.700000000000000178, -14.10166012279533376 ) ) ;
#5880 = CARTESIAN_POINT ( 'NONE',  ( 36.62499999999999289, -11.77500000000000036, 14.10000000000002274 ) ) ;
#5881 = VECTOR ( 'NONE', #6400, 1000.000000000000000 ) ;
#5883 = CARTESIAN_POINT ( 'NONE',  ( 0.3047901690410599884, 1.493496405698544249, 0.4434416666666664564 ) ) ;
#5882 = VECTOR ( 'NONE', #7217, 1000.000000000000000 ) ;
#5884 = CARTESIAN_POINT ( 'NONE',  ( 25.74643293631219620, -9.850655169012775048, 6.531980526307779478 ) ) ;
#5885 = EDGE_LOOP ( 'NONE', ( #9220, #200, #17, #4940 ) ) ;
#5886 = FACE_OUTER_BOUND ( 'NONE', #7773, .T. ) ;
#5887 = CARTESIAN_POINT ( 'NONE',  ( -36.22500000000000142, -2.199999999999999734, -29.50000000000002132 ) ) ;
#5888 = VECTOR ( 'NONE', #4046, 1000.000000000000000 ) ;
#5889 = DIRECTION ( 'NONE',  ( -1.000000000000000000, -0.000000000000000000, -0.000000000000000000 ) ) ;
#5890 = EDGE_CURVE ( 'NONE', #198, #9183, #6973, .T. ) ;
#5891 = EDGE_CURVE ( 'NONE', #783, #7080, #4024, .T. ) ;
#5892 = DIRECTION ( 'NONE',  ( 0.000000000000000000, 5.528999126619305500E-16, -1.000000000000000000 ) ) ;
#5893 = ORIENTED_EDGE ( 'NONE', *, *, #4624, .T. ) ;
#5894 = CARTESIAN_POINT ( 'NONE',  ( 36.62499999999999289, -11.77500000000000036, -7.699999999999977973 ) ) ;
#5895 = LINE ( 'NONE', #8082, #999 ) ;
#5896 = CIRCLE ( 'NONE', #1819, 3.809500000000000330 ) ;
#5897 = DIRECTION ( 'NONE',  ( 0.000000000000000000, 0.000000000000000000, 1.000000000000000000 ) ) ;
#5898 = AXIS2_PLACEMENT_3D ( 'NONE', #7932, #8739, #213 ) ;
#5899 = LINE ( 'NONE', #8800, #6436 ) ;
#5900 = ORIENTED_EDGE ( 'NONE', *, *, #1400, .T. ) ;
#5901 = VERTEX_POINT ( 'NONE', #6252 ) ;
#5902 = CARTESIAN_POINT ( 'NONE',  ( 38.31380793923467110, 0.000000000000000000, 12.70500000000001783 ) ) ;
#5903 = LINE ( 'NONE', #8630, #3599 ) ;
#5904 = ORIENTED_EDGE ( 'NONE', *, *, #3624, .T. ) ;
#5905 = CIRCLE ( 'NONE', #173, 2.999999999999999112 ) ;
#5906 = EDGE_CURVE ( 'NONE', #7794, #438, #5637, .T. ) ;
#5907 = VECTOR ( 'NONE', #8443, 1000.000000000000000 ) ;
#5908 = VERTEX_POINT ( 'NONE', #638 ) ;
#5909 = CARTESIAN_POINT ( 'NONE',  ( -36.10637064977119337, -1.365169820879780005, -14.09999999999997655 ) ) ;
#5910 = CARTESIAN_POINT ( 'NONE',  ( 36.17597965325315101, -1.444077682344543589, 14.10000000000002451 ) ) ;
#5911 = EDGE_CURVE ( 'NONE', #9029, #6834, #5117, .T. ) ;
#5912 = LINE ( 'NONE', #2136, #2137 ) ;
#5913 = CARTESIAN_POINT ( 'NONE',  ( 36.62499999999999289, -11.77500000000000036, -29.49999999999997868 ) ) ;
#5914 = ORIENTED_EDGE ( 'NONE', *, *, #1104, .T. ) ;
#5915 = CARTESIAN_POINT ( 'NONE',  ( -36.62500000000000000, -11.77500000000000036, -35.89999999999997016 ) ) ;
#5916 = ORIENTED_EDGE ( 'NONE', *, *, #2016, .T. ) ;
#5917 = DIRECTION ( 'NONE',  ( 0.000000000000000000, 0.000000000000000000, -1.000000000000000000 ) ) ;
#5918 = DIRECTION ( 'NONE',  ( 0.000000000000000000, -1.000000000000000000, -0.000000000000000000 ) ) ;
#5919 = CARTESIAN_POINT ( 'NONE',  ( 39.35983003675661251, -1.399999999999999467, 21.78393290460574505 ) ) ;
#5920 = VERTEX_POINT ( 'NONE', #1345 ) ;
#5921 = ORIENTED_EDGE ( 'NONE', *, *, #6962, .F. ) ;
#5922 = CARTESIAN_POINT ( 'NONE',  ( -0.06183264365576709998, 17.40184206536899936, -2.374900000000000233 ) ) ;
#5923 = CARTESIAN_POINT ( 'NONE',  ( 35.22500000000000142, 7.223861876568090346E-23, 0.1250000000000018319 ) ) ;
#5924 = EDGE_LOOP ( 'NONE', ( #5517, #1327, #2185, #623, #4828, #2317, #7112, #8163, #8782, #4298 ) ) ;
#5925 = DIRECTION ( 'NONE',  ( 0.000000000000000000, 0.000000000000000000, -1.000000000000000000 ) ) ;
#5926 = CARTESIAN_POINT ( 'NONE',  ( 36.62499999999999289, -11.77500000000000036, 34.50500000000002387 ) ) ;
#5927 = CARTESIAN_POINT ( 'NONE',  ( -0.6095901690410600038, 2.316503594301455138, -0.4826000000000000290 ) ) ;
#5928 = CARTESIAN_POINT ( 'NONE',  ( 25.21348780755074515, -9.737363899785258070, -28.08572958754484716 ) ) ;
#5929 = ORIENTED_EDGE ( 'NONE', *, *, #4034, .T. ) ;
#5930 = EDGE_CURVE ( 'NONE', #6474, #3089, #682, .T. ) ;
#5931 = CARTESIAN_POINT ( 'NONE',  ( -38.72500000000000142, -6.275000000000001243, -31.19999999999999929 ) ) ;
#5932 = ORIENTED_EDGE ( 'NONE', *, *, #8989, .T. ) ;
#5933 = LINE ( 'NONE', #3799, #9054 ) ;
#5934 = DIRECTION ( 'NONE',  ( -0.000000000000000000, 1.000000000000000000, 0.000000000000000000 ) ) ;
#5935 = CARTESIAN_POINT ( 'NONE',  ( 36.62500000000000000, 0.000000000000000000, -14.09999999999997655 ) ) ;
#5936 = ORIENTED_EDGE ( 'NONE', *, *, #7890, .T. ) ;
#5937 = DIRECTION ( 'NONE',  ( 0.000000000000000000, -0.000000000000000000, 1.000000000000000000 ) ) ;
#5938 = CARTESIAN_POINT ( 'NONE',  ( -35.98112712793315637, -1.248815536468908416, 7.700000000000022382 ) ) ;
#5939 = CARTESIAN_POINT ( 'NONE',  ( 38.31380793923467110, 0.000000000000000000, -43.79446661047027334 ) ) ;
#5940 = ADVANCED_FACE ( 'NONE', ( #4302 ), #2811, .F. ) ;
#5941 = CARTESIAN_POINT ( 'NONE',  ( -38.31380793923467110, 0.000000000000000000, -34.50499999999996703 ) ) ;
#5942 = VERTEX_POINT ( 'NONE', #8017 ) ;
#5943 = EDGE_CURVE ( 'NONE', #7858, #4801, #7204, .T. ) ;
#5944 = ORIENTED_EDGE ( 'NONE', *, *, #3624, .F. ) ;
#5945 = LINE ( 'NONE', #6533, #4787 ) ;
#5946 = EDGE_CURVE ( 'NONE', #8895, #8327, #64, .T. ) ;
#5947 = FACE_OUTER_BOUND ( 'NONE', #7336, .T. ) ;
#5948 = ORIENTED_EDGE ( 'NONE', *, *, #298, .F. ) ;
#5949 = DIRECTION ( 'NONE',  ( 0.000000000000000000, -1.000000000000000000, -0.000000000000000000 ) ) ;
#5950 = PLANE ( 'NONE',  #9044 ) ;
#5951 = LINE ( 'NONE', #952, #4515 ) ;
#5952 = VERTEX_POINT ( 'NONE', #4356 ) ;
#5953 = EDGE_CURVE ( 'NONE', #2127, #1882, #731, .T. ) ;
#5954 = LINE ( 'NONE', #6019, #4765 ) ;
#5955 = EDGE_CURVE ( 'NONE', #637, #1712, #1529, .T. ) ;
#5956 = ORIENTED_EDGE ( 'NONE', *, *, #7457, .T. ) ;
#5957 = LINE ( 'NONE', #4576, #3261 ) ;
#5958 = EDGE_CURVE ( 'NONE', #8895, #5493, #3545, .T. ) ;
#5959 =( REPRESENTATION_RELATIONSHIP ('NONE','NONE', #5123, #2771 ) REPRESENTATION_RELATIONSHIP_WITH_TRANSFORMATION ( #7064 )SHAPE_REPRESENTATION_RELATIONSHIP( ) );
#5960 = ORIENTED_EDGE ( 'NONE', *, *, #2665, .T. ) ;
#5961 = DIRECTION ( 'NONE',  ( -0.9993908270190957621, 0.03489949670250105246, 0.000000000000000000 ) ) ;
#5962 = CARTESIAN_POINT ( 'NONE',  ( -0.3047999999999999599, 7.899400000000000865, 2.362200000000000077 ) ) ;
#5963 = LINE ( 'NONE', #7271, #8643 ) ;
#5964 = EDGE_CURVE ( 'NONE', #3064, #2740, #7879, .T. ) ;
#5965 = ORIENTED_EDGE ( 'NONE', *, *, #73, .F. ) ;
#5966 = LINE ( 'NONE', #3123, #6174 ) ;
#5967 = EDGE_CURVE ( 'NONE', #5179, #474, #784, .T. ) ;
#5968 = AXIS2_PLACEMENT_3D ( 'NONE', #7609, #3098, #3228 ) ;
#5969 = CARTESIAN_POINT ( 'NONE',  ( -27.22499999999999787, -11.77500000000000036, -6.125000000000008882 ) ) ;
#5970 = CARTESIAN_POINT ( 'NONE',  ( -36.62499999999999289, -11.77500000000000036, -9.094999999999977547 ) ) ;
#5971 = ORIENTED_EDGE ( 'NONE', *, *, #8963, .T. ) ;
#5972 = VECTOR ( 'NONE', #1506, 1000.000000000000000 ) ;
#5973 = DIRECTION ( 'NONE',  ( -1.000000000000000000, 0.000000000000000000, 0.000000000000000000 ) ) ;
#5974 = VERTEX_POINT ( 'NONE', #7919 ) ;
#5975 = FACE_OUTER_BOUND ( 'NONE', #2061, .T. ) ;
#5976 = CARTESIAN_POINT ( 'NONE',  ( 3.838674941184240469E-18, 3.048000000000000043, 0.4826000000000000290 ) ) ;
#5977 = CARTESIAN_POINT ( 'NONE',  ( -0.3047999999999999599, 6.324599999999999334, 2.362200000000000077 ) ) ;
#5978 = VECTOR ( 'NONE', #3140, 1000.000000000000000 ) ;
#5979 = ORIENTED_EDGE ( 'NONE', *, *, #7171, .F. ) ;
#5980 = PLANE ( 'NONE',  #874 ) ;
#5981 = ORIENTED_EDGE ( 'NONE', *, *, #1096, .F. ) ;
#5982 = CARTESIAN_POINT ( 'NONE',  ( 36.62499999999999289, 0.000000000000000000, 9.095000000000020179 ) ) ;
#5983 = DIRECTION ( 'NONE',  ( -0.000000000000000000, -0.000000000000000000, 1.000000000000000000 ) ) ;
#5984 = VECTOR ( 'NONE', #348, 1000.000000000000000 ) ;
#5985 = DIRECTION ( 'NONE',  ( 1.000000000000000000, 0.000000000000000000, -0.000000000000000000 ) ) ;
#5986 = DIRECTION ( 'NONE',  ( -0.03489949670250104552, -0.9993908270190956511, 0.000000000000000000 ) ) ;
#5987 = CARTESIAN_POINT ( 'NONE',  ( 36.15196532373683169, -1.439218631442219287, -14.09982994934767220 ) ) ;
#5988 = DIRECTION ( 'NONE',  ( -0.000000000000000000, 1.000000000000000000, -0.000000000000000000 ) ) ;
#5989 = AXIS2_PLACEMENT_3D ( 'NONE', #3515, #7749, #8599 ) ;
#5990 = LINE ( 'NONE', #6045, #9156 ) ;
#5991 = ORIENTED_EDGE ( 'NONE', *, *, #8559, .F. ) ;
#5992 = AXIS2_PLACEMENT_3D ( 'NONE', #1653, #3676, #1601 ) ;
#5993 = VERTEX_POINT ( 'NONE', #7310 ) ;
#5994 = VERTEX_POINT ( 'NONE', #2096 ) ;
#5995 = CARTESIAN_POINT ( 'NONE',  ( -35.22500000000000142, 0.000000000000000000, 10.90000000000000036 ) ) ;
#5996 = CARTESIAN_POINT ( 'NONE',  ( 36.22500000000000142, -1.819537539667370973, 14.10332024559068920 ) ) ;
#5997 = ORIENTED_EDGE ( 'NONE', *, *, #2257, .F. ) ;
#5998 = LINE ( 'NONE', #8053, #3115 ) ;
#5999 = EDGE_CURVE ( 'NONE', #48, #8484, #3643, .T. ) ;
#6000 = AXIS2_PLACEMENT_3D ( 'NONE', #1545, #4416, #5836 ) ;
#6001 = DIRECTION ( 'NONE',  ( -0.000000000000000000, 1.000000000000000000, 0.000000000000000000 ) ) ;
#6002 = VECTOR ( 'NONE', #6898, 1000.000000000000000 ) ;
#6003 = CARTESIAN_POINT ( 'NONE',  ( -39.35983003675661251, -1.399999999999999467, 20.68393290460574718 ) ) ;
#6004 = VERTEX_POINT ( 'NONE', #7214 ) ;
#6005 = VERTEX_POINT ( 'NONE', #6545 ) ;
#6006 = LINE ( 'NONE', #5162, #6624 ) ;
#6007 = VECTOR ( 'NONE', #6093, 1000.000000000000000 ) ;
#6008 = VECTOR ( 'NONE', #6695, 1000.000000000000000 ) ;
#6009 = VECTOR ( 'NONE', #7854, 1000.000000000000000 ) ;
#6010 = ORIENTED_EDGE ( 'NONE', *, *, #396, .T. ) ;
#6011 = ADVANCED_FACE ( 'NONE', ( #9297 ), #3684, .F. ) ;
#6012 = DIRECTION ( 'NONE',  ( 0.000000000000000000, 0.000000000000000000, 1.000000000000000000 ) ) ;
#6013 = EDGE_CURVE ( 'NONE', #7761, #9050, #824, .T. ) ;
#6014 = CARTESIAN_POINT ( 'NONE',  ( -9.830958940036490292E-06, 1.493496405698544249, 0.05185833333333360329 ) ) ;
#6015 = CIRCLE ( 'NONE', #5864, 10.77500000000000036 ) ;
#6016 = AXIS2_PLACEMENT_3D ( 'NONE', #6873, #395, #3254 ) ;
#6017 = EDGE_CURVE ( 'NONE', #6005, #9324, #2798, .T. ) ;
#6018 = CARTESIAN_POINT ( 'NONE',  ( 35.22500000000000142, 0.000000000000000000, 0.000000000000000000 ) ) ;
#6019 = CARTESIAN_POINT ( 'NONE',  ( 36.22500000000000142, -2.199999999999999734, 29.50000000000002132 ) ) ;
#6020 = ORIENTED_EDGE ( 'NONE', *, *, #7480, .F. ) ;
#6021 = CARTESIAN_POINT ( 'NONE',  ( -27.22499999999999787, -11.77500000000000036, 27.92499999999999716 ) ) ;
#6022 = VECTOR ( 'NONE', #579, 1000.000000000000000 ) ;
#6023 = DIRECTION ( 'NONE',  ( 0.9993908270190957621, 0.03489949670250105246, 0.000000000000000000 ) ) ;
#6024 = CARTESIAN_POINT ( 'NONE',  ( 35.72499999999999432, -1.199999999999999956, -14.09667975440931009 ) ) ;
#6025 = EDGE_LOOP ( 'NONE', ( #3809, #3821, #394, #5052 ) ) ;
#6026 = DIRECTION ( 'NONE',  ( 0.000000000000000000, 0.000000000000000000, 1.000000000000000000 ) ) ;
#6027 = EDGE_CURVE ( 'NONE', #1715, #8051, #2955, .T. ) ;
#6028 = VERTEX_POINT ( 'NONE', #7169 ) ;
#6029 = CARTESIAN_POINT ( 'NONE',  ( -39.35983003675661251, -11.77500000000000036, -21.78393290460574505 ) ) ;
#6030 = CARTESIAN_POINT ( 'NONE',  ( -36.62499999999999289, 0.000000000000000000, -9.094999999999977547 ) ) ;
#6031 = DIRECTION ( 'NONE',  ( 0.000000000000000000, -1.000000000000000000, 0.000000000000000000 ) ) ;
#6032 = EDGE_CURVE ( 'NONE', #7102, #919, #2850, .T. ) ;
#6033 = VECTOR ( 'NONE', #1502, 1000.000000000000000 ) ;
#6034 = VERTEX_POINT ( 'NONE', #2977 ) ;
#6035 = FACE_OUTER_BOUND ( 'NONE', #7623, .T. ) ;
#6036 = VERTEX_POINT ( 'NONE', #5869 ) ;
#6037 = CARTESIAN_POINT ( 'NONE',  ( -0.3047999999999999599, 3.048000000000000043, -0.4432325894919639797 ) ) ;
#6038 = FACE_OUTER_BOUND ( 'NONE', #7443, .T. ) ;
#6039 = AXIS2_PLACEMENT_3D ( 'NONE', #3927, #7496, #2564 ) ;
#6040 = CARTESIAN_POINT ( 'NONE',  ( -36.22499999999999432, -1.819537539667371195, 14.10141012279535566 ) ) ;
#6041 = DIRECTION ( 'NONE',  ( 0.000000000000000000, 0.000000000000000000, 1.000000000000000000 ) ) ;
#6042 = DIRECTION ( 'NONE',  ( 0.000000000000000000, 2.891205793294672903E-16, -1.000000000000000000 ) ) ;
#6043 = CARTESIAN_POINT ( 'NONE',  ( -38.72500000000000142, -11.77500000000000036, 44.00000000000004263 ) ) ;
#6044 = AXIS2_PLACEMENT_3D ( 'NONE', #135, #6749, #1729 ) ;
#6045 = CARTESIAN_POINT ( 'NONE',  ( 35.22500000000000142, -6.275000000000001243, -9.399999999999998579 ) ) ;
#6046 = ORIENTED_EDGE ( 'NONE', *, *, #580, .T. ) ;
#6047 = ORIENTED_EDGE ( 'NONE', *, *, #721, .T. ) ;
#6048 = ORIENTED_EDGE ( 'NONE', *, *, #290, .T. ) ;
#6049 = LINE ( 'NONE', #4567, #7984 ) ;
#6050 = PLANE ( 'NONE',  #6641 ) ;
#6051 = ORIENTED_EDGE ( 'NONE', *, *, #1002, .F. ) ;
#6052 = CYLINDRICAL_SURFACE ( 'NONE', #1161, 10.77499999999999147 ) ;
#6053 = AXIS2_PLACEMENT_3D ( 'NONE', #6078, #5357, #4781 ) ;
#6054 = LINE ( 'NONE', #5861, #2532 ) ;
#6055 = CARTESIAN_POINT ( 'NONE',  ( -38.72500000000000142, -11.77500000000000036, 0.000000000000000000 ) ) ;
#6056 = ORIENTED_EDGE ( 'NONE', *, *, #1599, .F. ) ;
#6057 = VERTEX_POINT ( 'NONE', #1053 ) ;
#6058 = ORIENTED_EDGE ( 'NONE', *, *, #1134, .F. ) ;
#6059 = CARTESIAN_POINT ( 'NONE',  ( 5.438122833344339894E-18, 4.317999999999999616, 0.4826000000000000290 ) ) ;
#6060 = ADVANCED_FACE ( 'NONE', ( #2285 ), #3824, .T. ) ;
#6061 = VECTOR ( 'NONE', #961, 1000.000000000000000 ) ;
#6062 = VECTOR ( 'NONE', #6414, 1000.000000000000000 ) ;
#6063 = ORIENTED_EDGE ( 'NONE', *, *, #6903, .T. ) ;
#6064 = CARTESIAN_POINT ( 'NONE',  ( -36.22499999999999432, -11.77500000000000036, 7.700000000000022382 ) ) ;
#6065 = CARTESIAN_POINT ( 'NONE',  ( 38.31380793923467110, -11.77500000000000036, 26.89500000000002444 ) ) ;
#6066 = PLANE ( 'NONE',  #4537 ) ;
#6067 = ORIENTED_EDGE ( 'NONE', *, *, #3958, .T. ) ;
#6068 = EDGE_CURVE ( 'NONE', #9314, #6090, #3117, .T. ) ;
#6069 = ADVANCED_FACE ( 'NONE', ( #3031 ), #5342, .F. ) ;
#6070 = DIRECTION ( 'NONE',  ( 0.000000000000000000, 0.000000000000000000, -1.000000000000000000 ) ) ;
#6071 = LINE ( 'NONE', #8966, #6800 ) ;
#6072 = CARTESIAN_POINT ( 'NONE',  ( 0.000000000000000000, 0.000000000000000000, 0.000000000000000000 ) ) ;
#6073 = VERTEX_POINT ( 'NONE', #8960 ) ;
#6074 = CARTESIAN_POINT ( 'NONE',  ( -24.22500000000000142, -9.659192512834595234, -6.125000000000008882 ) ) ;
#6075 = ORIENTED_EDGE ( 'NONE', *, *, #2374, .F. ) ;
#6076 = CARTESIAN_POINT ( 'NONE',  ( -24.22500000000000142, -9.659192512834597011, -27.92499999999999716 ) ) ;
#6077 = DIRECTION ( 'NONE',  ( 1.000000000000000000, 7.022160630754120640E-15, -2.428658333604250257E-18 ) ) ;
#6078 = CARTESIAN_POINT ( 'NONE',  ( -0.3047999999999999599, 0.4826000000000000290, 0.000000000000000000 ) ) ;
#6079 = ORIENTED_EDGE ( 'NONE', *, *, #1349, .T. ) ;
#6080 = EDGE_CURVE ( 'NONE', #1981, #4336, #264, .T. ) ;
#6081 = CARTESIAN_POINT ( 'NONE',  ( 36.22499999999999432, -11.77500000000000036, -29.49999999999997868 ) ) ;
#6082 = ADVANCED_FACE ( 'NONE', ( #1003 ), #6686, .F. ) ;
#6083 = LINE ( 'NONE', #1159, #1947 ) ;
#6084 = ORIENTED_EDGE ( 'NONE', *, *, #5726, .T. ) ;
#6085 = LINE ( 'NONE', #8439, #8258 ) ;
#6086 = CARTESIAN_POINT ( 'NONE',  ( -26.92177908689250643, -10.32005512919786661, 35.80348395661288663 ) ) ;
#6087 = CARTESIAN_POINT ( 'NONE',  ( -36.62499999999999289, -11.77500000000000036, -7.699999999999977973 ) ) ;
#6088 = DIRECTION ( 'NONE',  ( 1.259407789102440013E-18, 1.000000000000000000, 0.000000000000000000 ) ) ;
#6089 = DIRECTION ( 'NONE',  ( 0.000000000000000000, 2.891205793294672903E-16, -1.000000000000000000 ) ) ;
#6090 = VERTEX_POINT ( 'NONE', #8101 ) ;
#6091 = EDGE_CURVE ( 'NONE', #6404, #7560, #8775, .T. ) ;
#6092 = ORIENTED_EDGE ( 'NONE', *, *, #1843, .F. ) ;
#6093 = DIRECTION ( 'NONE',  ( 0.000000000000000000, 0.000000000000000000, 1.000000000000000000 ) ) ;
#6094 = CARTESIAN_POINT ( 'NONE',  ( 38.72500000000000142, -6.275000000000001243, -31.19999999999999929 ) ) ;
#6095 = EDGE_CURVE ( 'NONE', #2586, #6822, #5087, .T. ) ;
#6096 = ORIENTED_EDGE ( 'NONE', *, *, #936, .T. ) ;
#6097 = FACE_OUTER_BOUND ( 'NONE', #4657, .T. ) ;
#6098 = CARTESIAN_POINT ( 'NONE',  ( -0.3047999999999999599, 12.19235930419984015, 3.174999999999999822 ) ) ;
#6099 = FACE_OUTER_BOUND ( 'NONE', #7983, .T. ) ;
#6100 = ORIENTED_EDGE ( 'NONE', *, *, #3295, .F. ) ;
#6101 = CARTESIAN_POINT ( 'NONE',  ( -35.81192571271967751, -1.200000000000000178, -7.699999999999977973 ) ) ;
#6102 = ORIENTED_EDGE ( 'NONE', *, *, #825, .T. ) ;
#6103 = CARTESIAN_POINT ( 'NONE',  ( 39.35983003675661251, -1.399999999999999911, 21.78393290460574505 ) ) ;
#6104 = ORIENTED_EDGE ( 'NONE', *, *, #6713, .T. ) ;
#6105 = CARTESIAN_POINT ( 'NONE',  ( 27.12813223880081281, -10.46924288888235033, -13.45627313636646782 ) ) ;
#6106 = DIRECTION ( 'NONE',  ( 6.938893903907232322E-16, -0.000000000000000000, 1.000000000000000000 ) ) ;
#6107 = CARTESIAN_POINT ( 'NONE',  ( 39.35983003675661251, 0.000000000000000000, -21.78393290460574505 ) ) ;
#6108 = LINE ( 'NONE', #8298, #1901 ) ;
#6109 = VERTEX_POINT ( 'NONE', #4534 ) ;
#6110 = CARTESIAN_POINT ( 'NONE',  ( -0.3047999999999999599, 4.317999999999999616, -0.4826000000000000290 ) ) ;
#6111 = CARTESIAN_POINT ( 'NONE',  ( 36.22499999999999432, -11.77500000000000036, 14.10000000000002274 ) ) ;
#6112 = EDGE_LOOP ( 'NONE', ( #7195, #1511, #3669, #5462 ) ) ;
#6113 = VERTEX_POINT ( 'NONE', #7448 ) ;
#6114 = DIRECTION ( 'NONE',  ( 1.000000000000000000, 0.000000000000000000, 0.000000000000000000 ) ) ;
#6115 = EDGE_CURVE ( 'NONE', #1984, #5515, #1610, .T. ) ;
#6116 = DIRECTION ( 'NONE',  ( 0.000000000000000000, 0.000000000000000000, -1.000000000000000000 ) ) ;
#6117 = FACE_OUTER_BOUND ( 'NONE', #354, .T. ) ;
#6118 = VERTEX_POINT ( 'NONE', #864 ) ;
#6119 = ORIENTED_EDGE ( 'NONE', *, *, #6779, .F. ) ;
#6120 = CARTESIAN_POINT ( 'NONE',  ( 36.22499999999999432, -1.700000000000000178, 7.701660122795356500 ) ) ;
#6121 = DIRECTION ( 'NONE',  ( -0.000000000000000000, -0.000000000000000000, -1.000000000000000000 ) ) ;
#6122 = ORIENTED_EDGE ( 'NONE', *, *, #5163, .T. ) ;
#6123 = DIRECTION ( 'NONE',  ( -0.000000000000000000, 1.000000000000000000, -0.000000000000000000 ) ) ;
#6124 = EDGE_CURVE ( 'NONE', #4725, #7075, #6766, .T. ) ;
#6125 = CARTESIAN_POINT ( 'NONE',  ( 36.22499999999999432, -11.77500000000000036, 12.40000000000000213 ) ) ;
#6126 = ADVANCED_FACE ( 'NONE', ( #4484 ), #3732, .T. ) ;
#6127 = CIRCLE ( 'NONE', #9006, 1.320799999999999974 ) ;
#6128 = CARTESIAN_POINT ( 'NONE',  ( 36.62500000000000000, 0.000000000000000000, -14.09999999999997655 ) ) ;
#6129 = EDGE_CURVE ( 'NONE', #6562, #4775, #7539, .T. ) ;
#6130 = PLANE ( 'NONE',  #4609 ) ;
#6131 = ORIENTED_EDGE ( 'NONE', *, *, #4452, .T. ) ;
#6132 = B_SPLINE_CURVE_WITH_KNOTS ( 'NONE', 3,
 ( #8225, #5188, #8890, #6706, #88, #7334, #893, #982, #6666, #3711, #3666, #8083, #3055, #940, #2264, #6569, #3096, #1644 ),
 .UNSPECIFIED., .F., .F.,
 ( 4, 2, 2, 2, 2, 2, 2, 2, 4 ),
 ( 0.000000000000000000, 0.0005996163484686792321, 0.001199232696937358464, 0.001798849045406037805, 0.002398465393874716928, 0.002998081742343396052, 0.003597698090812075609, 0.004197314439280754733, 0.004796930787749433857 ),
 .UNSPECIFIED. ) ;
#6133 = ORIENTED_EDGE ( 'NONE', *, *, #7815, .F. ) ;
#6134 = CARTESIAN_POINT ( 'NONE',  ( 36.62499999999999289, 0.000000000000000000, 30.89500000000002089 ) ) ;
#6135 = VECTOR ( 'NONE', #3600, 1000.000000000000000 ) ;
#6136 = DIRECTION ( 'NONE',  ( 1.000000000000000000, 0.000000000000000000, 0.000000000000000000 ) ) ;
#6137 = VERTEX_POINT ( 'NONE', #5253 ) ;
#6138 = DIRECTION ( 'NONE',  ( 1.000000000000000000, -1.259407789102440013E-18, 0.000000000000000000 ) ) ;
#6139 = CARTESIAN_POINT ( 'NONE',  ( -36.62500000000000000, 0.000000000000000000, -35.89999999999997016 ) ) ;
#6140 = EDGE_CURVE ( 'NONE', #6207, #3808, #5300, .T. ) ;
#6141 = LINE ( 'NONE', #1131, #6953 ) ;
#6142 = ORIENTED_EDGE ( 'NONE', *, *, #9304, .T. ) ;
#6143 = ADVANCED_FACE ( 'NONE', ( #300 ), #4438, .F. ) ;
#6144 = ORIENTED_EDGE ( 'NONE', *, *, #566, .F. ) ;
#6145 = DIRECTION ( 'NONE',  ( -0.000000000000000000, 1.000000000000000000, 0.000000000000000000 ) ) ;
#6146 = AXIS2_PLACEMENT_3D ( 'NONE', #8932, #4106, #2559 ) ;
#6147 = CIRCLE ( 'NONE', #2970, 2.999999999999999112 ) ;
#6148 = ORIENTED_EDGE ( 'NONE', *, *, #644, .T. ) ;
#6149 = DIRECTION ( 'NONE',  ( 0.000000000000000000, 0.000000000000000000, 1.000000000000000000 ) ) ;
#6150 = CARTESIAN_POINT ( 'NONE',  ( -27.22499999999999787, -10.62779375035100315, -12.67499999999999538 ) ) ;
#6151 = DIRECTION ( 'NONE',  ( -0.000000000000000000, 1.000000000000000000, -0.000000000000000000 ) ) ;
#6152 = VECTOR ( 'NONE', #3027, 1000.000000000000000 ) ;
#6153 = VECTOR ( 'NONE', #5568, 1000.000000000000000 ) ;
#6154 = ORIENTED_EDGE ( 'NONE', *, *, #1571, .F. ) ;
#6155 = EDGE_LOOP ( 'NONE', ( #555, #7057, #6575, #8518, #3073, #361, #6396, #8529 ) ) ;
#6156 = AXIS2_PLACEMENT_3D ( 'NONE', #7097, #2022, #2122 ) ;
#6157 = CARTESIAN_POINT ( 'NONE',  ( 36.22500000000000142, -1.819537539667370973, -7.703320245590689730 ) ) ;
#6158 = FACE_OUTER_BOUND ( 'NONE', #8823, .T. ) ;
#6159 = CARTESIAN_POINT ( 'NONE',  ( 36.62500000000000000, -15.71253753966737143, 10.87832024559069133 ) ) ;
#6160 = ORIENTED_EDGE ( 'NONE', *, *, #6831, .F. ) ;
#6161 = CIRCLE ( 'NONE', #1482, 3.809500000000000330 ) ;
#6162 = VECTOR ( 'NONE', #3835, 1000.000000000000000 ) ;
#6163 = ORIENTED_EDGE ( 'NONE', *, *, #762, .T. ) ;
#6164 = LINE ( 'NONE', #6076, #6162 ) ;
#6165 = CARTESIAN_POINT ( 'NONE',  ( -39.35983003675661251, -1.399999999999999467, -20.68393290460574718 ) ) ;
#6166 = CARTESIAN_POINT ( 'NONE',  ( 2.416746567528745169E-17, 3.048000000000000043, -0.1282933054276765850 ) ) ;
#6167 = ORIENTED_EDGE ( 'NONE', *, *, #60, .T. ) ;
#6168 = VECTOR ( 'NONE', #7896, 1000.000000000000000 ) ;
#6169 = DIRECTION ( 'NONE',  ( 0.000000000000000000, 0.000000000000000000, 1.000000000000000000 ) ) ;
#6170 = EDGE_CURVE ( 'NONE', #9081, #490, #8914, .T. ) ;
#6171 = DIRECTION ( 'NONE',  ( 1.000000000000000000, 0.000000000000000000, 0.000000000000000000 ) ) ;
#6172 = ORIENTED_EDGE ( 'NONE', *, *, #2636, .F. ) ;
#6173 = CARTESIAN_POINT ( 'NONE',  ( -38.31380793923467110, 0.000000000000000000, 0.000000000000000000 ) ) ;
#6174 = VECTOR ( 'NONE', #5347, 1000.000000000000000 ) ;
#6175 = LINE ( 'NONE', #1773, #3776 ) ;
#6176 = CARTESIAN_POINT ( 'NONE',  ( 36.62500000000000000, -11.77500000000000036, 29.50000000000002132 ) ) ;
#6177 = FACE_OUTER_BOUND ( 'NONE', #3544, .T. ) ;
#6178 = ORIENTED_EDGE ( 'NONE', *, *, #5667, .T. ) ;
#6179 = VERTEX_POINT ( 'NONE', #6064 ) ;
#6180 = DIRECTION ( 'NONE',  ( -1.000000000000000000, -0.000000000000000000, -0.000000000000000000 ) ) ;
#6181 = EDGE_CURVE ( 'NONE', #3494, #3739, #6980, .T. ) ;
#6182 = ADVANCED_FACE ( 'NONE', ( #6288 ), #1098, .F. ) ;
#6183 = DIRECTION ( 'NONE',  ( -1.000000000000000000, 0.000000000000000000, -0.000000000000000000 ) ) ;
#6184 = EDGE_LOOP ( 'NONE', ( #5736, #7453, #5070, #6926 ) ) ;
#6185 = CARTESIAN_POINT ( 'NONE',  ( -0.3047999999999999599, 4.317999999999999616, 3.174999999999999822 ) ) ;
#6186 = PLANE ( 'NONE',  #6471 ) ;
#6187 = LINE ( 'NONE', #8468, #455 ) ;
#6188 = VECTOR ( 'NONE', #8455, 1000.000000000000000 ) ;
#6189 = VERTEX_POINT ( 'NONE', #8428 ) ;
#6190 = B_SPLINE_CURVE_WITH_KNOTS ( 'NONE', 3,
 ( #949, #8143, #5292, #3106 ),
 .UNSPECIFIED., .F., .F.,
 ( 4, 4 ),
 ( 0.000000000000000000, 1.000000000000000000 ),
 .UNSPECIFIED. ) ;
#6191 = ORIENTED_EDGE ( 'NONE', *, *, #2612, .F. ) ;
#6192 = DIRECTION ( 'NONE',  ( 0.000000000000000000, -0.000000000000000000, -1.000000000000000000 ) ) ;
#6193 = ADVANCED_FACE ( 'NONE', ( #8295 ), #5581, .F. ) ;
#6194 = ORIENTED_EDGE ( 'NONE', *, *, #7004, .T. ) ;
#6195 = VECTOR ( 'NONE', #2351, 1000.000000000000000 ) ;
#6196 = EDGE_CURVE ( 'NONE', #1097, #8046, #481, .T. ) ;
#6197 = ORIENTED_EDGE ( 'NONE', *, *, #6947, .F. ) ;
#6198 = CARTESIAN_POINT ( 'NONE',  ( 27.20520594547036808, -10.55583604369455131, -13.07115278890304388 ) ) ;
#6199 = DIRECTION ( 'NONE',  ( -0.000000000000000000, -1.000000000000000000, 0.000000000000000000 ) ) ;
#6200 = LINE ( 'NONE', #5344, #3318 ) ;
#6201 = VECTOR ( 'NONE', #7281, 1000.000000000000000 ) ;
#6202 = VERTEX_POINT ( 'NONE', #1844 ) ;
#6203 = PLANE ( 'NONE',  #6146 ) ;
#6204 = DIRECTION ( 'NONE',  ( 1.000000000000000000, 0.000000000000000000, 0.000000000000000000 ) ) ;
#6205 = CARTESIAN_POINT ( 'NONE',  ( 0.08687802539211569863, 7.826489972236299053, 2.387599999999999945 ) ) ;
#6206 = APPLICATION_PROTOCOL_DEFINITION ( 'draft international standard', 'automotive_design', 1998, #4304 ) ;
#6207 = VERTEX_POINT ( 'NONE', #1991 ) ;
#6208 = VECTOR ( 'NONE', #4869, 1000.000000000000000 ) ;
#6209 = PLANE ( 'NONE',  #884 ) ;
#6210 = PLANE ( 'NONE',  #4839 ) ;
#6211 = CARTESIAN_POINT ( 'NONE',  ( -0.3047901690410605435, 1.493496405698544249, -0.04955848441160469464 ) ) ;
#6212 = VERTEX_POINT ( 'NONE', #521 ) ;
#6213 = AXIS2_PLACEMENT_3D ( 'NONE', #4154, #4774, #4063 ) ;
#6214 = CARTESIAN_POINT ( 'NONE',  ( -25.57518165881202776, -9.808445427359483659, -15.36118206920663454 ) ) ;
#6215 = CARTESIAN_POINT ( 'NONE',  ( 39.35983003675661251, -1.399999999999999911, -17.97443290460574161 ) ) ;
#6216 = EDGE_LOOP ( 'NONE', ( #3688, #1856, #2550, #480 ) ) ;
#6217 = DIRECTION ( 'NONE',  ( -1.000000000000000000, 0.000000000000000000, 6.938893903907232322E-16 ) ) ;
#6218 = DIRECTION ( 'NONE',  ( 1.000000000000000000, -0.000000000000000000, -0.000000000000000000 ) ) ;
#6219 = DIRECTION ( 'NONE',  ( 1.000000000000000000, -0.000000000000000000, -0.000000000000000000 ) ) ;
#6220 = EDGE_CURVE ( 'NONE', #5493, #4540, #4820, .T. ) ;
#6221 = LINE ( 'NONE', #1362, #7542 ) ;
#6222 = ORIENTED_EDGE ( 'NONE', *, *, #4624, .F. ) ;
#6223 = ORIENTED_EDGE ( 'NONE', *, *, #6782, .T. ) ;
#6224 = DIRECTION ( 'NONE',  ( 1.000000000000000000, -0.000000000000000000, -0.000000000000000000 ) ) ;
#6225 = DIRECTION ( 'NONE',  ( 1.000000000000000000, -0.000000000000000000, -0.000000000000000000 ) ) ;
#6226 = ORIENTED_EDGE ( 'NONE', *, *, #7544, .F. ) ;
#6227 = PLANE ( 'NONE',  #2232 ) ;
#6228 = FACE_OUTER_BOUND ( 'NONE', #564, .T. ) ;
#6229 = CARTESIAN_POINT ( 'NONE',  ( 1.535515227524490209E-17, 12.19235930419984015, 2.374900000000000233 ) ) ;
#6230 = ADVANCED_FACE ( 'NONE', ( #5525 ), #1138, .F. ) ;
#6231 = ADVANCED_FACE ( 'NONE', ( #4103 ), #3960, .T. ) ;
#6232 = ORIENTED_EDGE ( 'NONE', *, *, #4181, .F. ) ;
#6233 = CARTESIAN_POINT ( 'NONE',  ( -1.320799999999999974, 13.30959999999999965, 2.374900000000000233 ) ) ;
#6234 = ORIENTED_EDGE ( 'NONE', *, *, #3458, .T. ) ;
#6235 = VERTEX_POINT ( 'NONE', #6863 ) ;
#6236 = FACE_BOUND ( 'NONE', #4859, .T. ) ;
#6237 = ORIENTED_EDGE ( 'NONE', *, *, #976, .T. ) ;
#6238 = VERTEX_POINT ( 'NONE', #3340 ) ;
#6239 = CARTESIAN_POINT ( 'NONE',  ( 38.72500000000000142, -11.77500000000000036, -12.70499999999998053 ) ) ;
#6240 = CARTESIAN_POINT ( 'NONE',  ( 7.965250502957290652E-18, 6.324599999999999334, 2.362200000000000077 ) ) ;
#6241 = EDGE_CURVE ( 'NONE', #6057, #4586, #2525, .T. ) ;
#6242 = EDGE_CURVE ( 'NONE', #1555, #7635, #2555, .T. ) ;
#6243 = CARTESIAN_POINT ( 'NONE',  ( 35.22500000000000142, 0.000000000000000000, 0.000000000000000000 ) ) ;
#6244 = EDGE_CURVE ( 'NONE', #4701, #49, #5440, .T. ) ;
#6245 = ORIENTED_EDGE ( 'NONE', *, *, #5955, .T. ) ;
#6246 = CARTESIAN_POINT ( 'NONE',  ( -36.62499999999999289, -11.77500000000000036, -30.89499999999997826 ) ) ;
#6247 = B_SPLINE_CURVE_WITH_KNOTS ( 'NONE', 3,
 ( #6120, #9069, #5411, #3090 ),
 .UNSPECIFIED., .F., .F.,
 ( 4, 4 ),
 ( 0.000000000000000000, 0.01186476820519811147 ),
 .UNSPECIFIED. ) ;
#6248 = DIRECTION ( 'NONE',  ( -1.084202172485504631E-15, 0.000000000000000000, 1.000000000000000000 ) ) ;
#6249 = DIRECTION ( 'NONE',  ( -0.000000000000000000, 0.000000000000000000, 1.000000000000000000 ) ) ;
#6250 = SHAPE_DEFINITION_REPRESENTATION ( #4199, #5123 ) ;
#6251 = ORIENTED_EDGE ( 'NONE', *, *, #8735, .T. ) ;
#6252 = CARTESIAN_POINT ( 'NONE',  ( 36.22499999999999432, -6.275000000000000355, 31.19999999999999574 ) ) ;
#6253 = ORIENTED_EDGE ( 'NONE', *, *, #4441, .T. ) ;
#6254 = CARTESIAN_POINT ( 'NONE',  ( -24.22500000000000497, -9.659192512834595234, -6.125000000000008882 ) ) ;
#6255 = CARTESIAN_POINT ( 'NONE',  ( 35.72499999999999432, -1.199999999999999956, -7.696679754409310625 ) ) ;
#6256 = EDGE_CURVE ( 'NONE', #4099, #7737, #7771, .T. ) ;
#6257 = LINE ( 'NONE', #6360, #7423 ) ;
#6258 = EDGE_LOOP ( 'NONE', ( #771, #4245, #2481, #7095 ) ) ;
#6259 = EDGE_CURVE ( 'NONE', #4420, #9357, #4764, .T. ) ;
#6260 = LINE ( 'NONE', #451, #4192 ) ;
#6261 = FACE_OUTER_BOUND ( 'NONE', #2026, .T. ) ;
#6262 = ORIENTED_EDGE ( 'NONE', *, *, #8140, .F. ) ;
#6263 = DIRECTION ( 'NONE',  ( 1.000000000000000000, 0.000000000000000000, -0.000000000000000000 ) ) ;
#6264 = LINE ( 'NONE', #4935, #1060 ) ;
#6265 = PLANE ( 'NONE',  #3464 ) ;
#6266 =( REPRESENTATION_RELATIONSHIP ('NONE','NONE', #5123, #7375 ) REPRESENTATION_RELATIONSHIP_WITH_TRANSFORMATION ( #729 )SHAPE_REPRESENTATION_RELATIONSHIP( ) );
#6267 = DIRECTION ( 'NONE',  ( 0.000000000000000000, 0.000000000000000000, 1.000000000000000000 ) ) ;
#6268 = EDGE_LOOP ( 'NONE', ( #1703, #8086, #4002, #7594 ) ) ;
#6269 = ORIENTED_EDGE ( 'NONE', *, *, #2099, .F. ) ;
#6270 = DIRECTION ( 'NONE',  ( -0.03489949670250104552, 0.9993908270190956511, 0.000000000000000000 ) ) ;
#6271 = DIRECTION ( 'NONE',  ( 0.000000000000000000, -1.000000000000000000, -5.528999126619305500E-16 ) ) ;
#6272 = AXIS2_PLACEMENT_3D ( 'NONE', #2796, #2042, #2606 ) ;
#6273 = CARTESIAN_POINT ( 'NONE',  ( -35.22500000000000142, -2.199999999999999734, -35.90000000000001990 ) ) ;
#6274 = ORIENTED_EDGE ( 'NONE', *, *, #3218, .T. ) ;
#6275 = CARTESIAN_POINT ( 'NONE',  ( 24.22500000000000142, -11.77500000000000036, 12.67499999999999538 ) ) ;
#6276 = PLANE ( 'NONE',  #2388 ) ;
#6277 = DIRECTION ( 'NONE',  ( -0.000000000000000000, -0.000000000000000000, -1.000000000000000000 ) ) ;
#6278 = ORIENTED_EDGE ( 'NONE', *, *, #7420, .T. ) ;
#6279 = DIRECTION ( 'NONE',  ( -1.084202172485504631E-15, 0.000000000000000000, 1.000000000000000000 ) ) ;
#6280 = EDGE_LOOP ( 'NONE', ( #6133, #2268, #5498, #896 ) ) ;
#6281 = VECTOR ( 'NONE', #5818, 1000.000000000000000 ) ;
#6282 = EDGE_LOOP ( 'NONE', ( #6770, #4676, #4688, #4174 ) ) ;
#6283 = CARTESIAN_POINT ( 'NONE',  ( 27.07017254884048896, -10.42092389632503568, -35.44581421178464353 ) ) ;
#6284 = EDGE_CURVE ( 'NONE', #8759, #5747, #9139, .T. ) ;
#6285 = ORIENTED_EDGE ( 'NONE', *, *, #3383, .T. ) ;
#6286 = ORIENTED_EDGE ( 'NONE', *, *, #7595, .T. ) ;
#6287 = CARTESIAN_POINT ( 'NONE',  ( 38.72500000000000142, -11.77500000000000036, 26.89500000000002444 ) ) ;
#6288 = FACE_OUTER_BOUND ( 'NONE', #4406, .T. ) ;
#6289 = CARTESIAN_POINT ( 'NONE',  ( 35.22500000000000142, 0.000000000000000000, 0.000000000000000000 ) ) ;
#6290 = ORIENTED_EDGE ( 'NONE', *, *, #2259, .F. ) ;
#6291 = CYLINDRICAL_SURFACE ( 'NONE', #5239, 3.809500000000000330 ) ;
#6292 = VECTOR ( 'NONE', #1481, 1000.000000000000000 ) ;
#6293 = VECTOR ( 'NONE', #2475, 1000.000000000000000 ) ;
#6294 = DIRECTION ( 'NONE',  ( -0.000000000000000000, 0.000000000000000000, 1.000000000000000000 ) ) ;
#6295 = ADVANCED_FACE ( 'NONE', ( #8524 ), #7956, .F. ) ;
#6296 = ADVANCED_FACE ( 'NONE', ( #7203 ), #3587, .F. ) ;
#6297 = CARTESIAN_POINT ( 'NONE',  ( -27.22499999999999787, -11.77500000000000036, -30.92499999999999716 ) ) ;
#6298 = APPLICATION_PROTOCOL_DEFINITION ( 'draft international standard', 'automotive_design', 1998, #6897 ) ;
#6299 = ORIENTED_EDGE ( 'NONE', *, *, #6999, .T. ) ;
#6300 = DIRECTION ( 'NONE',  ( 0.000000000000000000, -5.528999126619305500E-16, 1.000000000000000000 ) ) ;
#6301 = ORIENTED_EDGE ( 'NONE', *, *, #3991, .T. ) ;
#6302 = DIRECTION ( 'NONE',  ( 0.000000000000000000, 0.000000000000000000, 1.000000000000000000 ) ) ;
#6303 = VECTOR ( 'NONE', #4150, 1000.000000000000000 ) ;
#6304 = LINE ( 'NONE', #3353, #9246 ) ;
#6305 = VECTOR ( 'NONE', #5333, 1000.000000000000000 ) ;
#6306 = DIRECTION ( 'NONE',  ( 1.259407789102440013E-18, 1.000000000000000000, 0.000000000000000000 ) ) ;
#6307 = ORIENTED_EDGE ( 'NONE', *, *, #853, .T. ) ;
#6308 = FACE_OUTER_BOUND ( 'NONE', #4067, .T. ) ;
#6309 = AXIS2_PLACEMENT_3D ( 'NONE', #3432, #5624, #4905 ) ;
#6310 = AXIS2_PLACEMENT_3D ( 'NONE', #4598, #6937, #7510 ) ;
#6311 = EDGE_CURVE ( 'NONE', #5121, #8517, #6490, .T. ) ;
#6312 = DIRECTION ( 'NONE',  ( 0.000000000000000000, 0.000000000000000000, 1.000000000000000000 ) ) ;
#6313 = ORIENTED_EDGE ( 'NONE', *, *, #2326, .T. ) ;
#6314 = VECTOR ( 'NONE', #3282, 1000.000000000000000 ) ;
#6315 = EDGE_CURVE ( 'NONE', #8700, #3537, #8577, .T. ) ;
#6316 = FACE_OUTER_BOUND ( 'NONE', #3759, .T. ) ;
#6317 = EDGE_CURVE ( 'NONE', #9314, #919, #2035, .T. ) ;
#6318 = DIRECTION ( 'NONE',  ( 0.000000000000000000, 0.000000000000000000, 1.000000000000000000 ) ) ;
#6319 = CARTESIAN_POINT ( 'NONE',  ( -0.3047999999999999599, 4.317999999999999616, -0.4826000000000000290 ) ) ;
#6320 = VECTOR ( 'NONE', #4320, 1000.000000000000000 ) ;
#6321 = VECTOR ( 'NONE', #7793, 1000.000000000000000 ) ;
#6322 = DIRECTION ( 'NONE',  ( 0.000000000000000000, 0.000000000000000000, 1.000000000000000000 ) ) ;
#6323 = VERTEX_POINT ( 'NONE', #3490 ) ;
#6324 = ORIENTED_EDGE ( 'NONE', *, *, #954, .F. ) ;
#6325 = DIRECTION ( 'NONE',  ( 0.000000000000000000, 0.000000000000000000, -1.000000000000000000 ) ) ;
#6326 = DIRECTION ( 'NONE',  ( 1.000000000000000000, 0.000000000000000000, 0.000000000000000000 ) ) ;
#6327 = AXIS2_PLACEMENT_3D ( 'NONE', #3079, #253, #3210 ) ;
#6328 = CARTESIAN_POINT ( 'NONE',  ( -0.3047999999999999599, 3.048000000000000043, 0.01270000000000000122 ) ) ;
#6329 = ORIENTED_EDGE ( 'NONE', *, *, #7768, .F. ) ;
#6330 = ADVANCED_FACE ( 'NONE', ( #4345 ), #775, .T. ) ;
#6331 = DIRECTION ( 'NONE',  ( 0.000000000000000000, 0.000000000000000000, -1.000000000000000000 ) ) ;
#6332 = CARTESIAN_POINT ( 'NONE',  ( 26.07349211351372631, -9.946160579764859122, 15.04594497867068625 ) ) ;
#6333 = ORIENTED_EDGE ( 'NONE', *, *, #4263, .F. ) ;
#6334 = VECTOR ( 'NONE', #7657, 1000.000000000000000 ) ;
#6335 = FACE_OUTER_BOUND ( 'NONE', #2008, .T. ) ;
#6336 = VERTEX_POINT ( 'NONE', #5812 ) ;
#6337 = ORIENTED_EDGE ( 'NONE', *, *, #3063, .F. ) ;
#6338 = DIRECTION ( 'NONE',  ( 0.000000000000000000, 0.000000000000000000, 1.000000000000000000 ) ) ;
#6339 = VERTEX_POINT ( 'NONE', #2082 ) ;
#6340 = VERTEX_POINT ( 'NONE', #8713 ) ;
#6341 = DIRECTION ( 'NONE',  ( -0.03489949670250104552, -0.9993908270190956511, 0.000000000000000000 ) ) ;
#6342 = AXIS2_PLACEMENT_3D ( 'NONE', #4153, #1291, #7732 ) ;
#6343 = VECTOR ( 'NONE', #7882, 1000.000000000000000 ) ;
#6344 = CARTESIAN_POINT ( 'NONE',  ( 25.21348780755074515, -9.737363899785259846, 37.31427041245515852 ) ) ;
#6345 = CARTESIAN_POINT ( 'NONE',  ( 0.3812922172450244895, 7.747601927289059276, 3.174999999999999822 ) ) ;
#6346 = EDGE_CURVE ( 'NONE', #6799, #341, #9351, .T. ) ;
#6347 = VERTEX_POINT ( 'NONE', #12 ) ;
#6348 = ORIENTED_EDGE ( 'NONE', *, *, #2006, .T. ) ;
#6349 = LINE ( 'NONE', #632, #4778 ) ;
#6350 = CIRCLE ( 'NONE', #6657, 1.099999999999996758 ) ;
#6351 = CYLINDRICAL_SURFACE ( 'NONE', #899, 0.6350000000000003419 ) ;
#6352 = CARTESIAN_POINT ( 'NONE',  ( 36.22500000000000142, -1.819537539667370973, -9.399999999999998579 ) ) ;
#6353 = DIRECTION ( 'NONE',  ( 1.000000000000000000, 0.000000000000000000, 0.000000000000000000 ) ) ;
#6354 = ORIENTED_EDGE ( 'NONE', *, *, #5964, .T. ) ;
#6355 = CARTESIAN_POINT ( 'NONE',  ( -35.22500000000000142, 1.084202172485504434E-15, 31.19999999999999929 ) ) ;
#6356 = ORIENTED_EDGE ( 'NONE', *, *, #6668, .T. ) ;
#6357 = CARTESIAN_POINT ( 'NONE',  ( -24.42795617425250043, -9.659192512834593458, -6.125000000000007105 ) ) ;
#6359 = CARTESIAN_POINT ( 'NONE',  ( -35.22500000000000142, -1.199999999999999956, 14.10166012279535508 ) ) ;
#6358 = VECTOR ( 'NONE', #913, 1000.000000000000000 ) ;
#6360 = CARTESIAN_POINT ( 'NONE',  ( 43.31380793923467110, -11.77500000000000036, -16.70500000000001961 ) ) ;
#6361 = EDGE_CURVE ( 'NONE', #7668, #462, #673, .T. ) ;
#6362 = EDGE_CURVE ( 'NONE', #2900, #490, #5108, .T. ) ;
#6363 = ORIENTED_EDGE ( 'NONE', *, *, #700, .T. ) ;
#6364 = CARTESIAN_POINT ( 'NONE',  ( -27.20518624071151947, -10.55589838528809565, -13.07074921183934357 ) ) ;
#6365 = VECTOR ( 'NONE', #4821, 1000.000000000000000 ) ;
#6366 = VECTOR ( 'NONE', #1954, 1000.000000000000000 ) ;
#6367 = PLANE ( 'NONE',  #9224 ) ;
#6368 = ORIENTED_EDGE ( 'NONE', *, *, #7379, .F. ) ;
#6369 = CARTESIAN_POINT ( 'NONE',  ( 39.35983003675661251, 0.000000000000000000, 21.78393290460574505 ) ) ;
#6370 = CARTESIAN_POINT ( 'NONE',  ( -36.20056788755262289, -1.519380612532425845, -7.699999999999977973 ) ) ;
#6371 = CARTESIAN_POINT ( 'NONE',  ( -35.22500000000000142, 0.000000000000000000, 0.000000000000000000 ) ) ;
#6372 = EDGE_CURVE ( 'NONE', #4301, #5472, #1331, .T. ) ;
#6373 = EDGE_CURVE ( 'NONE', #9357, #7751, #2177, .T. ) ;
#6374 = CARTESIAN_POINT ( 'NONE',  ( 36.22500000000000142, -2.199999999999999734, -29.50000000000002132 ) ) ;
#6375 = EDGE_CURVE ( 'NONE', #2934, #1239, #1426, .T. ) ;
#6376 = ORIENTED_EDGE ( 'NONE', *, *, #5380, .F. ) ;
#6377 = ORIENTED_EDGE ( 'NONE', *, *, #7016, .F. ) ;
#6378 = DIRECTION ( 'NONE',  ( -1.000000000000000000, -0.000000000000000000, -0.000000000000000000 ) ) ;
#6379 = CARTESIAN_POINT ( 'NONE',  ( -0.3047999999999999599, 6.324599999999999334, -2.362200000000000077 ) ) ;
#6380 = CARTESIAN_POINT ( 'NONE',  ( -27.22499999999999787, -11.77500000000000036, -27.92499999999999716 ) ) ;
#6381 = VERTEX_POINT ( 'NONE', #2363 ) ;
#6382 = LINE ( 'NONE', #759, #1477 ) ;
#6383 = DIRECTION ( 'NONE',  ( 0.000000000000000000, 0.000000000000000000, -1.000000000000000000 ) ) ;
#6384 = CARTESIAN_POINT ( 'NONE',  ( 27.12874297933608503, -10.46984523231758857, 13.45371957594128531 ) ) ;
#6385 = EDGE_CURVE ( 'NONE', #3253, #2548, #4124, .T. ) ;
#6386 = CARTESIAN_POINT ( 'NONE',  ( -0.3047999999999999599, 3.048000000000000043, 0.01270000000000000122 ) ) ;
#6387 = ORIENTED_EDGE ( 'NONE', *, *, #136, .T. ) ;
#6388 = ORIENTED_EDGE ( 'NONE', *, *, #4382, .F. ) ;
#6389 = CARTESIAN_POINT ( 'NONE',  ( 25.21059208921508699, -9.736852453990751499, -37.31535622886637782 ) ) ;
#6390 = EDGE_CURVE ( 'NONE', #1712, #8680, #5552, .T. ) ;
#6391 = ORIENTED_EDGE ( 'NONE', *, *, #1029, .T. ) ;
#6392 = ORIENTED_EDGE ( 'NONE', *, *, #7349, .F. ) ;
#6393 = CARTESIAN_POINT ( 'NONE',  ( -38.72500000000000142, -11.77500000000000036, -34.50499999999998124 ) ) ;
#6394 = CARTESIAN_POINT ( 'NONE',  ( 26.22190223355801209, -9.997230042551066731, 36.72214898375487735 ) ) ;
#6395 = CARTESIAN_POINT ( 'NONE',  ( -38.72500000000000142, -11.77500000000000036, -16.70500000000001961 ) ) ;
#6396 = ORIENTED_EDGE ( 'NONE', *, *, #6888, .F. ) ;
#6397 = VERTEX_POINT ( 'NONE', #6628 ) ;
#6398 = CARTESIAN_POINT ( 'NONE',  ( -36.22499999999999432, -1.700000000000000178, -14.10166012279533376 ) ) ;
#6399 = DIRECTION ( 'NONE',  ( 0.8587137004641418603, -0.5124556377240669924, 0.000000000000000000 ) ) ;
#6400 = DIRECTION ( 'NONE',  ( 0.000000000000000000, 2.891205793294672410E-16, -1.000000000000000000 ) ) ;
#6401 = DIRECTION ( 'NONE',  ( 1.000000000000000000, 0.000000000000000000, 0.000000000000000000 ) ) ;
#6402 = EDGE_LOOP ( 'NONE', ( #1114, #5161, #1908, #7618 ) ) ;
#6403 = CARTESIAN_POINT ( 'NONE',  ( -36.62499999999999289, -11.77500000000000036, 12.70500000000002139 ) ) ;
#6404 = VERTEX_POINT ( 'NONE', #6678 ) ;
#6405 = CARTESIAN_POINT ( 'NONE',  ( -35.98092231765544824, -1.249020346745934651, 14.10000000000002451 ) ) ;
#6406 = CARTESIAN_POINT ( 'NONE',  ( -27.20520594547036097, -10.55583604369455486, -30.52884721109695221 ) ) ;
#6407 = CARTESIAN_POINT ( 'NONE',  ( 3.838674941184240469E-18, 3.048000000000000043, 0.01270000000000000122 ) ) ;
#6408 = ORIENTED_EDGE ( 'NONE', *, *, #5066, .T. ) ;
#6409 = PLANE ( 'NONE',  #6924 ) ;
#6410 = CARTESIAN_POINT ( 'NONE',  ( 35.22500000000000142, 1.461533075723289096E-22, -10.90000000000000036 ) ) ;
#6411 = EDGE_LOOP ( 'NONE', ( #7870, #8006, #3122, #6632 ) ) ;
#6412 = EDGE_CURVE ( 'NONE', #1073, #4384, #3890, .T. ) ;
#6413 = LINE ( 'NONE', #544, #8592 ) ;
#6414 = DIRECTION ( 'NONE',  ( 1.000000000000000000, -0.000000000000000000, -0.000000000000000000 ) ) ;
#6415 = CARTESIAN_POINT ( 'NONE',  ( -26.92177908689250643, -10.32005512919786838, 14.00348395661287526 ) ) ;
#6416 = CARTESIAN_POINT ( 'NONE',  ( 1.676221390983784943E-17, 13.30959999999999965, 2.374900000000000233 ) ) ;
#6417 = VERTEX_POINT ( 'NONE', #3721 ) ;
#6418 = ORIENTED_EDGE ( 'NONE', *, *, #7468, .F. ) ;
#6419 = ADVANCED_BREP_SHAPE_REPRESENTATION ( '', ( #978, #2439 ), #8950 ) ;
#6420 = DIRECTION ( 'NONE',  ( 0.000000000000000000, 2.891205793294672903E-16, -1.000000000000000000 ) ) ;
#6421 = LINE ( 'NONE', #8463, #5572 ) ;
#6422 = EDGE_CURVE ( 'NONE', #2544, #1804, #3774, .T. ) ;
#6423 = EDGE_CURVE ( 'NONE', #6978, #3321, #3860, .T. ) ;
#6424 = LINE ( 'NONE', #1226, #3638 ) ;
#6425 = ORIENTED_EDGE ( 'NONE', *, *, #8387, .T. ) ;
#6426 = SURFACE_SIDE_STYLE ('',( #556 ) ) ;
#6427 = CARTESIAN_POINT ( 'NONE',  ( 36.62499999999999289, -11.77500000000000036, -7.699999999999977973 ) ) ;
#6428 = EDGE_CURVE ( 'NONE', #5146, #7163, #7394, .T. ) ;
#6429 = EDGE_CURVE ( 'NONE', #3670, #4566, #3066, .T. ) ;
#6430 = PLANE ( 'NONE',  #1814 ) ;
#6431 = B_SPLINE_CURVE_WITH_KNOTS ( 'NONE', 3,
 ( #6565, #8699, #1548, #2209 ),
 .UNSPECIFIED., .F., .F.,
 ( 4, 4 ),
 ( 0.000000000000000000, 1.000000000000000000 ),
 .UNSPECIFIED. ) ;
#6432 = DIRECTION ( 'NONE',  ( 0.000000000000000000, 2.891205793294672903E-16, -1.000000000000000000 ) ) ;
#6433 = EDGE_LOOP ( 'NONE', ( #2299, #450, #2726, #9121, #8070, #8565, #2074, #4047 ) ) ;
#6434 = ORIENTED_EDGE ( 'NONE', *, *, #8865, .T. ) ;
#6435 = CARTESIAN_POINT ( 'NONE',  ( 26.92177908689250287, -10.32005512919786661, -35.80348395661288663 ) ) ;
#6436 = VECTOR ( 'NONE', #5190, 1000.000000000000000 ) ;
#6437 = ORIENTED_EDGE ( 'NONE', *, *, #1922, .T. ) ;
#6438 = ADVANCED_FACE ( 'NONE', ( #7441 ), #8192, .T. ) ;
#6439 = EDGE_LOOP ( 'NONE', ( #7935, #4155, #4136, #5551 ) ) ;
#6440 = CARTESIAN_POINT ( 'NONE',  ( 36.62499999999999289, -11.77500000000000036, -9.094999999999977547 ) ) ;
#6441 = CARTESIAN_POINT ( 'NONE',  ( 27.22499999999998721, -10.59437064379734394, 34.67512049743569236 ) ) ;
#6442 = EDGE_CURVE ( 'NONE', #8964, #5472, #5107, .T. ) ;
#6443 = AXIS2_PLACEMENT_3D ( 'NONE', #7376, #8127, #888 ) ;
#6444 = CARTESIAN_POINT ( 'NONE',  ( 35.22500000000000142, 0.000000000000000000, 0.000000000000000000 ) ) ;
#6445 = ORIENTED_EDGE ( 'NONE', *, *, #6311, .T. ) ;
#6446 = ORIENTED_EDGE ( 'NONE', *, *, #7251, .T. ) ;
#6447 = VERTEX_POINT ( 'NONE', #194 ) ;
#6448 = CARTESIAN_POINT ( 'NONE',  ( -36.62499999999999289, 0.000000000000000000, 12.70500000000002139 ) ) ;
#6449 = DIRECTION ( 'NONE',  ( -1.000000000000000000, -0.000000000000000000, -0.000000000000000000 ) ) ;
#6450 = DIRECTION ( 'NONE',  ( 0.000000000000000000, 0.000000000000000000, 1.000000000000000000 ) ) ;
#6451 = ORIENTED_EDGE ( 'NONE', *, *, #7913, .T. ) ;
#6452 = CARTESIAN_POINT ( 'NONE',  ( -38.72500000000000142, 1.084202172485504434E-15, 9.399999999999998579 ) ) ;
#6453 = CARTESIAN_POINT ( 'NONE',  ( 39.35983003675661251, -1.399999999999999467, -20.68393290460574718 ) ) ;
#6454 = DIRECTION ( 'NONE',  ( 1.259407789102440205E-18, 1.000000000000000000, 0.000000000000000000 ) ) ;
#6455 = CARTESIAN_POINT ( 'NONE',  ( 2.580596852142219929E-17, 0.7620000000000000107, -0.04955848441160490281 ) ) ;
#6456 = ORIENTED_EDGE ( 'NONE', *, *, #2204, .F. ) ;
#6457 = DIRECTION ( 'NONE',  ( 0.000000000000000000, 0.000000000000000000, 1.000000000000000000 ) ) ;
#6458 = CARTESIAN_POINT ( 'NONE',  ( -2.168404344971009854E-16, 6.324599999999999334, 3.174999999999999822 ) ) ;
#6459 = VERTEX_POINT ( 'NONE', #4432 ) ;
#6460 = VECTOR ( 'NONE', #8628, 1000.000000000000000 ) ;
#6461 = CARTESIAN_POINT ( 'NONE',  ( -0.3047999999999999599, 6.324599999999999334, 2.362200000000000077 ) ) ;
#6462 = VECTOR ( 'NONE', #5859, 1000.000000000000000 ) ;
#6463 = DIRECTION ( 'NONE',  ( -0.9993908270190957621, 0.03489949670250105246, 0.000000000000000000 ) ) ;
#6464 = LINE ( 'NONE', #2158, #7215 ) ;
#6465 = DIRECTION ( 'NONE',  ( -0.000000000000000000, 1.000000000000000000, -0.000000000000000000 ) ) ;
#6466 = ADVANCED_FACE ( 'NONE', ( #4473 ), #5950, .T. ) ;
#6467 = AXIS2_PLACEMENT_3D ( 'NONE', #230, #8002, #8049 ) ;
#6468 = PLANE ( 'NONE',  #9184 ) ;
#6469 = VECTOR ( 'NONE', #132, 1000.000000000000000 ) ;
#6470 = DIRECTION ( 'NONE',  ( 1.000000000000000000, 0.000000000000000000, 0.000000000000000000 ) ) ;
#6471 = AXIS2_PLACEMENT_3D ( 'NONE', #9040, #1836, #6814 ) ;
#6472 = CARTESIAN_POINT ( 'NONE',  ( -36.22500000000000142, -2.199999999999999734, 35.90000000000001990 ) ) ;
#6473 = CARTESIAN_POINT ( 'NONE',  ( -0.2944141918529090129, 6.403488044947239999, -3.174999999999999822 ) ) ;
#6474 = VERTEX_POINT ( 'NONE', #2277 ) ;
#6475 = DIRECTION ( 'NONE',  ( 0.000000000000000000, -0.000000000000000000, 1.000000000000000000 ) ) ;
#6476 = VECTOR ( 'NONE', #7357, 1000.000000000000000 ) ;
#6477 = DIRECTION ( 'NONE',  ( -0.000000000000000000, 1.000000000000000000, 0.000000000000000000 ) ) ;
#6478 = VECTOR ( 'NONE', #367, 1000.000000000000114 ) ;
#6479 = CARTESIAN_POINT ( 'NONE',  ( 24.22500000000000142, -9.659192512834602340, 15.67499999999999361 ) ) ;
#6480 = ADVANCED_FACE ( 'NONE', ( #7303 ), #1654, .F. ) ;
#6481 = DIRECTION ( 'NONE',  ( 1.000000000000000000, 0.000000000000000000, -0.000000000000000000 ) ) ;
#6482 = EDGE_LOOP ( 'NONE', ( #4189, #1631, #4454, #4400 ) ) ;
#6483 = EDGE_CURVE ( 'NONE', #2222, #5578, #291, .T. ) ;
#6484 = ORIENTED_EDGE ( 'NONE', *, *, #1225, .F. ) ;
#6485 = CARTESIAN_POINT ( 'NONE',  ( 24.22499999999999787, -9.659192512834597011, -37.47500000000000142 ) ) ;
#6486 = CIRCLE ( 'NONE', #4652, 3.809500000000000330 ) ;
#6487 = VERTEX_POINT ( 'NONE', #817 ) ;
#6488 = ORIENTED_EDGE ( 'NONE', *, *, #8333, .T. ) ;
#6489 = CARTESIAN_POINT ( 'NONE',  ( -36.22500000000000142, -2.199999999999999734, -29.50000000000002132 ) ) ;
#6490 = LINE ( 'NONE', #5672, #277 ) ;
#6491 = AXIS2_PLACEMENT_3D ( 'NONE', #1921, #4803, #7709 ) ;
#6492 = DIRECTION ( 'NONE',  ( 0.000000000000000000, 0.000000000000000000, 1.000000000000000000 ) ) ;
#6493 = EDGE_CURVE ( 'NONE', #9291, #5328, #5293, .T. ) ;
#6494 = ORIENTED_EDGE ( 'NONE', *, *, #5314, .F. ) ;
#6495 = EDGE_LOOP ( 'NONE', ( #873, #2768 ) ) ;
#6496 = ORIENTED_EDGE ( 'NONE', *, *, #4574, .F. ) ;
#6497 = CARTESIAN_POINT ( 'NONE',  ( -24.22500000000000142, -11.77500000000000036, -15.67499999999999361 ) ) ;
#6498 = EDGE_CURVE ( 'NONE', #6790, #3878, #6054, .T. ) ;
#6499 = AXIS2_PLACEMENT_3D ( 'NONE', #4687, #6833, #2472 ) ;
#6500 = B_SPLINE_CURVE_WITH_KNOTS ( 'NONE', 3,
 ( #79, #4373, #127, #2865 ),
 .UNSPECIFIED., .F., .F.,
 ( 4, 4 ),
 ( 0.8804624603326289822, 1.000000000000000000 ),
 .UNSPECIFIED. ) ;
#6501 = B_SPLINE_CURVE_WITH_KNOTS ( 'NONE', 3,
 ( #6254, #6357, #9204, #8583, #5538, #7022, #7738, #2756, #9256, #1898, #2097, #3547, #9151, #2654, #9110, #640, #4978, #2001 ),
 .UNSPECIFIED., .F., .F.,
 ( 4, 2, 2, 2, 2, 2, 2, 2, 4 ),
 ( 3.576224061345498009E-18, 0.0005995997566965384669, 0.001199199513393073247, 0.001798799270089608028, 0.002398399026786143026, 0.002997998783482678023, 0.003597598540179212587, 0.004197198296875748018, 0.004796798053572282582 ),
 .UNSPECIFIED. ) ;
#6502 = PLANE ( 'NONE',  #1299 ) ;
#6503 = ORIENTED_EDGE ( 'NONE', *, *, #2259, .T. ) ;
#6504 = DIRECTION ( 'NONE',  ( 0.000000000000000000, 5.528999126619305500E-16, -1.000000000000000000 ) ) ;
#6505 = CARTESIAN_POINT ( 'NONE',  ( 36.22499999999999432, -1.606254706300668689, -14.09999999999997655 ) ) ;
#6506 = DIRECTION ( 'NONE',  ( -0.000000000000000000, 1.000000000000000000, -0.000000000000000000 ) ) ;
#6507 = CARTESIAN_POINT ( 'NONE',  ( 35.22500000000000142, -1.819537539667370973, 14.10332024559068920 ) ) ;
#6508 = VECTOR ( 'NONE', #6277, 1000.000000000000000 ) ;
#6509 = ORIENTED_EDGE ( 'NONE', *, *, #1573, .T. ) ;
#6510 = PLANE ( 'NONE',  #2095 ) ;
#6511 = DIRECTION ( 'NONE',  ( 0.000000000000000000, 0.000000000000000000, 1.000000000000000000 ) ) ;
#6512 = ORIENTED_EDGE ( 'NONE', *, *, #7358, .F. ) ;
#6513 = AXIS2_PLACEMENT_3D ( 'NONE', #5919, #4488, #8019 ) ;
#6514 = DIRECTION ( 'NONE',  ( 0.000000000000000000, 1.000000000000000000, -0.000000000000000000 ) ) ;
#6515 = CARTESIAN_POINT ( 'NONE',  ( 39.35983003675661251, 0.000000000000000000, -21.78393290460574505 ) ) ;
#6516 = LINE ( 'NONE', #4368, #8316 ) ;
#6517 = FACE_OUTER_BOUND ( 'NONE', #2079, .T. ) ;
#6518 = ORIENTED_EDGE ( 'NONE', *, *, #6317, .F. ) ;
#6519 = VECTOR ( 'NONE', #7206, 1000.000000000000000 ) ;
#6520 = PLANE ( 'NONE',  #8424 ) ;
#6521 = CARTESIAN_POINT ( 'NONE',  ( 36.22499999999999432, -11.77500000000000036, -35.89999999999997016 ) ) ;
#6522 = CARTESIAN_POINT ( 'NONE',  ( -36.22499999999999432, -11.77500000000000036, 29.50000000000002132 ) ) ;
#6523 = DIRECTION ( 'NONE',  ( -0.03489418781261440644, 0.9992388003036508648, -0.01744177813809458591 ) ) ;
#6524 = ORIENTED_EDGE ( 'NONE', *, *, #7531, .F. ) ;
#6525 = DIRECTION ( 'NONE',  ( -0.000000000000000000, 1.000000000000000000, 0.000000000000000000 ) ) ;
#6526 = EDGE_CURVE ( 'NONE', #1658, #832, #2902, .T. ) ;
#6527 =( GEOMETRIC_REPRESENTATION_CONTEXT ( 3 ) GLOBAL_UNCERTAINTY_ASSIGNED_CONTEXT ( ( #8708 ) ) GLOBAL_UNIT_ASSIGNED_CONTEXT ( ( #8871, #2380, #1810 ) ) REPRESENTATION_CONTEXT ( 'NONE', 'WORKASPACE' ) );
#6528 = CARTESIAN_POINT ( 'NONE',  ( -3.366374583178094682, 9.084819961172630798, -2.374900000000000233 ) ) ;
#6529 = CARTESIAN_POINT ( 'NONE',  ( 25.02463851276271356, -9.708811568194557040, 15.57350308940544181 ) ) ;
#6530 = CARTESIAN_POINT ( 'NONE',  ( 9.948565889235811505E-18, 7.899400000000000865, -3.174999999999999822 ) ) ;
#6531 = VERTEX_POINT ( 'NONE', #4526 ) ;
#6532 = VERTEX_POINT ( 'NONE', #1926 ) ;
#6533 = CARTESIAN_POINT ( 'NONE',  ( -36.62500000000000000, 0.000000000000000000, 29.50000000000002132 ) ) ;
#6534 = ORIENTED_EDGE ( 'NONE', *, *, #6080, .F. ) ;
#6535 = EDGE_LOOP ( 'NONE', ( #603, #8504, #7862, #6896, #3428, #6644, #2114, #4848, #3592, #1376, #3413, #2180, #1269, #631, #9329, #2175, #7309, #3798, #3751, #2381, #5597, #5458, #2831, #6, #3483, #8749, #5843, #4519 ) ) ;
#6536 = PLANE ( 'NONE',  #1763 ) ;
#6537 = EDGE_CURVE ( 'NONE', #2154, #7507, #2679, .T. ) ;
#6538 = CARTESIAN_POINT ( 'NONE',  ( 27.20518624071151947, -10.55589838528810098, 34.87074921183936027 ) ) ;
#6539 = DIRECTION ( 'NONE',  ( 0.8587137004641423044, -0.5124556377240662153, 0.000000000000000000 ) ) ;
#6540 = ORIENTED_EDGE ( 'NONE', *, *, #5999, .T. ) ;
#6541 = PLANE ( 'NONE',  #420 ) ;
#6542 = DIRECTION ( 'NONE',  ( -1.000000000000000000, -0.000000000000000000, -0.000000000000000000 ) ) ;
#6543 = EDGE_LOOP ( 'NONE', ( #7550, #4604, #3116, #3058 ) ) ;
#6544 = EDGE_CURVE ( 'NONE', #5974, #3026, #9087, .T. ) ;
#6545 = CARTESIAN_POINT ( 'NONE',  ( 36.62499999999999289, -11.77500000000000036, -12.70499999999998053 ) ) ;
#6546 = EDGE_CURVE ( 'NONE', #5501, #5328, #2588, .T. ) ;
#6547 = CARTESIAN_POINT ( 'NONE',  ( 36.22499999999999432, -1.700000000000000178, 7.701660122795356500 ) ) ;
#6548 = EDGE_CURVE ( 'NONE', #5908, #5232, #9128, .T. ) ;
#6549 = LINE ( 'NONE', #203, #6358 ) ;
#6550 = ORIENTED_EDGE ( 'NONE', *, *, #5315, .T. ) ;
#6551 = DIRECTION ( 'NONE',  ( -1.000000000000000000, -0.000000000000000000, -0.000000000000000000 ) ) ;
#6552 = CARTESIAN_POINT ( 'NONE',  ( 39.35983003675661251, -11.77500000000000036, -20.68393290460574718 ) ) ;
#6553 = VERTEX_POINT ( 'NONE', #7712 ) ;
#6554 = DIRECTION ( 'NONE',  ( 0.000000000000000000, 1.000000000000000000, -0.000000000000000000 ) ) ;
#6555 = EDGE_CURVE ( 'NONE', #9092, #7884, #1130, .T. ) ;
#6556 = CARTESIAN_POINT ( 'NONE',  ( -26.92214126508580918, -10.32024456652249000, 7.797073517941466747 ) ) ;
#6557 = CARTESIAN_POINT ( 'NONE',  ( -0.3047999999999999599, 0.7620000000000000107, -0.4826000000000000290 ) ) ;
#6558 = CARTESIAN_POINT ( 'NONE',  ( 26.83130611590349801, -10.26722200603487067, -29.42683266929556041 ) ) ;
#6559 = EDGE_CURVE ( 'NONE', #4405, #5676, #421, .T. ) ;
#6560 = ORIENTED_EDGE ( 'NONE', *, *, #2084, .T. ) ;
#6561 = CARTESIAN_POINT ( 'NONE',  ( -36.22500000000000142, -0.8195375396673710844, -14.10332024559068920 ) ) ;
#6562 = VERTEX_POINT ( 'NONE', #1178 ) ;
#6563 = FACE_OUTER_BOUND ( 'NONE', #7918, .T. ) ;
#6564 = FACE_OUTER_BOUND ( 'NONE', #8601, .T. ) ;
#6565 = CARTESIAN_POINT ( 'NONE',  ( -35.72499999999999432, -1.199999999999999734, 7.701660122795356500 ) ) ;
#6566 = EDGE_LOOP ( 'NONE', ( #4896, #7671, #9199, #6902 ) ) ;
#6567 =( LENGTH_UNIT ( ) NAMED_UNIT ( * ) SI_UNIT ( .MILLI., .METRE. ) );
#6568 = CARTESIAN_POINT ( 'NONE',  ( -36.62500000000000000, -11.77500000000000036, -35.89999999999997016 ) ) ;
#6569 = CARTESIAN_POINT ( 'NONE',  ( -24.62915442669687494, -9.669406056536473670, -37.45449678801096383 ) ) ;
#6570 = DIRECTION ( 'NONE',  ( 0.9659258262890699775, -0.2588190451025145222, 0.000000000000000000 ) ) ;
#6571 = ORIENTED_EDGE ( 'NONE', *, *, #1214, .F. ) ;
#6572 = ORIENTED_EDGE ( 'NONE', *, *, #2087, .T. ) ;
#6573 = LINE ( 'NONE', #1465, #4022 ) ;
#6574 = ORIENTED_EDGE ( 'NONE', *, *, #4977, .F. ) ;
#6575 = ORIENTED_EDGE ( 'NONE', *, *, #8033, .F. ) ;
#6576 = CARTESIAN_POINT ( 'NONE',  ( 36.22499999999999432, -11.77500000000000036, 9.399999999999996803 ) ) ;
#6577 = DIRECTION ( 'NONE',  ( 0.000000000000000000, 0.000000000000000000, 1.000000000000000000 ) ) ;
#6578 = CARTESIAN_POINT ( 'NONE',  ( 0.3812922172450244895, 7.747601927289059276, 3.174999999999999822 ) ) ;
#6579 = EDGE_LOOP ( 'NONE', ( #7409, #819, #6930, #2843 ) ) ;
#6580 = DIRECTION ( 'NONE',  ( 0.000000000000000000, 0.000000000000000000, -1.000000000000000000 ) ) ;
#6581 = EDGE_CURVE ( 'NONE', #6336, #4696, #6899, .T. ) ;
#6582 = ORIENTED_EDGE ( 'NONE', *, *, #410, .F. ) ;
#6583 = DIRECTION ( 'NONE',  ( -0.000000000000000000, -1.000000000000000000, 0.000000000000000000 ) ) ;
#6584 = VECTOR ( 'NONE', #1199, 1000.000000000000000 ) ;
#6585 = CARTESIAN_POINT ( 'NONE',  ( 35.22500000000000142, -2.199999999999999734, 35.90000000000001990 ) ) ;
#6586 = DIRECTION ( 'NONE',  ( 0.000000000000000000, -1.000000000000000000, 0.000000000000000000 ) ) ;
#6587 = B_SPLINE_CURVE_WITH_KNOTS ( 'NONE', 3,
 ( #1460, #2213, #2780, #6384, #8558, #7998, #3527, #4380, #4953, #4331, #6332, #7903, #9232, #1418, #6529, #7192, #5762, #6479 ),
 .UNSPECIFIED., .F., .F.,
 ( 4, 2, 2, 2, 2, 2, 2, 2, 4 ),
 ( 0.000000000000000000, 0.0005996163484686797742, 0.001199232696937359548, 0.001798849045406039539, 0.002398465393874719097, 0.002998081742343398654, 0.003597698090812079079, 0.004197314439280759070, 0.004796930787749437326 ),
 .UNSPECIFIED. ) ;
#6588 = ORIENTED_EDGE ( 'NONE', *, *, #244, .F. ) ;
#6589 = ORIENTED_EDGE ( 'NONE', *, *, #8682, .F. ) ;
#6590 = EDGE_CURVE ( 'NONE', #5535, #4816, #1875, .T. ) ;
#6591 = EDGE_CURVE ( 'NONE', #5264, #569, #5427, .T. ) ;
#6592 = VECTOR ( 'NONE', #3781, 1000.000000000000000 ) ;
#6593 = CARTESIAN_POINT ( 'NONE',  ( -36.22499999999999432, -1.700000000000000178, -7.701660122795333407 ) ) ;
#6594 = CARTESIAN_POINT ( 'NONE',  ( 38.72500000000000142, -11.77500000000000036, 12.70500000000002139 ) ) ;
#6595 = ORIENTED_EDGE ( 'NONE', *, *, #3008, .F. ) ;
#6596 = LINE ( 'NONE', #8028, #9030 ) ;
#6597 = CARTESIAN_POINT ( 'NONE',  ( -36.62499999999999289, -11.77500000000000036, 9.095000000000020179 ) ) ;
#6598 = PLANE ( 'NONE',  #2561 ) ;
#6599 = VECTOR ( 'NONE', #72, 1000.000000000000000 ) ;
#6600 = CARTESIAN_POINT ( 'NONE',  ( 24.22499999999999787, -9.659192512834604116, 6.125000000000008882 ) ) ;
#6601 = ORIENTED_EDGE ( 'NONE', *, *, #9138, .T. ) ;
#6602 = CARTESIAN_POINT ( 'NONE',  ( -36.62500000000000000, -11.77500000000000036, 29.50000000000002132 ) ) ;
#6603 = ORIENTED_EDGE ( 'NONE', *, *, #7484, .T. ) ;
#6604 = ADVANCED_FACE ( 'NONE', ( #6228 ), #6186, .F. ) ;
#6605 = DIRECTION ( 'NONE',  ( 1.000000000000000000, -0.000000000000000000, -0.000000000000000000 ) ) ;
#6606 = EDGE_CURVE ( 'NONE', #9291, #5308, #4713, .T. ) ;
#6607 = VECTOR ( 'NONE', #6514, 1000.000000000000000 ) ;
#6608 = LINE ( 'NONE', #7329, #3292 ) ;
#6609 = ADVANCED_FACE ( 'NONE', ( #5475 ), #6996, .F. ) ;
#6610 = VECTOR ( 'NONE', #4003, 1000.000000000000000 ) ;
#6611 = CARTESIAN_POINT ( 'NONE',  ( -38.72500000000000142, 1.084202172485504434E-15, 31.19999999999999929 ) ) ;
#6612 = VERTEX_POINT ( 'NONE', #8993 ) ;
#6613 = DIRECTION ( 'NONE',  ( -0.2588190451025145222, -0.9659258262890699775, 0.000000000000000000 ) ) ;
#6614 = CARTESIAN_POINT ( 'NONE',  ( -35.22500000000000142, -0.8195375396673710844, -14.10332024559068920 ) ) ;
#6615 = CARTESIAN_POINT ( 'NONE',  ( 35.22500000000000142, -1.439075079334741991, -7.698339877204666060 ) ) ;
#6616 = VECTOR ( 'NONE', #7679, 1000.000000000000000 ) ;
#6617 = AXIS2_PLACEMENT_3D ( 'NONE', #8953, #7344, #8093 ) ;
#6618 = CARTESIAN_POINT ( 'NONE',  ( -36.22500000000000142, -1.819537539667370973, 7.703320245590689730 ) ) ;
#6619 = EDGE_LOOP ( 'NONE', ( #4757, #901, #8844, #8645 ) ) ;
#6620 = ORIENTED_EDGE ( 'NONE', *, *, #1070, .F. ) ;
#6621 = LINE ( 'NONE', #3770, #2382 ) ;
#6622 = CARTESIAN_POINT ( 'NONE',  ( -27.12874297933606726, -10.46984523231758502, 30.14628042405870545 ) ) ;
#6623 = EDGE_LOOP ( 'NONE', ( #2210, #5781, #1170, #8978, #7051, #8026, #5817, #7960 ) ) ;
#6624 = VECTOR ( 'NONE', #3778, 1000.000000000000114 ) ;
#6625 = VECTOR ( 'NONE', #2809, 1000.000000000000000 ) ;
#6626 = ORIENTED_EDGE ( 'NONE', *, *, #179, .F. ) ;
#6627 = DIRECTION ( 'NONE',  ( 0.000000000000000000, 1.000000000000000000, 0.000000000000000000 ) ) ;
#6628 = CARTESIAN_POINT ( 'NONE',  ( -35.22500000000000142, -0.000000000000000000, 21.92500000000000071 ) ) ;
#6629 = CARTESIAN_POINT ( 'NONE',  ( -38.31380793923467110, 8.673617379884035472E-16, 12.70500000000002139 ) ) ;
#6630 = AXIS2_PLACEMENT_3D ( 'NONE', #2806, #1209, #9114 ) ;
#6631 = CARTESIAN_POINT ( 'NONE',  ( -36.04550838704494709, -1.306393559718695530, -7.699999999999975309 ) ) ;
#6632 = ORIENTED_EDGE ( 'NONE', *, *, #1724, .F. ) ;
#6633 = PLANE ( 'NONE',  #3573 ) ;
#6634 = VERTEX_POINT ( 'NONE', #6950 ) ;
#6635 = CIRCLE ( 'NONE', #3439, 3.809500000000000330 ) ;
#6636 = CARTESIAN_POINT ( 'NONE',  ( -38.72500000000000142, 5.421010862427522170E-16, -31.19999999999999929 ) ) ;
#6637 = DIRECTION ( 'NONE',  ( 0.000000000000000000, 0.000000000000000000, 1.000000000000000000 ) ) ;
#6638 = EDGE_CURVE ( 'NONE', #8933, #5179, #3372, .T. ) ;
#6639 = DIRECTION ( 'NONE',  ( -1.000000000000000000, 0.000000000000000000, 0.000000000000000000 ) ) ;
#6640 = ORIENTED_EDGE ( 'NONE', *, *, #3406, .T. ) ;
#6641 = AXIS2_PLACEMENT_3D ( 'NONE', #2585, #2455, #6136 ) ;
#6642 = FACE_OUTER_BOUND ( 'NONE', #2405, .T. ) ;
#6643 = DIRECTION ( 'NONE',  ( 0.000000000000000000, 0.000000000000000000, -1.000000000000000000 ) ) ;
#6644 = ORIENTED_EDGE ( 'NONE', *, *, #2323, .F. ) ;
#6645 = LINE ( 'NONE', #3654, #5694 ) ;
#6646 = LINE ( 'NONE', #7979, #2238 ) ;
#6647 = EDGE_CURVE ( 'NONE', #6755, #4696, #8413, .T. ) ;
#6648 = AXIS2_PLACEMENT_3D ( 'NONE', #2054, #4119, #4267 ) ;
#6650 = VECTOR ( 'NONE', #3408, 1000.000000000000000 ) ;
#6649 = CARTESIAN_POINT ( 'NONE',  ( 0.3047901690410594888, 2.316503594301455138, 0.4826000000000000290 ) ) ;
#6651 = ADVANCED_FACE ( 'NONE', ( #3328 ), #6276, .F. ) ;
#6652 = DIRECTION ( 'NONE',  ( 0.000000000000000000, 0.000000000000000000, 1.000000000000000000 ) ) ;
#6653 = VERTEX_POINT ( 'NONE', #337 ) ;
#6654 = FACE_OUTER_BOUND ( 'NONE', #5102, .T. ) ;
#6655 = ORIENTED_EDGE ( 'NONE', *, *, #8346, .F. ) ;
#6656 = FACE_OUTER_BOUND ( 'NONE', #1399, .T. ) ;
#6657 = AXIS2_PLACEMENT_3D ( 'NONE', #3861, #5067, #4527 ) ;
#6658 = CARTESIAN_POINT ( 'NONE',  ( -3.953253931003325228, 11.07060511971771888, 3.174999999999999822 ) ) ;
#6659 = LINE ( 'NONE', #3662, #1147 ) ;
#6660 = EDGE_LOOP ( 'NONE', ( #8134, #4308, #1151, #349 ) ) ;
#6661 = PLANE ( 'NONE',  #8902 ) ;
#6662 = ADVANCED_FACE ( 'NONE', ( #3199 ), #2499, .F. ) ;
#6663 = CARTESIAN_POINT ( 'NONE',  ( -0.3047999999999999599, 0.7620000000000000107, 0.01270000000000000122 ) ) ;
#6664 = EDGE_CURVE ( 'NONE', #2792, #8351, #1787, .T. ) ;
#6665 = VECTOR ( 'NONE', #6218, 1000.000000000000000 ) ;
#6666 = CARTESIAN_POINT ( 'NONE',  ( -26.49354543725020150, -10.10336944436757811, -36.44756145270837067 ) ) ;
#6667 = AXIS2_PLACEMENT_3D ( 'NONE', #4992, #6465, #748 ) ;
#6668 = EDGE_CURVE ( 'NONE', #6340, #863, #3479, .T. ) ;
#6669 = CARTESIAN_POINT ( 'NONE',  ( -2.193253119671565443, 13.83025492792763878, 2.374900000000000233 ) ) ;
#6670 = ORIENTED_EDGE ( 'NONE', *, *, #7082, .F. ) ;
#6671 = ORIENTED_EDGE ( 'NONE', *, *, #5698, .F. ) ;
#6672 = DIRECTION ( 'NONE',  ( -1.000000000000000000, -0.000000000000000000, -0.000000000000000000 ) ) ;
#6673 = DIRECTION ( 'NONE',  ( 1.084202172485504631E-15, 0.000000000000000000, 1.000000000000000000 ) ) ;
#6674 = VECTOR ( 'NONE', #8569, 1000.000000000000000 ) ;
#6675 = VECTOR ( 'NONE', #6976, 1000.000000000000000 ) ;
#6676 = ORIENTED_EDGE ( 'NONE', *, *, #2370, .F. ) ;
#6677 = FACE_OUTER_BOUND ( 'NONE', #4748, .T. ) ;
#6678 = CARTESIAN_POINT ( 'NONE',  ( -35.22500000000000142, 7.223861876568090346E-23, -21.92500000000000071 ) ) ;
#6679 = ADVANCED_FACE ( 'NONE', ( #4184 ), #705, .F. ) ;
#6680 = LINE ( 'NONE', #5023, #2866 ) ;
#6681 = EDGE_CURVE ( 'NONE', #4096, #144, #1271, .T. ) ;
#6682 = VERTEX_POINT ( 'NONE', #5616 ) ;
#6683 = VERTEX_POINT ( 'NONE', #5761 ) ;
#6684 = DIRECTION ( 'NONE',  ( -0.000000000000000000, 1.000000000000000000, -0.000000000000000000 ) ) ;
#6685 = EDGE_LOOP ( 'NONE', ( #1423, #1377, #8259, #6960 ) ) ;
#6686 = CYLINDRICAL_SURFACE ( 'NONE', #2227, 2.999999999999999112 ) ;
#6687 = PLANE ( 'NONE',  #6778 ) ;
#6688 = CARTESIAN_POINT ( 'NONE',  ( 38.31380793923467110, 0.000000000000000000, 0.000000000000000000 ) ) ;
#6689 = ORIENTED_EDGE ( 'NONE', *, *, #653, .T. ) ;
#6690 = PLANE ( 'NONE',  #9209 ) ;
#6691 = CARTESIAN_POINT ( 'NONE',  ( -43.31380793923467110, -11.77500000000000036, 16.70500000000001961 ) ) ;
#6692 = VERTEX_POINT ( 'NONE', #6528 ) ;
#6693 = LINE ( 'NONE', #3930, #3565 ) ;
#6694 = ORIENTED_EDGE ( 'NONE', *, *, #7887, .T. ) ;
#6695 = DIRECTION ( 'NONE',  ( -1.000000000000000000, 0.000000000000000000, 0.000000000000000000 ) ) ;
#6696 = CARTESIAN_POINT ( 'NONE',  ( 3.838674941184240469E-18, 3.048000000000000043, 0.2476499999999999813 ) ) ;
#6697 = DIRECTION ( 'NONE',  ( 1.000000000000000000, -0.000000000000000000, -0.000000000000000000 ) ) ;
#6698 = VERTEX_POINT ( 'NONE', #6427 ) ;
#6699 = DIRECTION ( 'NONE',  ( -0.000000000000000000, 1.000000000000000000, -0.000000000000000000 ) ) ;
#6700 = CARTESIAN_POINT ( 'NONE',  ( -0.3047999999999999599, 3.048000000000000043, -0.2463955369517839833 ) ) ;
#6701 = EDGE_CURVE ( 'NONE', #6692, #4518, #9277, .T. ) ;
#6702 = CARTESIAN_POINT ( 'NONE',  ( -2.729628686932549950E-16, 6.324599999999999334, 2.387599999999999945 ) ) ;
#6703 = CARTESIAN_POINT ( 'NONE',  ( -36.62499999999999289, -11.77500000000000036, -30.89499999999997826 ) ) ;
#6704 = DIRECTION ( 'NONE',  ( 0.1391731009600670199, -0.9902680687415701399, 0.000000000000000000 ) ) ;
#6705 = DIRECTION ( 'NONE',  ( 0.000000000000000000, 1.000000000000000000, 0.000000000000000000 ) ) ;
#6706 = CARTESIAN_POINT ( 'NONE',  ( -27.12874297933606726, -10.46984523231758502, -35.25371957594128958 ) ) ;
#6707 = CARTESIAN_POINT ( 'NONE',  ( -35.22500000000000142, 0.000000000000000000, 35.90000000000001990 ) ) ;
#6708 = VERTEX_POINT ( 'NONE', #2167 ) ;
#6709 = ORIENTED_EDGE ( 'NONE', *, *, #9327, .T. ) ;
#6710 = ORIENTED_EDGE ( 'NONE', *, *, #396, .F. ) ;
#6711 = PLANE ( 'NONE',  #6467 ) ;
#6712 = EDGE_CURVE ( 'NONE', #8933, #3863, #5045, .T. ) ;
#6713 = EDGE_CURVE ( 'NONE', #2344, #848, #4856, .T. ) ;
#6714 = CARTESIAN_POINT ( 'NONE',  ( 36.62499999999999289, 0.000000000000000000, 34.50500000000002387 ) ) ;
#6715 = VERTEX_POINT ( 'NONE', #1977 ) ;
#6716 = DIRECTION ( 'NONE',  ( 0.000000000000000000, -1.000000000000000000, 0.000000000000000000 ) ) ;
#6717 = CARTESIAN_POINT ( 'NONE',  ( 36.22499999999999432, -1.700000000000000178, -14.10166012279533376 ) ) ;
#6718 = CARTESIAN_POINT ( 'NONE',  ( -0.3047999999999999599, 6.324599999999999334, -2.387599999999999945 ) ) ;
#6719 = ORIENTED_EDGE ( 'NONE', *, *, #191, .T. ) ;
#6720 = CARTESIAN_POINT ( 'NONE',  ( -36.22499999999999432, -1.700000000000000178, 14.10166012279535508 ) ) ;
#6721 = ORIENTED_EDGE ( 'NONE', *, *, #7404, .F. ) ;
#6722 = CARTESIAN_POINT ( 'NONE',  ( -0.3047999999999999599, 6.324599999999999334, 3.174999999999999822 ) ) ;
#6723 = EDGE_CURVE ( 'NONE', #4420, #8194, #557, .T. ) ;
#6724 = ORIENTED_EDGE ( 'NONE', *, *, #8854, .F. ) ;
#6725 = ADVANCED_FACE ( 'NONE', ( #8609 ), #7759, .T. ) ;
#6726 = DIRECTION ( 'NONE',  ( 1.000000000000000000, 0.000000000000000000, -0.000000000000000000 ) ) ;
#6727 = DIRECTION ( 'NONE',  ( -1.000000000000000000, 0.000000000000000000, 0.000000000000000000 ) ) ;
#6728 = FACE_BOUND ( 'NONE', #630, .T. ) ;
#6729 = VERTEX_POINT ( 'NONE', #334 ) ;
#6730 = ORIENTED_EDGE ( 'NONE', *, *, #6888, .T. ) ;
#6731 = FACE_OUTER_BOUND ( 'NONE', #330, .T. ) ;
#6732 = AXIS2_PLACEMENT_3D ( 'NONE', #3192, #4602, #225 ) ;
#6733 = PLANE ( 'NONE',  #5580 ) ;
#6734 = CARTESIAN_POINT ( 'NONE',  ( -39.35983003675661251, 0.000000000000000000, -25.61843290460573996 ) ) ;
#6735 = VERTEX_POINT ( 'NONE', #1417 ) ;
#6736 = LINE ( 'NONE', #6393, #8576 ) ;
#6737 = ORIENTED_EDGE ( 'NONE', *, *, #3110, .F. ) ;
#6738 = CARTESIAN_POINT ( 'NONE',  ( -24.62915442669686783, -9.669406056536473670, 6.145503211989050918 ) ) ;
#6739 = FACE_OUTER_BOUND ( 'NONE', #1733, .T. ) ;
#6740 = CARTESIAN_POINT ( 'NONE',  ( -36.22500000000000142, -1.819537539667370973, 14.10332024559068920 ) ) ;
#6741 = VECTOR ( 'NONE', #5326, 1000.000000000000000 ) ;
#6742 = ORIENTED_EDGE ( 'NONE', *, *, #8817, .T. ) ;
#6743 = CARTESIAN_POINT ( 'NONE',  ( -39.35983003675661251, -0.02500000000000038997, -17.97443290460574161 ) ) ;
#6744 = CARTESIAN_POINT ( 'NONE',  ( -0.6095901690410600038, 1.493496405698542029, -0.2463955369517839833 ) ) ;
#6745 = LINE ( 'NONE', #270, #148 ) ;
#6746 = DIRECTION ( 'NONE',  ( -1.000000000000000000, 0.000000000000000000, 0.000000000000000000 ) ) ;
#6747 = DIRECTION ( 'NONE',  ( 0.9993908270190957621, 0.03489949670250105246, 0.000000000000000000 ) ) ;
#6748 = CARTESIAN_POINT ( 'NONE',  ( -36.22499999999999432, -1.700000000000000178, 7.701660122795356500 ) ) ;
#6749 = DIRECTION ( 'NONE',  ( -1.000000000000000000, 0.000000000000000000, 0.000000000000000000 ) ) ;
#6750 = ADVANCED_FACE ( 'NONE', ( #9231 ), #4330, .T. ) ;
#6751 = VECTOR ( 'NONE', #7880, 1000.000000000000000 ) ;
#6752 = CARTESIAN_POINT ( 'NONE',  ( 36.22499999999999432, -11.77500000000000036, -7.699999999999977973 ) ) ;
#6753 = ORIENTED_EDGE ( 'NONE', *, *, #8005, .T. ) ;
#6754 = VECTOR ( 'NONE', #3489, 1000.000000000000000 ) ;
#6755 = VERTEX_POINT ( 'NONE', #2734 ) ;
#6756 = ORIENTED_EDGE ( 'NONE', *, *, #8817, .F. ) ;
#6757 = CARTESIAN_POINT ( 'NONE',  ( 43.31380793923467110, -11.77500000000000036, 16.70500000000001961 ) ) ;
#6758 = LINE ( 'NONE', #5235, #8301 ) ;
#6759 = VERTEX_POINT ( 'NONE', #8659 ) ;
#6760 = LINE ( 'NONE', #234, #1910 ) ;
#6761 = AXIS2_PLACEMENT_3D ( 'NONE', #8653, #752, #3701 ) ;
#6762 = DIRECTION ( 'NONE',  ( 0.000000000000000000, 1.000000000000000000, -0.000000000000000000 ) ) ;
#6763 = AXIS2_PLACEMENT_3D ( 'NONE', #3053, #6525, #5937 ) ;
#6764 = FACE_OUTER_BOUND ( 'NONE', #5400, .T. ) ;
#6765 = EDGE_CURVE ( 'NONE', #6109, #7745, #7190, .T. ) ;
#6766 = CIRCLE ( 'NONE', #1920, 3.809500000000000330 ) ;
#6767 = ADVANCED_FACE ( 'NONE', ( #4898 ), #3622, .F. ) ;
#6768 = ORIENTED_EDGE ( 'NONE', *, *, #120, .T. ) ;
#6769 = DIRECTION ( 'NONE',  ( -1.000000000000000000, -0.000000000000000000, -0.000000000000000000 ) ) ;
#6770 = ORIENTED_EDGE ( 'NONE', *, *, #6372, .F. ) ;
#6771 = CARTESIAN_POINT ( 'NONE',  ( -35.55833333333333002, -1.199999999999999956, -7.693359508818644166 ) ) ;
#6772 = AXIS2_PLACEMENT_3D ( 'NONE', #3728, #8059, #1567 ) ;
#6773 = VECTOR ( 'NONE', #7553, 1000.000000000000000 ) ;
#6774 = EDGE_LOOP ( 'NONE', ( #8423, #5231, #686, #228 ) ) ;
#6775 = DIRECTION ( 'NONE',  ( 0.03489949670250104552, 0.9993908270190956511, 0.000000000000000000 ) ) ;
#6776 = CARTESIAN_POINT ( 'NONE',  ( -38.72500000000000142, -11.77500000000000036, -9.094999999999977547 ) ) ;
#6777 = VECTOR ( 'NONE', #1586, 1000.000000000000000 ) ;
#6778 = AXIS2_PLACEMENT_3D ( 'NONE', #6065, #6106, #4579 ) ;
#6779 = EDGE_CURVE ( 'NONE', #968, #2593, #5569, .T. ) ;
#6780 = DIRECTION ( 'NONE',  ( 8.659560562354386819E-17, 0.7071067811865918706, -0.7071067811865030528 ) ) ;
#6781 = DIRECTION ( 'NONE',  ( -1.000000000000000000, -0.000000000000000000, 0.000000000000000000 ) ) ;
#6782 = EDGE_CURVE ( 'NONE', #4630, #6397, #2067, .T. ) ;
#6783 = ORIENTED_EDGE ( 'NONE', *, *, #1444, .F. ) ;
#6784 = ORIENTED_EDGE ( 'NONE', *, *, #2417, .F. ) ;
#6785 = DIRECTION ( 'NONE',  ( 1.000000000000000000, -1.259407789102440013E-18, 0.000000000000000000 ) ) ;
#6786 = AXIS2_PLACEMENT_3D ( 'NONE', #1246, #4061, #8531 ) ;
#6787 = DIRECTION ( 'NONE',  ( -1.000000000000000000, -0.000000000000000000, -0.000000000000000000 ) ) ;
#6788 = ORIENTED_EDGE ( 'NONE', *, *, #8158, .T. ) ;
#6789 = DIRECTION ( 'NONE',  ( 0.000000000000000000, 1.000000000000000000, 0.000000000000000000 ) ) ;
#6790 = VERTEX_POINT ( 'NONE', #7150 ) ;
#6791 = PLANE ( 'NONE',  #6016 ) ;
#6792 = PLANE ( 'NONE',  #3932 ) ;
#6793 = PLANE ( 'NONE',  #780 ) ;
#6794 = VECTOR ( 'NONE', #2496, 1000.000000000000000 ) ;
#6795 = EDGE_CURVE ( 'NONE', #4816, #8120, #9321, .T. ) ;
#6796 = VERTEX_POINT ( 'NONE', #7902 ) ;
#6797 = CARTESIAN_POINT ( 'NONE',  ( -0.3047999999999999599, 0.7620000000000000107, -0.4432325894919639797 ) ) ;
#6798 = DIRECTION ( 'NONE',  ( -0.000000000000000000, 1.000000000000000000, -0.000000000000000000 ) ) ;
#6799 = VERTEX_POINT ( 'NONE', #4282 ) ;
#6800 = VECTOR ( 'NONE', #5348, 1000.000000000000000 ) ;
#6801 = CARTESIAN_POINT ( 'NONE',  ( -0.3047999999999999599, 13.30959999999999965, -2.374900000000000233 ) ) ;
#6802 = CARTESIAN_POINT ( 'NONE',  ( -25.57449291493242782, -9.808253005177549610, 37.16161201994827934 ) ) ;
#6803 = DIRECTION ( 'NONE',  ( -0.000000000000000000, 0.000000000000000000, 1.000000000000000000 ) ) ;
#6804 = CARTESIAN_POINT ( 'NONE',  ( 36.62500000000000000, -11.77500000000000036, -35.89999999999997016 ) ) ;
#6805 = VECTOR ( 'NONE', #4756, 1000.000000000000000 ) ;
#6806 = CARTESIAN_POINT ( 'NONE',  ( 36.62500000000000000, 0.000000000000000000, -14.09999999999997655 ) ) ;
#6807 = ORIENTED_EDGE ( 'NONE', *, *, #5759, .F. ) ;
#6808 = ORIENTED_EDGE ( 'NONE', *, *, #6428, .F. ) ;
#6809 = CYLINDRICAL_SURFACE ( 'NONE', #4339, 2.999999999999999112 ) ;
#6810 = DIRECTION ( 'NONE',  ( 0.000000000000000000, 1.000000000000000000, -0.000000000000000000 ) ) ;
#6811 = ORIENTED_EDGE ( 'NONE', *, *, #2323, .T. ) ;
#6812 = DIRECTION ( 'NONE',  ( 0.000000000000000000, 0.000000000000000000, 1.000000000000000000 ) ) ;
#6813 = VECTOR ( 'NONE', #7833, 1000.000000000000000 ) ;
#6814 = DIRECTION ( 'NONE',  ( -1.000000000000000000, 0.000000000000000000, 0.000000000000000000 ) ) ;
#6815 = CARTESIAN_POINT ( 'NONE',  ( -0.3047999999999999599, 12.19235930419984015, -3.174999999999999822 ) ) ;
#6816 = ORIENTED_EDGE ( 'NONE', *, *, #3060, .T. ) ;
#6817 = FACE_OUTER_BOUND ( 'NONE', #6439, .T. ) ;
#6818 = ORIENTED_EDGE ( 'NONE', *, *, #3922, .T. ) ;
#6819 = CARTESIAN_POINT ( 'NONE',  ( -35.72499999999999432, -1.200000000000000178, -7.696679754409310625 ) ) ;
#6820 = CIRCLE ( 'NONE', #8483, 3.809500000000000330 ) ;
#6821 = EDGE_CURVE ( 'NONE', #7635, #881, #7472, .T. ) ;
#6822 = VERTEX_POINT ( 'NONE', #5142 ) ;
#6823 = CARTESIAN_POINT ( 'NONE',  ( 24.62689431690671782, -9.669340239903526424, -15.65462170257637986 ) ) ;
#6824 = CYLINDRICAL_SURFACE ( 'NONE', #2521, 3.809500000000000330 ) ;
#6825 = AXIS2_PLACEMENT_3D ( 'NONE', #1063, #4585, #6921 ) ;
#6826 = DIRECTION ( 'NONE',  ( -1.084202172485504631E-15, 0.000000000000000000, 1.000000000000000000 ) ) ;
#6827 = CARTESIAN_POINT ( 'NONE',  ( 0.08687802539211569863, 7.826489972236299053, 3.174999999999999822 ) ) ;
#6828 = ORIENTED_EDGE ( 'NONE', *, *, #4560, .F. ) ;
#6829 = B_SPLINE_CURVE_WITH_KNOTS ( 'NONE', 3,
 ( #512, #3373, #8612, #46 ),
 .UNSPECIFIED., .F., .F.,
 ( 4, 4 ),
 ( 0.000000000000000000, 1.000000000000000000 ),
 .UNSPECIFIED. ) ;
#6830 = DIRECTION ( 'NONE',  ( 0.000000000000000000, 0.000000000000000000, -1.000000000000000000 ) ) ;
#6831 = EDGE_CURVE ( 'NONE', #4252, #6118, #8798, .T. ) ;
#6832 = EDGE_CURVE ( 'NONE', #5410, #2553, #4421, .T. ) ;
#6833 = DIRECTION ( 'NONE',  ( 0.000000000000000000, -1.000000000000000000, -2.891205793294672410E-16 ) ) ;
#6834 = VERTEX_POINT ( 'NONE', #134 ) ;
#6835 = LINE ( 'NONE', #2383, #7372 ) ;
#6836 = EDGE_CURVE ( 'NONE', #2354, #2431, #6861, .T. ) ;
#6837 = VERTEX_POINT ( 'NONE', #222 ) ;
#6838 = LINE ( 'NONE', #8927, #2088 ) ;
#6839 = CARTESIAN_POINT ( 'NONE',  ( 35.22500000000000142, 0.000000000000000000, 7.700000000000022382 ) ) ;
#6840 = CARTESIAN_POINT ( 'NONE',  ( -35.22500000000000142, -6.275000000000001243, -31.19999999999999929 ) ) ;
#6841 = CARTESIAN_POINT ( 'NONE',  ( -0.6095901690410610030, 2.316503594301459579, -0.1282933054276768070 ) ) ;
#6842 = EDGE_CURVE ( 'NONE', #9150, #5328, #4513, .T. ) ;
#6843 = FACE_OUTER_BOUND ( 'NONE', #9186, .T. ) ;
#6844 = ORIENTED_EDGE ( 'NONE', *, *, #4864, .T. ) ;
#6845 = FACE_OUTER_BOUND ( 'NONE', #3642, .T. ) ;
#6846 = EDGE_CURVE ( 'NONE', #6238, #3274, #5845, .T. ) ;
#6847 = CARTESIAN_POINT ( 'NONE',  ( -2.193253119671565443, 13.83025492792763878, -2.374900000000000233 ) ) ;
#6848 = FACE_OUTER_BOUND ( 'NONE', #5872, .T. ) ;
#6849 = CARTESIAN_POINT ( 'NONE',  ( -24.22500000000000142, -11.77500000000000036, 27.92499999999999716 ) ) ;
#6850 = ORIENTED_EDGE ( 'NONE', *, *, #3024, .F. ) ;
#6851 = ORIENTED_EDGE ( 'NONE', *, *, #2517, .F. ) ;
#6852 = PLANE ( 'NONE',  #3885 ) ;
#6853 = CARTESIAN_POINT ( 'NONE',  ( -24.22500000000000497, -9.659192512834597011, 27.92499999999999716 ) ) ;
#6854 = EDGE_LOOP ( 'NONE', ( #681, #3374, #2062, #4209 ) ) ;
#6855 = DIRECTION ( 'NONE',  ( -0.000000000000000000, 1.000000000000000000, -0.000000000000000000 ) ) ;
#6856 = DIRECTION ( 'NONE',  ( 1.000000000000000000, -0.000000000000000000, -0.000000000000000000 ) ) ;
#6857 = CARTESIAN_POINT ( 'NONE',  ( -35.22500000000000142, -6.275000000000000355, -34.20000000000000995 ) ) ;
#6858 = EDGE_LOOP ( 'NONE', ( #1693, #8299, #8861, #2044 ) ) ;
#6859 = ORIENTED_EDGE ( 'NONE', *, *, #3063, .T. ) ;
#6860 = DIRECTION ( 'NONE',  ( 0.9993908270190957621, 0.03489949670250105246, 0.000000000000000000 ) ) ;
#6861 = B_SPLINE_CURVE_WITH_KNOTS ( 'NONE', 3,
 ( #6748, #845, #5187, #5938, #3054, #3761 ),
 .UNSPECIFIED., .F., .F.,
 ( 4, 2, 4 ),
 ( 0.000000000000000000, 0.5000000000000000000, 1.000000000000000000 ),
 .UNSPECIFIED. ) ;
#6862 = ORIENTED_EDGE ( 'NONE', *, *, #4506, .F. ) ;
#6863 = CARTESIAN_POINT ( 'NONE',  ( -36.22500000000000142, -2.199999999999999734, 35.90000000000001990 ) ) ;
#6864 = CARTESIAN_POINT ( 'NONE',  ( -24.22500000000000142, -11.77500000000000036, 30.92499999999999716 ) ) ;
#6865 = DIRECTION ( 'NONE',  ( 0.000000000000000000, 0.000000000000000000, 1.000000000000000000 ) ) ;
#6866 = EDGE_CURVE ( 'NONE', #8810, #6404, #3094, .T. ) ;
#6867 = VERTEX_POINT ( 'NONE', #5987 ) ;
#6868 = LINE ( 'NONE', #8965, #9362 ) ;
#6869 = DIRECTION ( 'NONE',  ( 1.000000000000000000, -0.000000000000000000, -0.000000000000000000 ) ) ;
#6870 = DIRECTION ( 'NONE',  ( 0.000000000000000000, 0.000000000000000000, 1.000000000000000000 ) ) ;
#6871 = ORIENTED_EDGE ( 'NONE', *, *, #2478, .F. ) ;
#6872 = ORIENTED_EDGE ( 'NONE', *, *, #464, .F. ) ;
#6873 = CARTESIAN_POINT ( 'NONE',  ( 35.22500000000000142, 0.000000000000000000, 0.000000000000000000 ) ) ;
#6874 = CARTESIAN_POINT ( 'NONE',  ( 5.438122833344339894E-18, 4.317999999999999616, 0.4826000000000000290 ) ) ;
#6875 = FACE_OUTER_BOUND ( 'NONE', #9290, .T. ) ;
#6876 = EDGE_CURVE ( 'NONE', #9253, #6532, #7996, .T. ) ;
#6877 = EDGE_CURVE ( 'NONE', #9183, #6417, #2307, .T. ) ;
#6878 = EDGE_LOOP ( 'NONE', ( #710, #7140, #6058, #34 ) ) ;
#6879 = VECTOR ( 'NONE', #7245, 1000.000000000000114 ) ;
#6880 = CARTESIAN_POINT ( 'NONE',  ( 35.22500000000000142, 0.000000000000000000, 32.70000000000000284 ) ) ;
#6881 = AXIS2_PLACEMENT_3D ( 'NONE', #7380, #5282, #7333 ) ;
#6882 = CARTESIAN_POINT ( 'NONE',  ( -2.193253119671569884, 13.83025492792763878, 3.174999999999999822 ) ) ;
#6883 = VERTEX_POINT ( 'NONE', #6568 ) ;
#6884 = DIRECTION ( 'NONE',  ( 0.000000000000000000, 0.000000000000000000, -1.000000000000000000 ) ) ;
#6885 = CARTESIAN_POINT ( 'NONE',  ( -0.3047999999999999599, 0.4826000000000000290, -0.4826000000000000290 ) ) ;
#6886 = VECTOR ( 'NONE', #7904, 1000.000000000000000 ) ;
#6887 = DIRECTION ( 'NONE',  ( 0.000000000000000000, 0.000000000000000000, 1.000000000000000000 ) ) ;
#6888 = EDGE_CURVE ( 'NONE', #1712, #4336, #5895, .T. ) ;
#6889 = DIRECTION ( 'NONE',  ( 1.000000000000000000, -0.000000000000000000, -0.000000000000000000 ) ) ;
#6890 = ADVANCED_FACE ( 'NONE', ( #2401 ), #1687, .T. ) ;
#6891 = EDGE_LOOP ( 'NONE', ( #2759, #6056, #497, #3070 ) ) ;
#6892 = ORIENTED_EDGE ( 'NONE', *, *, #5200, .F. ) ;
#6893 = PLANE ( 'NONE',  #3134 ) ;
#6894 = AXIS2_PLACEMENT_3D ( 'NONE', #3803, #2956, #3758 ) ;
#6895 = DIRECTION ( 'NONE',  ( 1.000000000000000000, 0.000000000000000000, 0.000000000000000000 ) ) ;
#6896 = ORIENTED_EDGE ( 'NONE', *, *, #3958, .F. ) ;
#6897 = APPLICATION_CONTEXT ( 'automotive_design' ) ;
#6898 = DIRECTION ( 'NONE',  ( 0.000000000000000000, -1.000000000000000000, 0.000000000000000000 ) ) ;
#6899 = LINE ( 'NONE', #3995, #1032 ) ;
#6900 = PLANE ( 'NONE',  #3617 ) ;
#6901 = ORIENTED_EDGE ( 'NONE', *, *, #5376, .F. ) ;
#6902 = ORIENTED_EDGE ( 'NONE', *, *, #166, .T. ) ;
#6903 = EDGE_CURVE ( 'NONE', #2881, #322, #892, .T. ) ;
#6904 = FACE_OUTER_BOUND ( 'NONE', #6619, .T. ) ;
#6905 = ORIENTED_EDGE ( 'NONE', *, *, #8673, .T. ) ;
#6906 = VECTOR ( 'NONE', #3680, 1000.000000000000000 ) ;
#6907 = AXIS2_PLACEMENT_3D ( 'NONE', #3886, #7410, #4818 ) ;
#6908 = ORIENTED_EDGE ( 'NONE', *, *, #5266, .F. ) ;
#6909 = AXIS2_PLACEMENT_3D ( 'NONE', #3901, #6803, #325 ) ;
#6910 = CARTESIAN_POINT ( 'NONE',  ( 27.22499999999999787, -10.62779375035100315, -12.67499999999999538 ) ) ;
#6911 = CARTESIAN_POINT ( 'NONE',  ( -9.830958940036490292E-06, 1.493496405698544249, 0.01270000000000036204 ) ) ;
#6912 = CARTESIAN_POINT ( 'NONE',  ( 36.04539675101384688, -1.306536238926426119, -7.699999999999978861 ) ) ;
#6913 = CARTESIAN_POINT ( 'NONE',  ( 38.31380793923467110, 0.000000000000000000, -16.70500000000001961 ) ) ;
#6914 = VECTOR ( 'NONE', #2128, 1000.000000000000000 ) ;
#6915 = AXIS2_PLACEMENT_3D ( 'NONE', #7574, #8412, #6812 ) ;
#6916 = ORIENTED_EDGE ( 'NONE', *, *, #7991, .T. ) ;
#6917 = DIRECTION ( 'NONE',  ( 0.9993908270190957621, 0.03489949670250105246, 0.000000000000000000 ) ) ;
#6918 = AXIS2_PLACEMENT_3D ( 'NONE', #625, #7813, #9287 ) ;
#6919 = CARTESIAN_POINT ( 'NONE',  ( 36.62500000000000000, 0.000000000000000000, -35.89999999999997016 ) ) ;
#6920 = DIRECTION ( 'NONE',  ( 0.000000000000000000, 0.000000000000000000, 1.000000000000000000 ) ) ;
#6921 = DIRECTION ( 'NONE',  ( -1.000000000000000000, 0.000000000000000000, 6.938893903907232322E-16 ) ) ;
#6922 = VERTEX_POINT ( 'NONE', #6663 ) ;
#6923 = EDGE_CURVE ( 'NONE', #6118, #8727, #5802, .T. ) ;
#6924 = AXIS2_PLACEMENT_3D ( 'NONE', #646, #4073, #7742 ) ;
#6925 = VECTOR ( 'NONE', #8981, 1000.000000000000000 ) ;
#6926 = ORIENTED_EDGE ( 'NONE', *, *, #5777, .T. ) ;
#6927 = CARTESIAN_POINT ( 'NONE',  ( -25.74978749038663395, -9.851544940775491810, 6.533991259226127113 ) ) ;
#6928 = DIRECTION ( 'NONE',  ( 0.000000000000000000, 1.000000000000000000, -0.000000000000000000 ) ) ;
#6929 = CARTESIAN_POINT ( 'NONE',  ( 2.868497472731035499E-17, 3.048000000000000043, -0.04955848441160460444 ) ) ;
#6930 = ORIENTED_EDGE ( 'NONE', *, *, #3866, .T. ) ;
#6931 = CIRCLE ( 'NONE', #9059, 10.77500000000000036 ) ;
#6932 = CARTESIAN_POINT ( 'NONE',  ( -3.953253931003325228, 11.07060511971771888, 3.174999999999999822 ) ) ;
#6933 = CARTESIAN_POINT ( 'NONE',  ( 36.62499999999999289, 0.000000000000000000, 14.10000000000002274 ) ) ;
#6934 = ORIENTED_EDGE ( 'NONE', *, *, #1414, .F. ) ;
#6935 = EDGE_CURVE ( 'NONE', #8040, #8046, #8752, .T. ) ;
#6936 = EDGE_CURVE ( 'NONE', #2337, #3369, #3805, .T. ) ;
#6937 = DIRECTION ( 'NONE',  ( 0.000000000000000000, -1.000000000000000000, 0.000000000000000000 ) ) ;
#6938 = CARTESIAN_POINT ( 'NONE',  ( -35.22500000000000142, -2.199999999999999734, -29.50000000000002132 ) ) ;
#6939 = DIRECTION ( 'NONE',  ( -0.000000000000000000, -1.000000000000000000, -0.000000000000000000 ) ) ;
#6940 = DIRECTION ( 'NONE',  ( 1.000000000000000000, 0.000000000000000000, 0.000000000000000000 ) ) ;
#6941 = EDGE_LOOP ( 'NONE', ( #6301, #5691 ) ) ;
#6942 = ORIENTED_EDGE ( 'NONE', *, *, #4016, .F. ) ;
#6943 = DIRECTION ( 'NONE',  ( -0.000000000000000000, 1.000000000000000000, -0.000000000000000000 ) ) ;
#6944 = VECTOR ( 'NONE', #5934, 1000.000000000000000 ) ;
#6945 = DIRECTION ( 'NONE',  ( -0.000000000000000000, 1.000000000000000000, -0.000000000000000000 ) ) ;
#6946 = EDGE_CURVE ( 'NONE', #3359, #1944, #2263, .T. ) ;
#6947 = EDGE_CURVE ( 'NONE', #2624, #1838, #184, .T. ) ;
#6948 = ORIENTED_EDGE ( 'NONE', *, *, #1070, .T. ) ;
#6949 = CARTESIAN_POINT ( 'NONE',  ( 36.22499999999999432, -1.819537539667371195, -7.701660122795333407 ) ) ;
#6950 = CARTESIAN_POINT ( 'NONE',  ( -35.22500000000000142, 0.000000000000000000, 43.47500000000000142 ) ) ;
#6951 = EDGE_CURVE ( 'NONE', #2683, #3670, #7427, .T. ) ;
#6952 = LINE ( 'NONE', #2547, #6805 ) ;
#6953 = VECTOR ( 'NONE', #3996, 1000.000000000000000 ) ;
#6954 = EDGE_LOOP ( 'NONE', ( #1731, #6191, #7050, #288, #516, #6958, #5944, #280, #9136 ) ) ;
#6955 = ORIENTED_EDGE ( 'NONE', *, *, #1889, .F. ) ;
#6956 = VERTEX_POINT ( 'NONE', #3316 ) ;
#6957 = FACE_BOUND ( 'NONE', #8692, .T. ) ;
#6958 = ORIENTED_EDGE ( 'NONE', *, *, #4452, .F. ) ;
#6959 = EDGE_CURVE ( 'NONE', #322, #9324, #7511, .T. ) ;
#6960 = ORIENTED_EDGE ( 'NONE', *, *, #7937, .F. ) ;
#6961 = CARTESIAN_POINT ( 'NONE',  ( 36.62500000000000000, -11.77500000000000036, -35.89999999999997016 ) ) ;
#6962 = EDGE_CURVE ( 'NONE', #6347, #9314, #1121, .T. ) ;
#6963 = FACE_OUTER_BOUND ( 'NONE', #2537, .T. ) ;
#6964 = AXIS2_PLACEMENT_3D ( 'NONE', #8715, #8669, #5014 ) ;
#6965 = ORIENTED_EDGE ( 'NONE', *, *, #5683, .F. ) ;
#6966 = ORIENTED_EDGE ( 'NONE', *, *, #2939, .T. ) ;
#6967 = CARTESIAN_POINT ( 'NONE',  ( 27.22499999999999787, -11.77500000000000036, -37.47500000000000142 ) ) ;
#6968 = CARTESIAN_POINT ( 'NONE',  ( 35.22500000000000142, -9.659192512834597011, -27.92499999999999716 ) ) ;
#6969 = PLANE ( 'NONE',  #1885 ) ;
#6970 = CARTESIAN_POINT ( 'NONE',  ( -36.62500000000000000, -16.09299999999999997, 32.67500000000002558 ) ) ;
#6971 = VERTEX_POINT ( 'NONE', #3143 ) ;
#6972 = AXIS2_PLACEMENT_3D ( 'NONE', #8552, #2772, #5613 ) ;
#6973 = LINE ( 'NONE', #532, #1893 ) ;
#6974 = EDGE_LOOP ( 'NONE', ( #4646, #7392, #2138, #3780 ) ) ;
#6975 = CARTESIAN_POINT ( 'NONE',  ( -36.22499999999999432, -1.819537539667370973, 12.40000000000000213 ) ) ;
#6976 = DIRECTION ( 'NONE',  ( 1.000000000000000000, -1.259407789102440013E-18, 0.000000000000000000 ) ) ;
#6977 = CARTESIAN_POINT ( 'NONE',  ( -0.3047901690410605435, 1.493496405698544249, -0.4432325894919639797 ) ) ;
#6978 = VERTEX_POINT ( 'NONE', #4079 ) ;
#6979 = DIRECTION ( 'NONE',  ( 0.000000000000000000, 0.000000000000000000, -1.000000000000000000 ) ) ;
#6980 = B_SPLINE_CURVE_WITH_KNOTS ( 'NONE', 3,
 ( #4578, #7490, #6823, #9051, #1940, #1282, #2640, #9000, #4722, #3206, #7587, #9098, #9189, #2509, #6105, #6198, #5390, #6910 ),
 .UNSPECIFIED., .F., .F.,
 ( 4, 2, 2, 2, 2, 2, 2, 2, 4 ),
 ( 0.000000000000000000, 0.0005995997566965344553, 0.001199199513393069995, 0.001798799270089605426, 0.002398399026786141291, 0.002997998783482676722, 0.003597598540179212153, 0.004197198296875748018, 0.004796798053572283449 ),
 .UNSPECIFIED. ) ;
#6981 = CARTESIAN_POINT ( 'NONE',  ( -36.62499999999999289, 0.000000000000000000, -29.49999999999997868 ) ) ;
#6982 = ORIENTED_EDGE ( 'NONE', *, *, #5698, .T. ) ;
#6983 = CARTESIAN_POINT ( 'NONE',  ( 39.35983003675661251, 0.000000000000000000, 25.59343290460574494 ) ) ;
#6984 = DIRECTION ( 'NONE',  ( -0.000000000000000000, 1.000000000000000000, -0.000000000000000000 ) ) ;
#6985 = DIRECTION ( 'NONE',  ( 0.9659258262890699775, -0.2588190451025145222, 0.000000000000000000 ) ) ;
#6986 = EDGE_CURVE ( 'NONE', #1605, #5769, #1080, .T. ) ;
#6987 = CARTESIAN_POINT ( 'NONE',  ( -9.830958940036490292E-06, 1.493496405698544249, 0.01270000000000036204 ) ) ;
#6988 = EDGE_LOOP ( 'NONE', ( #188, #4425, #6872, #1594 ) ) ;
#6989 = ORIENTED_EDGE ( 'NONE', *, *, #954, .T. ) ;
#6990 = CYLINDRICAL_SURFACE ( 'NONE', #2393, 2.999999999999999112 ) ;
#6991 = CARTESIAN_POINT ( 'NONE',  ( -2.168404344971009854E-16, 6.324599999999999334, -2.387599999999999945 ) ) ;
#6992 = PLANE ( 'NONE',  #937 ) ;
#6993 = B_SPLINE_CURVE_WITH_KNOTS ( 'NONE', 3,
 ( #1026, #3942, #4651, #2619, #1911, #6802, #3188, #4792, #980, #3845, #324, #272, #6086, #2486, #5365, #3360, #8452, #4933 ),
 .UNSPECIFIED., .F., .F.,
 ( 4, 2, 2, 2, 2, 2, 2, 2, 4 ),
 ( 3.469446951953613804E-18, 0.0005995997566965392258, 0.001199199513393074982, 0.001798799270089610630, 0.002398399026786146495, 0.002997998783482682360, 0.003597598540179217791, 0.004197198296875754089, 0.004796798053572289521 ),
 .UNSPECIFIED. ) ;
#6994 = ORIENTED_EDGE ( 'NONE', *, *, #4950, .F. ) ;
#6995 = LINE ( 'NONE', #1924, #422 ) ;
#6996 = PLANE ( 'NONE',  #4641 ) ;
#6997 = FACE_OUTER_BOUND ( 'NONE', #2637, .T. ) ;
#6998 = ORIENTED_EDGE ( 'NONE', *, *, #5958, .F. ) ;
#6999 = EDGE_CURVE ( 'NONE', #8229, #8759, #4745, .T. ) ;
#7000 = CARTESIAN_POINT ( 'NONE',  ( 35.72499999999999432, -1.199999999999999956, -14.09667975440931009 ) ) ;
#7001 = EDGE_CURVE ( 'NONE', #848, #438, #3943, .T. ) ;
#7002 = ORIENTED_EDGE ( 'NONE', *, *, #4396, .T. ) ;
#7003 = CARTESIAN_POINT ( 'NONE',  ( -38.72500000000000142, 1.084202172485504434E-15, -12.40000000000000213 ) ) ;
#7004 = EDGE_CURVE ( 'NONE', #7639, #6034, #6175, .T. ) ;
#7005 = ADVANCED_FACE ( 'NONE', ( #8403 ), #9075, .F. ) ;
#7006 = ORIENTED_EDGE ( 'NONE', *, *, #2331, .F. ) ;
#7007 = ORIENTED_EDGE ( 'NONE', *, *, #4842, .T. ) ;
#7008 = LINE ( 'NONE', #6287, #2523 ) ;
#7009 = CARTESIAN_POINT ( 'NONE',  ( -0.3047999999999999599, 3.048000000000000043, 0.4826000000000000290 ) ) ;
#7010 = CARTESIAN_POINT ( 'NONE',  ( 36.62499999999999289, -11.77500000000000036, 14.10000000000002274 ) ) ;
#7011 = EDGE_CURVE ( 'NONE', #7209, #8473, #2577, .T. ) ;
#7012 = ORIENTED_EDGE ( 'NONE', *, *, #5418, .F. ) ;
#7013 = ORIENTED_EDGE ( 'NONE', *, *, #7575, .F. ) ;
#7014 = PLANE ( 'NONE',  #2668 ) ;
#7015 = CARTESIAN_POINT ( 'NONE',  ( -38.31380793923467110, 8.673617379884035472E-16, -9.094999999999977547 ) ) ;
#7016 = EDGE_CURVE ( 'NONE', #1428, #5631, #5896, .T. ) ;
#7017 = CARTESIAN_POINT ( 'NONE',  ( -4.677858382765189837, 18.41651208015194996, -2.374900000000000233 ) ) ;
#7018 = DIRECTION ( 'NONE',  ( -1.000000000000000000, 0.000000000000000000, 0.000000000000000000 ) ) ;
#7019 = ORIENTED_EDGE ( 'NONE', *, *, #4950, .T. ) ;
#7020 = CARTESIAN_POINT ( 'NONE',  ( 0.3047901690410599884, 1.493496405698544249, 0.4826000000000000290 ) ) ;
#7021 = ORIENTED_EDGE ( 'NONE', *, *, #7179, .F. ) ;
#7022 = CARTESIAN_POINT ( 'NONE',  ( -25.57449291493243493, -9.808253005177546058, -6.438387980051731851 ) ) ;
#7023 = CARTESIAN_POINT ( 'NONE',  ( -26.07125110576855320, -9.945416374412040739, -28.55226633920047519 ) ) ;
#7024 = PLANE ( 'NONE',  #622 ) ;
#7025 = VERTEX_POINT ( 'NONE', #1027 ) ;
#7026 = CARTESIAN_POINT ( 'NONE',  ( 24.22499999999999787, -9.659192512834593458, -15.67499999999999361 ) ) ;
#7027 = PLANE ( 'NONE',  #7264 ) ;
#7028 = VERTEX_POINT ( 'NONE', #8363 ) ;
#7029 = PLANE ( 'NONE',  #1927 ) ;
#7030 = DIRECTION ( 'NONE',  ( 0.000000000000000000, 0.000000000000000000, 1.000000000000000000 ) ) ;
#7031 = CARTESIAN_POINT ( 'NONE',  ( -26.61638925924249222, -10.15838743722349236, 14.49678432829842301 ) ) ;
#7032 = DIRECTION ( 'NONE',  ( 1.000000000000000000, -0.000000000000000000, -0.000000000000000000 ) ) ;
#7033 = VERTEX_POINT ( 'NONE', #6938 ) ;
#7034 = ORIENTED_EDGE ( 'NONE', *, *, #8575, .T. ) ;
#7035 = CARTESIAN_POINT ( 'NONE',  ( -36.62500000000000000, -11.77500000000000036, 29.50000000000002132 ) ) ;
#7036 = CARTESIAN_POINT ( 'NONE',  ( -35.22500000000000142, 0.000000000000000000, 0.000000000000000000 ) ) ;
#7037 = VECTOR ( 'NONE', #709, 1000.000000000000000 ) ;
#7038 = DIRECTION ( 'NONE',  ( 0.000000000000000000, 1.000000000000000000, -0.000000000000000000 ) ) ;
#7039 = ORIENTED_EDGE ( 'NONE', *, *, #6795, .T. ) ;
#7040 = CARTESIAN_POINT ( 'NONE',  ( -36.62499999999999289, 0.000000000000000000, 9.095000000000020179 ) ) ;
#7041 = EDGE_CURVE ( 'NONE', #2090, #2386, #2620, .T. ) ;
#7042 = DIRECTION ( 'NONE',  ( 0.000000000000000000, 2.891205793294672410E-16, -1.000000000000000000 ) ) ;
#7043 = LINE ( 'NONE', #8414, #8622 ) ;
#7044 = ORIENTED_EDGE ( 'NONE', *, *, #9035, .F. ) ;
#7045 = DIRECTION ( 'NONE',  ( 0.000000000000000000, 0.000000000000000000, 1.000000000000000000 ) ) ;
#7046 = ORIENTED_EDGE ( 'NONE', *, *, #8833, .F. ) ;
#7047 = VECTOR ( 'NONE', #7509, 1000.000000000000000 ) ;
#7048 = VERTEX_POINT ( 'NONE', #1912 ) ;
#7049 = CARTESIAN_POINT ( 'NONE',  ( -38.72500000000000142, -11.77500000000000036, 30.89500000000002089 ) ) ;
#7050 = ORIENTED_EDGE ( 'NONE', *, *, #51, .T. ) ;
#7051 = ORIENTED_EDGE ( 'NONE', *, *, #2309, .T. ) ;
#7052 = CARTESIAN_POINT ( 'NONE',  ( 36.62499999999999289, -11.77500000000000036, -30.89499999999997826 ) ) ;
#7053 = EDGE_CURVE ( 'NONE', #3738, #3904, #1216, .T. ) ;
#7054 = DIRECTION ( 'NONE',  ( 0.000000000000000000, 0.000000000000000000, -1.000000000000000000 ) ) ;
#7055 = EDGE_CURVE ( 'NONE', #2683, #5611, #8318, .T. ) ;
#7056 = DIRECTION ( 'NONE',  ( 0.000000000000000000, 0.000000000000000000, -1.000000000000000000 ) ) ;
#7057 = ORIENTED_EDGE ( 'NONE', *, *, #1889, .T. ) ;
#7058 = CARTESIAN_POINT ( 'NONE',  ( 36.62499999999999289, 0.000000000000000000, -30.89499999999997826 ) ) ;
#7059 = CIRCLE ( 'NONE', #9027, 2.999999999999999112 ) ;
#7060 = VECTOR ( 'NONE', #7256, 1000.000000000000000 ) ;
#7061 = LINE ( 'NONE', #6919, #4355 ) ;
#7062 = VECTOR ( 'NONE', #1569, 1000.000000000000000 ) ;
#7063 = LINE ( 'NONE', #9145, #5881 ) ;
#7064 = ITEM_DEFINED_TRANSFORMATION ( 'NONE', 'NONE', #7735,  #2439 ) ;
#7065 = VERTEX_POINT ( 'NONE', #7700 ) ;
#7066 = ADVANCED_FACE ( 'NONE', ( #8223 ), #1728, .T. ) ;
#7067 = CARTESIAN_POINT ( 'NONE',  ( 38.72500000000000142, 1.084202172485504434E-15, -12.40000000000000213 ) ) ;
#7068 = ADVANCED_FACE ( 'NONE', ( #4703 ), #4599, .T. ) ;
#7069 = ORIENTED_EDGE ( 'NONE', *, *, #525, .F. ) ;
#7070 = FACE_OUTER_BOUND ( 'NONE', #8626, .T. ) ;
#7071 = CARTESIAN_POINT ( 'NONE',  ( -26.92177908689250643, -10.32005512919786838, -29.59651604338711550 ) ) ;
#7072 = ADVANCED_FACE ( 'NONE', ( #7607 ), #3190, .F. ) ;
#7073 = CARTESIAN_POINT ( 'NONE',  ( 27.22499999999999787, -11.77500000000000036, -34.47500000000000142 ) ) ;
#7074 = AXIS2_PLACEMENT_3D ( 'NONE', #7673, #3242, #6149 ) ;
#7075 = VERTEX_POINT ( 'NONE', #2488 ) ;
#7076 = CARTESIAN_POINT ( 'NONE',  ( -27.07124291334524457, -10.42170876108506050, -13.64291581442446066 ) ) ;
#7077 = VECTOR ( 'NONE', #6943, 1000.000000000000000 ) ;
#7078 = CIRCLE ( 'NONE', #3583, 1.099999999999996758 ) ;
#7079 = CARTESIAN_POINT ( 'NONE',  ( -36.22499999999999432, -11.77500000000000036, 29.50000000000002132 ) ) ;
#7080 = VERTEX_POINT ( 'NONE', #5366 ) ;
#7081 = VECTOR ( 'NONE', #3911, 1000.000000000000000 ) ;
#7082 = EDGE_CURVE ( 'NONE', #2829, #341, #6464, .T. ) ;
#7083 = CARTESIAN_POINT ( 'NONE',  ( -36.62500000000000000, -11.77500000000000036, 7.700000000000022382 ) ) ;
#7084 = DIRECTION ( 'NONE',  ( -1.000000000000000000, 1.259407789102440013E-18, 0.000000000000000000 ) ) ;
#7085 = CARTESIAN_POINT ( 'NONE',  ( -35.22500000000000142, 5.421010862427522170E-16, 34.20000000000000284 ) ) ;
#7086 = EDGE_CURVE ( 'NONE', #1286, #151, #8501, .T. ) ;
#7087 = AXIS2_PLACEMENT_3D ( 'NONE', #8123, #41, #2205 ) ;
#7088 = CARTESIAN_POINT ( 'NONE',  ( -36.22499999999998721, -11.77500000000000036, -29.49999999999997868 ) ) ;
#7089 = ORIENTED_EDGE ( 'NONE', *, *, #5666, .T. ) ;
#7090 = ORIENTED_EDGE ( 'NONE', *, *, #1459, .F. ) ;
#7091 = CARTESIAN_POINT ( 'NONE',  ( 24.42795617425250398, -9.659192512834597011, 27.92499999999999361 ) ) ;
#7092 = DIRECTION ( 'NONE',  ( -0.000000000000000000, 1.000000000000000000, -0.000000000000000000 ) ) ;
#7093 = AXIS2_PLACEMENT_3D ( 'NONE', #1696, #1651, #2092 ) ;
#7094 = CYLINDRICAL_SURFACE ( 'NONE', #8034, 0.3047999999999999599 ) ;
#7095 = ORIENTED_EDGE ( 'NONE', *, *, #6821, .F. ) ;
#7096 = PLANE ( 'NONE',  #5702 ) ;
#7097 = CARTESIAN_POINT ( 'NONE',  ( 36.62500000000000000, -11.77500000000000036, -35.89999999999997016 ) ) ;
#7098 = PRODUCT_DEFINITION_SHAPE ( 'NONE', 'NONE',  #7900 ) ;
#7099 = CARTESIAN_POINT ( 'NONE',  ( 35.72499999999999432, -1.199999999999999956, -14.09667975440931009 ) ) ;
#7100 = AXIS2_PLACEMENT_3D ( 'NONE', #8126, #755, #8177 ) ;
#7101 = CARTESIAN_POINT ( 'NONE',  ( -36.62499999999999289, -11.77500000000000036, -12.70499999999998053 ) ) ;
#7102 = VERTEX_POINT ( 'NONE', #8596 ) ;
#7103 = VERTEX_POINT ( 'NONE', #2862 ) ;
#7104 = CARTESIAN_POINT ( 'NONE',  ( 26.07125110576853899, -9.945416374412042515, -36.84773366079952694 ) ) ;
#7105 = ORIENTED_EDGE ( 'NONE', *, *, #3877, .F. ) ;
#7106 = ORIENTED_EDGE ( 'NONE', *, *, #6877, .F. ) ;
#7107 = DIRECTION ( 'NONE',  ( 1.000000000000000000, 0.000000000000000000, 0.000000000000000000 ) ) ;
#7108 = AXIS2_PLACEMENT_3D ( 'NONE', #7017, #1392, #529 ) ;
#7109 = VECTOR ( 'NONE', #1407, 1000.000000000000000 ) ;
#7110 = CARTESIAN_POINT ( 'NONE',  ( 25.57518165881202421, -9.808445427359490765, 37.16118206920664591 ) ) ;
#7111 = CARTESIAN_POINT ( 'NONE',  ( -0.3047999999999999599, 13.30959999999999965, 2.374900000000000233 ) ) ;
#7112 = ORIENTED_EDGE ( 'NONE', *, *, #3283, .F. ) ;
#7113 = VERTEX_POINT ( 'NONE', #2810 ) ;
#7114 = DIRECTION ( 'NONE',  ( 1.084202172485504631E-15, 0.000000000000000000, 1.000000000000000000 ) ) ;
#7115 = ADVANCED_FACE ( 'NONE', ( #9162 ), #3480, .F. ) ;
#7116 = AXIS2_PLACEMENT_3D ( 'NONE', #8841, #3806, #7428 ) ;
#7117 = DIRECTION ( 'NONE',  ( 0.000000000000000000, 0.000000000000000000, -1.000000000000000000 ) ) ;
#7118 = DIRECTION ( 'NONE',  ( 0.000000000000000000, -1.000000000000000000, 0.000000000000000000 ) ) ;
#7119 = VERTEX_POINT ( 'NONE', #8545 ) ;
#7120 = CARTESIAN_POINT ( 'NONE',  ( 39.35983003675661251, -11.77500000000000036, -21.78393290460574505 ) ) ;
#7121 = ORIENTED_EDGE ( 'NONE', *, *, #1563, .T. ) ;
#7122 = DIRECTION ( 'NONE',  ( -1.259407789102440013E-18, -1.000000000000000000, 0.000000000000000000 ) ) ;
#7124 = CARTESIAN_POINT ( 'NONE',  ( -35.22500000000000142, -11.77500000000000036, -14.09999999999997655 ) ) ;
#7123 = AXIS2_PLACEMENT_3D ( 'NONE', #1764, #6031, #1206 ) ;
#7125 = DIRECTION ( 'NONE',  ( 1.000000000000000000, -0.000000000000000000, -0.000000000000000000 ) ) ;
#7126 = VERTEX_POINT ( 'NONE', #7892 ) ;
#7127 = EDGE_CURVE ( 'NONE', #4540, #8327, #3466, .T. ) ;
#7128 = EDGE_CURVE ( 'NONE', #4020, #5652, #7791, .T. ) ;
#7129 = LINE ( 'NONE', #3506, #1344 ) ;
#7130 = AXIS2_PLACEMENT_3D ( 'NONE', #4442, #7403, #866 ) ;
#7131 = EDGE_CURVE ( 'NONE', #2593, #5775, #3512, .T. ) ;
#7132 = VECTOR ( 'NONE', #2049, 1000.000000000000000 ) ;
#7133 = DIRECTION ( 'NONE',  ( -1.000000000000000000, 0.000000000000000000, 0.000000000000000000 ) ) ;
#7134 = ORIENTED_EDGE ( 'NONE', *, *, #7416, .F. ) ;
#7135 = DIRECTION ( 'NONE',  ( -1.000000000000000000, -0.000000000000000000, -0.000000000000000000 ) ) ;
#7136 = DIRECTION ( 'NONE',  ( -0.000000000000000000, 1.000000000000000000, -0.000000000000000000 ) ) ;
#7137 = CARTESIAN_POINT ( 'NONE',  ( -26.83112039817155292, -10.26709744570285920, 14.17359173836246988 ) ) ;
#7138 = CARTESIAN_POINT ( 'NONE',  ( 38.72500000000000142, 1.084202172485504434E-15, 31.19999999999999929 ) ) ;
#7139 = CARTESIAN_POINT ( 'NONE',  ( -3.651420223650889696, 11.11302508089036145, 3.174999999999999822 ) ) ;
#7140 = ORIENTED_EDGE ( 'NONE', *, *, #7436, .F. ) ;
#7141 = EDGE_LOOP ( 'NONE', ( #187, #3099, #2451, #3264 ) ) ;
#7142 = EDGE_CURVE ( 'NONE', #2553, #9183, #9360, .T. ) ;
#7143 = EDGE_LOOP ( 'NONE', ( #6905, #1249 ) ) ;
#7144 = CARTESIAN_POINT ( 'NONE',  ( 24.22499999999999787, -9.659192512834597011, 27.92499999999999716 ) ) ;
#7145 = CARTESIAN_POINT ( 'NONE',  ( 27.22499999999999787, -10.62779375035101026, 9.125000000000008882 ) ) ;
#7146 = EDGE_CURVE ( 'NONE', #5611, #813, #9266, .T. ) ;
#7147 = CARTESIAN_POINT ( 'NONE',  ( -38.72500000000000142, -1.819537539667370973, 9.399999999999996803 ) ) ;
#7148 = EDGE_LOOP ( 'NONE', ( #3604, #5171, #1102, #6862, #3167, #3083, #3852, #9116 ) ) ;
#7149 = LINE ( 'NONE', #7901, #4333 ) ;
#7150 = CARTESIAN_POINT ( 'NONE',  ( -0.3047999999999999599, 0.4826000000000000290, 0.4826000000000000290 ) ) ;
#7151 = DIRECTION ( 'NONE',  ( 0.000000000000000000, 0.000000000000000000, 1.000000000000000000 ) ) ;
#7152 = LINE ( 'NONE', #9131, #2201 ) ;
#7153 = VERTEX_POINT ( 'NONE', #4887 ) ;
#7154 = ORIENTED_EDGE ( 'NONE', *, *, #1917, .F. ) ;
#7155 = DIRECTION ( 'NONE',  ( -1.000000000000000000, -0.000000000000000000, -0.000000000000000000 ) ) ;
#7156 = ORIENTED_EDGE ( 'NONE', *, *, #3022, .T. ) ;
#7157 = ORIENTED_EDGE ( 'NONE', *, *, #2152, .F. ) ;
#7158 = LINE ( 'NONE', #672, #262 ) ;
#7159 = CARTESIAN_POINT ( 'NONE',  ( 24.62915442669687138, -9.669406056536473670, 37.45449678801095672 ) ) ;
#7160 = EDGE_CURVE ( 'NONE', #7716, #1244, #2010, .T. ) ;
#7161 = CARTESIAN_POINT ( 'NONE',  ( 38.31380793923467110, 0.000000000000000000, -9.094999999999973994 ) ) ;
#7162 = EDGE_LOOP ( 'NONE', ( #4242, #8395, #2571, #2926 ) ) ;
#7163 = VERTEX_POINT ( 'NONE', #4170 ) ;
#7164 = DIRECTION ( 'NONE',  ( 0.000000000000000000, -1.000000000000000000, 0.000000000000000000 ) ) ;
#7165 = DIRECTION ( 'NONE',  ( 0.000000000000000000, 0.000000000000000000, -1.000000000000000000 ) ) ;
#7166 = CARTESIAN_POINT ( 'NONE',  ( 36.62499999999999289, -11.77500000000000036, 12.70500000000002139 ) ) ;
#7167 =( NAMED_UNIT ( * ) PLANE_ANGLE_UNIT ( ) SI_UNIT ( $, .RADIAN. ) );
#7168 = ORIENTED_EDGE ( 'NONE', *, *, #580, .F. ) ;
#7169 = CARTESIAN_POINT ( 'NONE',  ( -36.22499999999999432, -1.700000000000000178, 14.10166012279535508 ) ) ;
#7170 = DIRECTION ( 'NONE',  ( 1.000000000000000000, 0.000000000000000000, 0.000000000000000000 ) ) ;
#7171 = EDGE_CURVE ( 'NONE', #6759, #2145, #5028, .T. ) ;
#7172 = DIRECTION ( 'NONE',  ( 0.000000000000000000, -0.000000000000000000, 1.000000000000000000 ) ) ;
#7173 = DIRECTION ( 'NONE',  ( 0.000000000000000000, 1.000000000000000000, 0.000000000000000000 ) ) ;
#7174 = VERTEX_POINT ( 'NONE', #2666 ) ;
#7175 = LINE ( 'NONE', #3552, #8901 ) ;
#7176 = CARTESIAN_POINT ( 'NONE',  ( -35.22500000000000142, -1.819537539667370973, 9.399999999999996803 ) ) ;
#7177 = ORIENTED_EDGE ( 'NONE', *, *, #6555, .T. ) ;
#7178 = DIRECTION ( 'NONE',  ( -0.000000000000000000, 1.000000000000000000, -0.000000000000000000 ) ) ;
#7179 = EDGE_CURVE ( 'NONE', #6207, #8186, #8649, .T. ) ;
#7180 = CARTESIAN_POINT ( 'NONE',  ( 36.62500000000000000, -11.77500000000000036, 7.700000000000022382 ) ) ;
#7181 = EDGE_CURVE ( 'NONE', #7729, #6837, #7584, .T. ) ;
#7182 = DIRECTION ( 'NONE',  ( -1.000000000000000000, 0.000000000000000000, 0.000000000000000000 ) ) ;
#7183 = LINE ( 'NONE', #5931, #4172 ) ;
#7184 = ORIENTED_EDGE ( 'NONE', *, *, #690, .T. ) ;
#7185 = CARTESIAN_POINT ( 'NONE',  ( -24.22500000000000142, -11.77500000000000036, -37.47500000000000142 ) ) ;
#7186 = FACE_OUTER_BOUND ( 'NONE', #8108, .T. ) ;
#7187 = B_SPLINE_CURVE_WITH_KNOTS ( 'NONE', 3,
 ( #2072, #2684, #5573, #1275 ),
 .UNSPECIFIED., .F., .F.,
 ( 4, 4 ),
 ( 0.000000000000000000, 1.000000000000000000 ),
 .UNSPECIFIED. ) ;
#7188 = LINE ( 'NONE', #9171, #1987 ) ;
#7189 = ORIENTED_EDGE ( 'NONE', *, *, #6483, .T. ) ;
#7190 = LINE ( 'NONE', #4237, #7384 ) ;
#7191 = EDGE_CURVE ( 'NONE', #4725, #2595, #7931, .T. ) ;
#7192 = CARTESIAN_POINT ( 'NONE',  ( 24.62915442669685007, -9.669406056536471894, 15.65449678801095601 ) ) ;
#7193 = EDGE_CURVE ( 'NONE', #7439, #1093, #6820, .T. ) ;
#7194 = DIRECTION ( 'NONE',  ( 0.000000000000000000, 0.000000000000000000, 1.000000000000000000 ) ) ;
#7195 = ORIENTED_EDGE ( 'NONE', *, *, #9077, .F. ) ;
#7196 = VERTEX_POINT ( 'NONE', #545 ) ;
#7197 = FACE_OUTER_BOUND ( 'NONE', #2743, .T. ) ;
#7198 = VECTOR ( 'NONE', #8471, 1000.000000000000000 ) ;
#7199 = ORIENTED_EDGE ( 'NONE', *, *, #8805, .F. ) ;
#7200 = VECTOR ( 'NONE', #5091, 1000.000000000000000 ) ;
#7201 = EDGE_LOOP ( 'NONE', ( #8460, #3630 ) ) ;
#7202 = LINE ( 'NONE', #6489, #5840 ) ;
#7203 = FACE_OUTER_BOUND ( 'NONE', #2526, .T. ) ;
#7204 = CIRCLE ( 'NONE', #5824, 1.099999999999996758 ) ;
#7205 = EDGE_CURVE ( 'NONE', #2311, #7774, #6264, .T. ) ;
#7206 = DIRECTION ( 'NONE',  ( 1.084202172485504631E-15, 0.000000000000000000, 1.000000000000000000 ) ) ;
#7207 = CARTESIAN_POINT ( 'NONE',  ( -35.22500000000000142, -1.199999999999999956, 14.10166012279535508 ) ) ;
#7208 = ORIENTED_EDGE ( 'NONE', *, *, #7588, .T. ) ;
#7209 = VERTEX_POINT ( 'NONE', #7842 ) ;
#7210 = LINE ( 'NONE', #8672, #1167 ) ;
#7211 = AXIS2_PLACEMENT_3D ( 'NONE', #3963, #2132, #716 ) ;
#7212 = DIRECTION ( 'NONE',  ( 0.000000000000000000, -0.000000000000000000, -1.000000000000000000 ) ) ;
#7213 = EDGE_LOOP ( 'NONE', ( #7290, #3105, #6808, #5997, #1692, #897 ) ) ;
#7214 = CARTESIAN_POINT ( 'NONE',  ( -36.22499999999999432, -11.77500000000000036, 14.10000000000002274 ) ) ;
#7215 = VECTOR ( 'NONE', #5554, 1000.000000000000000 ) ;
#7216 = LINE ( 'NONE', #5870, #7514 ) ;
#7217 = DIRECTION ( 'NONE',  ( 1.000000000000000000, -1.259407789102440013E-18, 0.000000000000000000 ) ) ;
#7218 = CARTESIAN_POINT ( 'NONE',  ( -2.168404344971009854E-16, 6.324599999999999334, -3.174999999999999822 ) ) ;
#7219 = CIRCLE ( 'NONE', #5992, 10.77499999999999858 ) ;
#7220 = EDGE_LOOP ( 'NONE', ( #1635, #5619, #5216, #4229, #811, #4443, #5770, #8237, #4596, #5786, #257, #1420, #1957, #4716, #6753, #5904, #2494, #6818, #7522, #1595, #3867, #6020, #6724, #1001, #5191, #5295, #3884, #7947, #8204, #295, #5688, #3997, #2972, #7134, #2519, #2031, #366, #2355, #8926, #6892, #2406, #1011, #2133, #7741, #1110, #6063, #181, #2242, #6051, #7434, #5211, #8970, #7647, #1700, #6047, #8951, #6571, #344, #1549, #8606, #7456, #6092, #5867, #5454, #3036, #214, #8968, #8858, #2513, #4065, #8536, #2191, #4523, #205, #1985, #5647, #3964, #9241, #1938, #1351, #7800, #724, #2160, #4810 ) ) ;
#7221 = LINE ( 'NONE', #740, #4958 ) ;
#7222 = ADVANCED_FACE ( 'NONE', ( #8454 ), #9217, .F. ) ;
#7223 = CARTESIAN_POINT ( 'NONE',  ( 35.22500000000000142, -0.8195375396673710844, 7.703320245590689730 ) ) ;
#7224 = ORIENTED_EDGE ( 'NONE', *, *, #376, .F. ) ;
#7225 = AXIS2_PLACEMENT_3D ( 'NONE', #8693, #3659, #7327 ) ;
#7226 = DIRECTION ( 'NONE',  ( -0.000000000000000000, 1.000000000000000000, -0.000000000000000000 ) ) ;
#7227 = LINE ( 'NONE', #2907, #4185 ) ;
#7228 = CARTESIAN_POINT ( 'NONE',  ( 3.838674941184235076E-18, 3.048000000000000043, 0.3651249999999999774 ) ) ;
#7229 = CARTESIAN_POINT ( 'NONE',  ( 9.596687352960589616E-19, 0.7620000000000000107, 0.05185833333333340900 ) ) ;
#7230 = ORIENTED_EDGE ( 'NONE', *, *, #1155, .T. ) ;
#7231 = VECTOR ( 'NONE', #3102, 1000.000000000000000 ) ;
#7232 = DIRECTION ( 'NONE',  ( 1.000000000000000000, 0.000000000000000000, -7.127563398038339466E-17 ) ) ;
#7233 = AXIS2_PLACEMENT_3D ( 'NONE', #7322, #3793, #7364 ) ;
#7234 = DIRECTION ( 'NONE',  ( 0.000000000000000000, 0.000000000000000000, -1.000000000000000000 ) ) ;
#7235 = ADVANCED_FACE ( 'NONE', ( #600 ), #3284, .T. ) ;
#7236 = VECTOR ( 'NONE', #1317, 1000.000000000000000 ) ;
#7237 = DIRECTION ( 'NONE',  ( -1.000000000000000000, -0.000000000000000000, 0.000000000000000000 ) ) ;
#7238 = LINE ( 'NONE', #4511, #4759 ) ;
#7239 = ORIENTED_EDGE ( 'NONE', *, *, #3709, .F. ) ;
#7240 = CARTESIAN_POINT ( 'NONE',  ( -35.22500000000000142, -6.275000000000000355, 9.399999999999995026 ) ) ;
#7241 = VECTOR ( 'NONE', #2658, 1000.000000000000000 ) ;
#7242 = CARTESIAN_POINT ( 'NONE',  ( 27.22499999999999787, -9.659192512834597011, -30.92499999999999716 ) ) ;
#7243 = AXIS2_PLACEMENT_3D ( 'NONE', #3032, #5918, #7967 ) ;
#7244 = DIRECTION ( 'NONE',  ( -1.000000000000000000, -0.000000000000000000, -0.000000000000000000 ) ) ;
#7245 = DIRECTION ( 'NONE',  ( 0.000000000000000000, 0.7071067811865918706, 0.7071067811865030528 ) ) ;
#7246 = ORIENTED_EDGE ( 'NONE', *, *, #69, .F. ) ;
#7247 = EDGE_LOOP ( 'NONE', ( #1379, #7763, #3718, #2698 ) ) ;
#7248 = DIRECTION ( 'NONE',  ( 0.000000000000000000, 0.000000000000000000, 1.000000000000000000 ) ) ;
#7249 = EDGE_CURVE ( 'NONE', #855, #6683, #1495, .T. ) ;
#7250 = VECTOR ( 'NONE', #1851, 1000.000000000000000 ) ;
#7251 = EDGE_CURVE ( 'NONE', #3537, #1882, #6516, .T. ) ;
#7252 = ORIENTED_EDGE ( 'NONE', *, *, #7513, .F. ) ;
#7253 = EDGE_CURVE ( 'NONE', #7163, #8534, #5794, .T. ) ;
#7254 = FACE_OUTER_BOUND ( 'NONE', #509, .T. ) ;
#7255 = ORIENTED_EDGE ( 'NONE', *, *, #8355, .T. ) ;
#7256 = DIRECTION ( 'NONE',  ( 0.000000000000000000, 0.000000000000000000, -1.000000000000000000 ) ) ;
#7257 = CARTESIAN_POINT ( 'NONE',  ( 24.42810911145754815, -9.659192512834598787, 37.47500000000001563 ) ) ;
#7258 = VECTOR ( 'NONE', #8747, 1000.000000000000000 ) ;
#7259 = CARTESIAN_POINT ( 'NONE',  ( -2.454989055573035373, 13.98645140630594064, 3.174999999999999822 ) ) ;
#7260 = ORIENTED_EDGE ( 'NONE', *, *, #6242, .F. ) ;
#7261 = ORIENTED_EDGE ( 'NONE', *, *, #7640, .F. ) ;
#7262 = CARTESIAN_POINT ( 'NONE',  ( -36.62500000000000000, -11.77500000000000036, -14.09999999999997655 ) ) ;
#7263 = ADVANCED_FACE ( 'NONE', ( #2389 ), #8168, .T. ) ;
#7264 = AXIS2_PLACEMENT_3D ( 'NONE', #8450, #4840, #7133 ) ;
#7265 = LINE ( 'NONE', #20, #9311 ) ;
#7266 = ORIENTED_EDGE ( 'NONE', *, *, #6375, .F. ) ;
#7267 = EDGE_CURVE ( 'NONE', #1652, #703, #635, .T. ) ;
#7268 = CARTESIAN_POINT ( 'NONE',  ( -35.22500000000000142, 0.000000000000000000, 7.703320245590686177 ) ) ;
#7269 = CARTESIAN_POINT ( 'NONE',  ( 1.535515227524490209E-17, 12.19235930419984015, -3.174999999999999822 ) ) ;
#7270 = DIRECTION ( 'NONE',  ( 0.000000000000000000, -1.000000000000000000, 0.000000000000000000 ) ) ;
#7271 = CARTESIAN_POINT ( 'NONE',  ( 27.22499999999999787, -11.77500000000000036, 9.125000000000008882 ) ) ;
#7272 = VECTOR ( 'NONE', #5988, 1000.000000000000000 ) ;
#7273 = ORIENTED_EDGE ( 'NONE', *, *, #2895, .T. ) ;
#7274 = DIRECTION ( 'NONE',  ( -0.000000000000000000, 1.000000000000000000, -0.000000000000000000 ) ) ;
#7275 = DIRECTION ( 'NONE',  ( 0.000000000000000000, 0.000000000000000000, 1.000000000000000000 ) ) ;
#7276 = ORIENTED_EDGE ( 'NONE', *, *, #7181, .T. ) ;
#7277 = VECTOR ( 'NONE', #4981, 1000.000000000000000 ) ;
#7278 = PLANE ( 'NONE',  #7663 ) ;
#7279 = FACE_OUTER_BOUND ( 'NONE', #8845, .T. ) ;
#7280 = DIRECTION ( 'NONE',  ( 1.000000000000000000, 0.000000000000000000, 0.000000000000000000 ) ) ;
#7281 = DIRECTION ( 'NONE',  ( -0.000000000000000000, -0.000000000000000000, -1.000000000000000000 ) ) ;
#7282 = ORIENTED_EDGE ( 'NONE', *, *, #769, .T. ) ;
#7283 = AXIS2_PLACEMENT_3D ( 'NONE', #482, #2791, #1333 ) ;
#7284 = DIRECTION ( 'NONE',  ( 1.084202172485504631E-15, 0.000000000000000000, 1.000000000000000000 ) ) ;
#7285 = ORIENTED_EDGE ( 'NONE', *, *, #73, .T. ) ;
#7286 = VECTOR ( 'NONE', #75, 1000.000000000000000 ) ;
#7287 = LINE ( 'NONE', #5887, #7395 ) ;
#7288 = LINE ( 'NONE', #2914, #449 ) ;
#7289 = PLANE ( 'NONE',  #5680 ) ;
#7290 = ORIENTED_EDGE ( 'NONE', *, *, #5018, .F. ) ;
#7291 = DIRECTION ( 'NONE',  ( 0.000000000000000000, -1.000000000000000000, 0.000000000000000000 ) ) ;
#7292 = DIRECTION ( 'NONE',  ( 0.03489418781261440644, 0.9992388003036508648, -0.01744177813809458591 ) ) ;
#7293 = LINE ( 'NONE', #8755, #4060 ) ;
#7294 = EDGE_CURVE ( 'NONE', #49, #3999, #8690, .T. ) ;
#7295 = DIRECTION ( 'NONE',  ( -1.000000000000000000, 0.000000000000000000, 0.000000000000000000 ) ) ;
#7296 = ORIENTED_EDGE ( 'NONE', *, *, #3763, .T. ) ;
#7297 = VERTEX_POINT ( 'NONE', #836 ) ;
#7298 = CARTESIAN_POINT ( 'NONE',  ( 43.31380793923467110, -11.77500000000000036, -16.70500000000001961 ) ) ;
#7299 = PRODUCT_DEFINITION_CONTEXT ( 'detailed design', #56, 'design' ) ;
#7300 = ORIENTED_EDGE ( 'NONE', *, *, #5492, .T. ) ;
#7301 = ORIENTED_EDGE ( 'NONE', *, *, #1978, .F. ) ;
#7302 = LINE ( 'NONE', #2967, #6462 ) ;
#7303 = FACE_OUTER_BOUND ( 'NONE', #6685, .T. ) ;
#7304 = ADVANCED_FACE ( 'NONE', ( #797 ), #6598, .F. ) ;
#7305 = EDGE_CURVE ( 'NONE', #617, #474, #3656, .T. ) ;
#7306 = CARTESIAN_POINT ( 'NONE',  ( 38.72500000000000142, -11.77500000000000036, -43.99999999999995737 ) ) ;
#7307 = ORIENTED_EDGE ( 'NONE', *, *, #8561, .T. ) ;
#7308 = CARTESIAN_POINT ( 'NONE',  ( 35.22500000000000142, 0.000000000000000000, 43.47500000000000142 ) ) ;
#7309 = ORIENTED_EDGE ( 'NONE', *, *, #8975, .F. ) ;
#7310 = CARTESIAN_POINT ( 'NONE',  ( -35.22500000000000142, 7.223861876568090346E-23, 0.1250000000000018319 ) ) ;
#7311 = CARTESIAN_POINT ( 'NONE',  ( 38.72500000000000142, -11.77500000000000036, 0.000000000000000000 ) ) ;
#7312 = EDGE_CURVE ( 'NONE', #8473, #8534, #1580, .T. ) ;
#7313 =( REPRESENTATION_RELATIONSHIP ('NONE','NONE', #5123, #7375 ) REPRESENTATION_RELATIONSHIP_WITH_TRANSFORMATION ( #3543 )SHAPE_REPRESENTATION_RELATIONSHIP( ) );
#7314 = LINE ( 'NONE', #3785, #5594 ) ;
#7315 = ORIENTED_EDGE ( 'NONE', *, *, #6712, .F. ) ;
#7316 = ORIENTED_EDGE ( 'NONE', *, *, #3681, .T. ) ;
#7317 = EDGE_CURVE ( 'NONE', #3905, #3057, #4450, .T. ) ;
#7318 = CARTESIAN_POINT ( 'NONE',  ( -36.22499999999999432, -1.779691693111580930, -7.699999999999977973 ) ) ;
#7319 = CARTESIAN_POINT ( 'NONE',  ( 35.22500000000000142, 0.000000000000000000, 10.90000000000000036 ) ) ;
#7320 = ORIENTED_EDGE ( 'NONE', *, *, #9195, .F. ) ;
#7321 = CARTESIAN_POINT ( 'NONE',  ( 36.17618446353107231, -1.443872872067516688, 7.700000000000022382 ) ) ;
#7322 = CARTESIAN_POINT ( 'NONE',  ( -36.22499999999999432, -11.77500000000000036, -7.699999999999977973 ) ) ;
#7323 = CARTESIAN_POINT ( 'NONE',  ( 9.948565889235811505E-18, 7.899400000000000865, 2.362200000000000077 ) ) ;
#7324 = LINE ( 'NONE', #8691, #4227 ) ;
#7325 = ORIENTED_EDGE ( 'NONE', *, *, #6498, .T. ) ;
#7326 = EDGE_CURVE ( 'NONE', #2438, #6417, #1628, .T. ) ;
#7327 = DIRECTION ( 'NONE',  ( 0.000000000000000000, 0.000000000000000000, 1.000000000000000000 ) ) ;
#7328 = DIRECTION ( 'NONE',  ( 0.000000000000000000, 0.000000000000000000, 1.000000000000000000 ) ) ;
#7329 = CARTESIAN_POINT ( 'NONE',  ( 36.22500000000000142, -2.199999999999999734, 31.19999999999999574 ) ) ;
#7330 = CARTESIAN_POINT ( 'NONE',  ( -38.72500000000000142, -11.77500000000000036, 26.89500000000002444 ) ) ;
#7331 = ORIENTED_EDGE ( 'NONE', *, *, #6068, .T. ) ;
#7332 = DIRECTION ( 'NONE',  ( -1.084202172485504631E-15, 0.000000000000000000, 1.000000000000000000 ) ) ;
#7333 = DIRECTION ( 'NONE',  ( 0.000000000000000000, -2.891205793294672410E-16, 1.000000000000000000 ) ) ;
#7334 = CARTESIAN_POINT ( 'NONE',  ( -26.92214126508580918, -10.32024456652248823, -35.80292648205853112 ) ) ;
#7335 = LINE ( 'NONE', #847, #1448 ) ;
#7336 = EDGE_LOOP ( 'NONE', ( #4720, #7355, #7806, #4603 ) ) ;
#7337 = VERTEX_POINT ( 'NONE', #3179 ) ;
#7338 = CARTESIAN_POINT ( 'NONE',  ( -36.22500000000000142, -2.199999999999999734, 35.90000000000001990 ) ) ;
#7339 = CARTESIAN_POINT ( 'NONE',  ( -27.22499999999998721, -10.59437064379734394, 30.72487950256430267 ) ) ;
#7340 = ADVANCED_FACE ( 'NONE', ( #4693 ), #358, .T. ) ;
#7341 = ORIENTED_EDGE ( 'NONE', *, *, #5092, .T. ) ;
#7342 = EDGE_LOOP ( 'NONE', ( #2877, #6437, #4914, #6488 ) ) ;
#7343 = LINE ( 'NONE', #856, #5531 ) ;
#7344 = DIRECTION ( 'NONE',  ( 0.000000000000000000, 0.000000000000000000, -1.000000000000000000 ) ) ;
#7345 = PLANE ( 'NONE',  #6964 ) ;
#7346 = VERTEX_POINT ( 'NONE', #6030 ) ;
#7347 = FACE_OUTER_BOUND ( 'NONE', #8241, .T. ) ;
#7348 = EDGE_CURVE ( 'NONE', #44, #6118, #7637, .T. ) ;
#7349 = EDGE_CURVE ( 'NONE', #2631, #6755, #5495, .T. ) ;
#7350 = ORIENTED_EDGE ( 'NONE', *, *, #5445, .F. ) ;
#7351 = DIRECTION ( 'NONE',  ( 0.000000000000000000, 0.000000000000000000, -1.000000000000000000 ) ) ;
#7352 = DIRECTION ( 'NONE',  ( -0.000000000000000000, 1.000000000000000000, -0.000000000000000000 ) ) ;
#7353 = CARTESIAN_POINT ( 'NONE',  ( -35.22500000000000142, -0.000000000000000000, 21.67500000000000071 ) ) ;
#7354 = ORIENTED_EDGE ( 'NONE', *, *, #5669, .T. ) ;
#7355 = ORIENTED_EDGE ( 'NONE', *, *, #1641, .T. ) ;
#7356 = VECTOR ( 'NONE', #2705, 1000.000000000000000 ) ;
#7357 = DIRECTION ( 'NONE',  ( 1.084202172485504631E-15, 0.000000000000000000, 1.000000000000000000 ) ) ;
#7358 = EDGE_CURVE ( 'NONE', #7810, #8172, #3308, .T. ) ;
#7359 = EDGE_CURVE ( 'NONE', #7103, #7399, #9013, .T. ) ;
#7360 = PLANE ( 'NONE',  #6499 ) ;
#7361 = ORIENTED_EDGE ( 'NONE', *, *, #2487, .T. ) ;
#7362 = DIRECTION ( 'NONE',  ( 5.557958971485069505E-18, -1.119002406258962052E-16, 1.000000000000000000 ) ) ;
#7363 = ADVANCED_FACE ( 'NONE', ( #6739 ), #6210, .F. ) ;
#7364 = DIRECTION ( 'NONE',  ( 0.000000000000000000, 0.000000000000000000, -1.000000000000000000 ) ) ;
#7365 = CARTESIAN_POINT ( 'NONE',  ( -0.3047999999999999599, 3.048000000000000043, -0.4826000000000000290 ) ) ;
#7366 = CARTESIAN_POINT ( 'NONE',  ( 26.49354543725019795, -10.10336944436757456, -28.95243854729163857 ) ) ;
#7367 = AXIS2_PLACEMENT_3D ( 'NONE', #2328, #156, #8820 ) ;
#7368 = ORIENTED_EDGE ( 'NONE', *, *, #5236, .F. ) ;
#7369 = FACE_OUTER_BOUND ( 'NONE', #488, .T. ) ;
#7370 = CARTESIAN_POINT ( 'NONE',  ( 38.72500000000000142, -1.819537539667370973, -12.40000000000000391 ) ) ;
#7371 = CIRCLE ( 'NONE', #7225, 3.809500000000000330 ) ;
#7372 = VECTOR ( 'NONE', #355, 1000.000000000000000 ) ;
#7373 = EDGE_CURVE ( 'NONE', #1428, #6323, #447, .T. ) ;
#7374 = DIRECTION ( 'NONE',  ( 0.000000000000000000, 0.000000000000000000, -1.000000000000000000 ) ) ;
#7375 = SHAPE_REPRESENTATION ( '1021-1.step', ( #2439 ), #8950 ) ;
#7376 = CARTESIAN_POINT ( 'NONE',  ( -38.72500000000000142, -6.275000000000001243, -31.19999999999999929 ) ) ;
#7377 = VERTEX_POINT ( 'NONE', #9111 ) ;
#7378 = FACE_BOUND ( 'NONE', #1585, .T. ) ;
#7379 = EDGE_CURVE ( 'NONE', #445, #384, #5406, .T. ) ;
#7380 = CARTESIAN_POINT ( 'NONE',  ( 38.72500000000000142, -6.275000000000001243, -31.19999999999999929 ) ) ;
#7381 = LINE ( 'NONE', #3762, #6195 ) ;
#7382 = VECTOR ( 'NONE', #5339, 1000.000000000000000 ) ;
#7383 = VECTOR ( 'NONE', #3281, 1000.000000000000000 ) ;
#7384 = VECTOR ( 'NONE', #7943, 1000.000000000000000 ) ;
#7385 = DIRECTION ( 'NONE',  ( 0.000000000000000000, 1.000000000000000000, 0.000000000000000000 ) ) ;
#7386 = VERTEX_POINT ( 'NONE', #6165 ) ;
#7387 = VERTEX_POINT ( 'NONE', #6839 ) ;
#7388 = CARTESIAN_POINT ( 'NONE',  ( -38.72500000000000142, -11.77500000000000036, 0.000000000000000000 ) ) ;
#7389 = CARTESIAN_POINT ( 'NONE',  ( -38.31380793923467110, 0.000000000000000000, -16.70500000000001961 ) ) ;
#7390 = VECTOR ( 'NONE', #2314, 1000.000000000000000 ) ;
#7391 = AXIS2_PLACEMENT_3D ( 'NONE', #7564, #6123, #3981 ) ;
#7392 = ORIENTED_EDGE ( 'NONE', *, *, #2883, .T. ) ;
#7393 = CARTESIAN_POINT ( 'NONE',  ( 38.72500000000000142, -11.77500000000000036, 0.000000000000000000 ) ) ;
#7394 = LINE ( 'NONE', #8905, #425 ) ;
#7395 = VECTOR ( 'NONE', #6605, 1000.000000000000000 ) ;
#7396 = DIRECTION ( 'NONE',  ( -1.000000000000000000, 0.000000000000000000, -0.000000000000000000 ) ) ;
#7397 = EDGE_LOOP ( 'NONE', ( #3239, #3853, #6719, #4211 ) ) ;
#7398 = CARTESIAN_POINT ( 'NONE',  ( -39.35983003675661251, -11.77500000000000036, 21.78393290460574505 ) ) ;
#7399 = VERTEX_POINT ( 'NONE', #3972 ) ;
#7400 = VECTOR ( 'NONE', #5532, 1000.000000000000000 ) ;
#7401 = DIRECTION ( 'NONE',  ( 0.000000000000000000, 0.000000000000000000, -1.000000000000000000 ) ) ;
#7402 = FACE_OUTER_BOUND ( 'NONE', #730, .T. ) ;
#7403 = DIRECTION ( 'NONE',  ( -1.000000000000000000, -0.000000000000000000, -0.000000000000000000 ) ) ;
#7404 = EDGE_CURVE ( 'NONE', #5310, #8517, #397, .T. ) ;
#7405 = EDGE_LOOP ( 'NONE', ( #4476, #7500, #5965, #1013 ) ) ;
#7406 = VECTOR ( 'NONE', #2117, 1000.000000000000000 ) ;
#7407 = LINE ( 'NONE', #8206, #1642 ) ;
#7408 = CARTESIAN_POINT ( 'NONE',  ( -36.22500000000000142, -2.199999999999999734, 34.20000000000000284 ) ) ;
#7409 = ORIENTED_EDGE ( 'NONE', *, *, #2321, .F. ) ;
#7410 = DIRECTION ( 'NONE',  ( -1.000000000000000000, 0.000000000000000000, 0.000000000000000000 ) ) ;
#7411 = ORIENTED_EDGE ( 'NONE', *, *, #3471, .T. ) ;
#7412 = CARTESIAN_POINT ( 'NONE',  ( 36.62499999999999289, 0.000000000000000000, 14.10000000000002274 ) ) ;
#7414 = CARTESIAN_POINT ( 'NONE',  ( 9.596687352960589616E-19, 0.7620000000000000107, 0.01270000000000000122 ) ) ;
#7413 = VECTOR ( 'NONE', #7748, 1000.000000000000000 ) ;
#7415 = CARTESIAN_POINT ( 'NONE',  ( 36.22500000000000142, -2.199999999999999734, 35.90000000000001990 ) ) ;
#7416 = EDGE_CURVE ( 'NONE', #9150, #2879, #3131, .T. ) ;
#7417 = EDGE_CURVE ( 'NONE', #3828, #4701, #2522, .T. ) ;
#7418 = VERTEX_POINT ( 'NONE', #4548 ) ;
#7419 = CARTESIAN_POINT ( 'NONE',  ( -36.15191202463030606, -1.439202975440221799, -14.09984969636126806 ) ) ;
#7420 = EDGE_CURVE ( 'NONE', #3253, #2900, #9065, .T. ) ;
#7421 = EDGE_LOOP ( 'NONE', ( #8314, #313, #8211, #1132, #3162, #1811 ) ) ;
#7422 = CARTESIAN_POINT ( 'NONE',  ( -36.62500000000000000, -11.77500000000000036, 29.50000000000002132 ) ) ;
#7423 = VECTOR ( 'NONE', #7173, 1000.000000000000000 ) ;
#7424 = DIRECTION ( 'NONE',  ( 0.000000000000000000, 0.000000000000000000, -1.000000000000000000 ) ) ;
#7425 = DIRECTION ( 'NONE',  ( -0.000000000000000000, 1.000000000000000000, -0.000000000000000000 ) ) ;
#7426 = DIRECTION ( 'NONE',  ( -0.03489949670250104552, -0.9993908270190956511, -2.421639049184150736E-17 ) ) ;
#7427 = LINE ( 'NONE', #938, #1164 ) ;
#7428 = DIRECTION ( 'NONE',  ( 1.000000000000000000, 0.000000000000000000, 6.938893903907232322E-16 ) ) ;
#7429 = VECTOR ( 'NONE', #4116, 1000.000000000000000 ) ;
#7430 = ADVANCED_FACE ( 'NONE', ( #8256 ), #970, .F. ) ;
#7431 = FACE_OUTER_BOUND ( 'NONE', #2930, .T. ) ;
#7432 = VERTEX_POINT ( 'NONE', #1717 ) ;
#7433 = ORIENTED_EDGE ( 'NONE', *, *, #6544, .F. ) ;
#7434 = ORIENTED_EDGE ( 'NONE', *, *, #6590, .F. ) ;
#7435 = CARTESIAN_POINT ( 'NONE',  ( 36.15191201083782602, -1.439202982863501123, -7.699849687168051737 ) ) ;
#7436 = EDGE_CURVE ( 'NONE', #3355, #2592, #5456, .T. ) ;
#7437 = CARTESIAN_POINT ( 'NONE',  ( -26.22190223355800853, -9.997230042551068507, 28.67785101624511057 ) ) ;
#7438 = VECTOR ( 'NONE', #1268, 1000.000000000000114 ) ;
#7439 = VERTEX_POINT ( 'NONE', #1015 ) ;
#7440 = CARTESIAN_POINT ( 'NONE',  ( -0.3047999999999999599, 3.048000000000000043, 0.4826000000000000290 ) ) ;
#7441 = FACE_OUTER_BOUND ( 'NONE', #9325, .T. ) ;
#7442 = PLANE ( 'NONE',  #5742 ) ;
#7443 = EDGE_LOOP ( 'NONE', ( #4126, #2623, #1523, #844 ) ) ;
#7444 = FACE_OUTER_BOUND ( 'NONE', #8657, .T. ) ;
#7445 = ORIENTED_EDGE ( 'NONE', *, *, #7326, .T. ) ;
#7446 = DIRECTION ( 'NONE',  ( 0.000000000000000000, -0.000000000000000000, -1.000000000000000000 ) ) ;
#7447 = ORIENTED_EDGE ( 'NONE', *, *, #6877, .T. ) ;
#7448 = CARTESIAN_POINT ( 'NONE',  ( 36.62499999999999289, -11.77500000000000036, -30.89499999999997826 ) ) ;
#7449 = ADVANCED_FACE ( 'NONE', ( #1815 ), #6792, .T. ) ;
#7450 = CARTESIAN_POINT ( 'NONE',  ( -0.3047999999999999599, 0.7620000000000000107, 0.3651249999999999774 ) ) ;
#7451 = DIRECTION ( 'NONE',  ( -0.03489949670250104552, -0.9993908270190956511, 2.421639049184150736E-17 ) ) ;
#7452 = ORIENTED_EDGE ( 'NONE', *, *, #8756, .F. ) ;
#7453 = ORIENTED_EDGE ( 'NONE', *, *, #3525, .F. ) ;
#7454 = CARTESIAN_POINT ( 'NONE',  ( -2.454989055573035373, 13.98645140630594064, 3.174999999999999822 ) ) ;
#7455 = LINE ( 'NONE', #3830, #306 ) ;
#7456 = ORIENTED_EDGE ( 'NONE', *, *, #976, .F. ) ;
#7457 = EDGE_CURVE ( 'NONE', #4586, #5237, #4261, .T. ) ;
#7458 = LINE ( 'NONE', #3380, #6293 ) ;
#7459 = EDGE_LOOP ( 'NONE', ( #2410, #1535, #9130, #4942 ) ) ;
#7460 = CARTESIAN_POINT ( 'NONE',  ( -3.022599999999999731, 11.20139999999999958, -2.374900000000000233 ) ) ;
#7461 = DIRECTION ( 'NONE',  ( -1.000000000000000000, -0.000000000000000000, -0.000000000000000000 ) ) ;
#7462 = CARTESIAN_POINT ( 'NONE',  ( -0.3047999999999999599, 0.4826000000000000290, 0.4826000000000000290 ) ) ;
#7463 = ORIENTED_EDGE ( 'NONE', *, *, #8521, .T. ) ;
#7464 = CARTESIAN_POINT ( 'NONE',  ( -35.22500000000000142, -1.819537539667370973, 14.10332024559068920 ) ) ;
#7465 = ORIENTED_EDGE ( 'NONE', *, *, #6196, .F. ) ;
#7466 = CARTESIAN_POINT ( 'NONE',  ( -27.22499999999999787, -10.62779375035100848, 34.47500000000000142 ) ) ;
#7467 = CARTESIAN_POINT ( 'NONE',  ( 36.20056082593406188, -1.519354433625380363, -7.699999999999977973 ) ) ;
#7468 = EDGE_CURVE ( 'NONE', #6487, #198, #2098, .T. ) ;
#7469 = EDGE_CURVE ( 'NONE', #2848, #3057, #1899, .T. ) ;
#7470 = CARTESIAN_POINT ( 'NONE',  ( 35.22500000000000142, 0.7642024215299531020, 43.78112740758417232 ) ) ;
#7471 = DIRECTION ( 'NONE',  ( -1.084202172485504631E-15, 0.000000000000000000, 1.000000000000000000 ) ) ;
#7472 = LINE ( 'NONE', #981, #1929 ) ;
#7473 = LINE ( 'NONE', #1688, #2718 ) ;
#7474 = LINE ( 'NONE', #6752, #6741 ) ;
#7475 = VERTEX_POINT ( 'NONE', #6255 ) ;
#7476 = EDGE_LOOP ( 'NONE', ( #239, #5329, #4974, #8476 ) ) ;
#7477 = VERTEX_POINT ( 'NONE', #8393 ) ;
#7478 = CARTESIAN_POINT ( 'NONE',  ( -2.168404344971009854E-16, 6.324599999999999334, 2.387599999999999945 ) ) ;
#7479 = CARTESIAN_POINT ( 'NONE',  ( 38.31380793923467110, -11.77500000000000036, 16.70500000000001961 ) ) ;
#7480 = EDGE_CURVE ( 'NONE', #7174, #9016, #6304, .T. ) ;
#7481 = ORIENTED_EDGE ( 'NONE', *, *, #290, .F. ) ;
#7482 = LINE ( 'NONE', #6576, #8125 ) ;
#7483 = CARTESIAN_POINT ( 'NONE',  ( -36.22500000000000142, -1.819537539667370973, 7.703320245590689730 ) ) ;
#7484 = EDGE_CURVE ( 'NONE', #2438, #8273, #9152, .T. ) ;
#7485 = CARTESIAN_POINT ( 'NONE',  ( 36.22499999999999432, -6.275000000000001243, -31.19999999999999929 ) ) ;
#7486 = EDGE_LOOP ( 'NONE', ( #1853, #3956, #7447, #8959, #7481 ) ) ;
#7487 = EDGE_LOOP ( 'NONE', ( #657, #2038, #226, #6197 ) ) ;
#7488 = DIRECTION ( 'NONE',  ( 0.000000000000000000, 0.000000000000000000, 1.000000000000000000 ) ) ;
#7489 = ORIENTED_EDGE ( 'NONE', *, *, #8114, .T. ) ;
#7490 = CARTESIAN_POINT ( 'NONE',  ( 24.42795617425251109, -9.659192512834595234, -15.67499999999999361 ) ) ;
#7491 = FACE_OUTER_BOUND ( 'NONE', #5353, .T. ) ;
#7492 = CARTESIAN_POINT ( 'NONE',  ( -3.366374583178094682, 9.084819961172630798, 3.174999999999999822 ) ) ;
#7493 = ORIENTED_EDGE ( 'NONE', *, *, #6124, .F. ) ;
#7494 = DIRECTION ( 'NONE',  ( 1.000000000000000000, 0.000000000000000000, -0.000000000000000000 ) ) ;
#7495 = VECTOR ( 'NONE', #4, 1000.000000000000114 ) ;
#7496 = DIRECTION ( 'NONE',  ( -7.619119494454789124E-17, -2.843494106224449617E-16, -1.000000000000000000 ) ) ;
#7497 = ORIENTED_EDGE ( 'NONE', *, *, #60, .F. ) ;
#7498 = VECTOR ( 'NONE', #1643, 1000.000000000000000 ) ;
#7499 = CARTESIAN_POINT ( 'NONE',  ( -36.22499999999999432, -6.275000000000001243, -31.19999999999999929 ) ) ;
#7500 = ORIENTED_EDGE ( 'NONE', *, *, #739, .F. ) ;
#7501 = DIRECTION ( 'NONE',  ( 0.000000000000000000, 0.000000000000000000, 1.000000000000000000 ) ) ;
#7502 = DIRECTION ( 'NONE',  ( -0.000000000000000000, -1.000000000000000000, 0.000000000000000000 ) ) ;
#7503 = CARTESIAN_POINT ( 'NONE',  ( 3.838674941184240469E-18, 3.048000000000000043, -0.4826000000000000290 ) ) ;
#7504 = VECTOR ( 'NONE', #22, 1000.000000000000000 ) ;
#7505 = CARTESIAN_POINT ( 'NONE',  ( -0.6095901690410590046, 2.316503594301455138, -0.2463955369517839833 ) ) ;
#7506 = DIRECTION ( 'NONE',  ( -1.000000000000000000, 0.000000000000000000, -0.000000000000000000 ) ) ;
#7507 = VERTEX_POINT ( 'NONE', #6359 ) ;
#7508 = AXIS2_PLACEMENT_3D ( 'NONE', #4475, #340, #7396 ) ;
#7509 = DIRECTION ( 'NONE',  ( 0.000000000000000000, 2.891205793294672903E-16, -1.000000000000000000 ) ) ;
#7510 = DIRECTION ( 'NONE',  ( 0.000000000000000000, 0.000000000000000000, -1.000000000000000000 ) ) ;
#7511 = LINE ( 'NONE', #273, #3567 ) ;
#7512 = CARTESIAN_POINT ( 'NONE',  ( -0.3047999999999999599, 0.7620000000000000107, 0.01270000000000000122 ) ) ;
#7513 = EDGE_CURVE ( 'NONE', #5121, #1160, #9348, .T. ) ;
#7514 = VECTOR ( 'NONE', #2286, 1000.000000000000000 ) ;
#7515 = DIRECTION ( 'NONE',  ( -0.000000000000000000, -1.000000000000000000, 0.000000000000000000 ) ) ;
#7516 = ORIENTED_EDGE ( 'NONE', *, *, #8685, .F. ) ;
#7517 = VECTOR ( 'NONE', #7226, 1000.000000000000000 ) ;
#7518 = ORIENTED_EDGE ( 'NONE', *, *, #8292, .T. ) ;
#7519 = ORIENTED_EDGE ( 'NONE', *, *, #8261, .F. ) ;
#7520 = CARTESIAN_POINT ( 'NONE',  ( -36.62500000000000000, 0.000000000000000000, 7.700000000000022382 ) ) ;
#7521 = CARTESIAN_POINT ( 'NONE',  ( 36.22499999999999432, -6.275000000000001243, -9.399999999999998579 ) ) ;
#7522 = ORIENTED_EDGE ( 'NONE', *, *, #2372, .T. ) ;
#7523 = DIRECTION ( 'NONE',  ( 0.000000000000000000, 0.000000000000000000, -1.000000000000000000 ) ) ;
#7524 = CIRCLE ( 'NONE', #8574, 3.000000000000000000 ) ;
#7525 = CARTESIAN_POINT ( 'NONE',  ( 36.62499999999999289, -11.77500000000000036, -34.50499999999998124 ) ) ;
#7526 = VECTOR ( 'NONE', #2587, 1000.000000000000000 ) ;
#7527 = CARTESIAN_POINT ( 'NONE',  ( -36.22499999999999432, -6.275000000000001243, -9.399999999999998579 ) ) ;
#7528 = ORIENTED_EDGE ( 'NONE', *, *, #8682, .T. ) ;
#7529 = ADVANCED_FACE ( 'NONE', ( #4979 ), #1348, .F. ) ;
#7530 = LINE ( 'NONE', #197, #3247 ) ;
#7531 = EDGE_CURVE ( 'NONE', #1363, #6715, #8585, .T. ) ;
#7532 = ORIENTED_EDGE ( 'NONE', *, *, #8735, .F. ) ;
#7533 = DIRECTION ( 'NONE',  ( -0.03489949670250104552, 0.9993908270190956511, 0.000000000000000000 ) ) ;
#7534 = VECTOR ( 'NONE', #8846, 1000.000000000000000 ) ;
#7535 = EDGE_CURVE ( 'NONE', #3089, #5630, #2708, .T. ) ;
#7536 = VECTOR ( 'NONE', #5075, 1000.000000000000000 ) ;
#7537 = VECTOR ( 'NONE', #2884, 1000.000000000000000 ) ;
#7538 = ORIENTED_EDGE ( 'NONE', *, *, #7142, .F. ) ;
#7539 = LINE ( 'NONE', #246, #4169 ) ;
#7540 = CARTESIAN_POINT ( 'NONE',  ( -9.830958940524379576E-06, 2.316503594301459579, 0.2476499999999999813 ) ) ;
#7541 = VECTOR ( 'NONE', #6270, 1000.000000000000114 ) ;
#7542 = VECTOR ( 'NONE', #2724, 1000.000000000000000 ) ;
#7543 = CARTESIAN_POINT ( 'NONE',  ( -43.31380793923467110, 0.000000000000000000, 16.70500000000001961 ) ) ;
#7544 = EDGE_CURVE ( 'NONE', #8515, #1424, #7784, .T. ) ;
#7545 = CARTESIAN_POINT ( 'NONE',  ( -43.31380793923467110, -11.77500000000000036, 16.70500000000001961 ) ) ;
#7546 = EDGE_CURVE ( 'NONE', #2414, #8408, #3034, .T. ) ;
#7547 = VECTOR ( 'NONE', #8050, 1000.000000000000000 ) ;
#7548 = CARTESIAN_POINT ( 'NONE',  ( 35.22500000000000142, 0.000000000000000000, -43.79446661047027334 ) ) ;
#7549 = PLANE ( 'NONE',  #6825 ) ;
#7550 = ORIENTED_EDGE ( 'NONE', *, *, #3006, .F. ) ;
#7551 = CARTESIAN_POINT ( 'NONE',  ( -36.15196530988674795, -1.439218638768963832, -7.699829940146781126 ) ) ;
#7552 = EDGE_LOOP ( 'NONE', ( #6534, #8465, #8, #2327 ) ) ;
#7553 = DIRECTION ( 'NONE',  ( -0.000000000000000000, 1.000000000000000000, -0.000000000000000000 ) ) ;
#7554 = DIRECTION ( 'NONE',  ( -1.000000000000000000, 0.000000000000000000, -0.000000000000000000 ) ) ;
#7555 = CARTESIAN_POINT ( 'NONE',  ( 36.62500000000000000, 0.000000000000000000, -14.09999999999997655 ) ) ;
#7556 = VECTOR ( 'NONE', #4232, 1000.000000000000000 ) ;
#7557 = EDGE_LOOP ( 'NONE', ( #2686, #1849, #8897, #543 ) ) ;
#7558 = CARTESIAN_POINT ( 'NONE',  ( -36.22499999999999432, -11.77500000000000036, -7.699999999999977973 ) ) ;
#7559 = PLANE ( 'NONE',  #299 ) ;
#7560 = VERTEX_POINT ( 'NONE', #4115 ) ;
#7561 = AXIS2_PLACEMENT_3D ( 'NONE', #8207, #8350, #6920 ) ;
#7562 = VECTOR ( 'NONE', #693, 1000.000000000000000 ) ;
#7563 = LINE ( 'NONE', #3844, #7356 ) ;
#7564 = CARTESIAN_POINT ( 'NONE',  ( 39.35983003675661251, -11.77500000000000036, 21.78393290460574505 ) ) ;
#7565 = DIRECTION ( 'NONE',  ( 1.000000000000000000, 0.000000000000000000, 0.000000000000000000 ) ) ;
#7566 = FACE_OUTER_BOUND ( 'NONE', #588, .T. ) ;
#7567 = VECTOR ( 'NONE', #4654, 1000.000000000000000 ) ;
#7568 = CARTESIAN_POINT ( 'NONE',  ( -36.62500000000000000, -11.77500000000000036, -14.09999999999997655 ) ) ;
#7569 = VERTEX_POINT ( 'NONE', #8538 ) ;
#7570 = ORIENTED_EDGE ( 'NONE', *, *, #3227, .T. ) ;
#7571 = DIRECTION ( 'NONE',  ( 0.000000000000000000, 0.000000000000000000, -1.000000000000000000 ) ) ;
#7572 = CARTESIAN_POINT ( 'NONE',  ( -25.02463851276271711, -9.708811568194555264, 28.02649691059454895 ) ) ;
#7573 = ORIENTED_EDGE ( 'NONE', *, *, #7640, .T. ) ;
#7574 = CARTESIAN_POINT ( 'NONE',  ( -24.22500000000000142, -11.77500000000000036, -9.125000000000008882 ) ) ;
#7575 = EDGE_CURVE ( 'NONE', #4166, #6447, #9205, .T. ) ;
#7576 = VECTOR ( 'NONE', #4888, 1000.000000000000000 ) ;
#7577 = DIRECTION ( 'NONE',  ( 1.000000000000000000, 0.000000000000000000, 0.000000000000000000 ) ) ;
#7578 = FACE_BOUND ( 'NONE', #8293, .T. ) ;
#7579 = ORIENTED_EDGE ( 'NONE', *, *, #1739, .T. ) ;
#7580 = LINE ( 'NONE', #2462, #2217 ) ;
#7581 = ORIENTED_EDGE ( 'NONE', *, *, #9195, .T. ) ;
#7582 = DIRECTION ( 'NONE',  ( 0.000000000000000000, -1.000000000000000000, 0.000000000000000000 ) ) ;
#7583 = VECTOR ( 'NONE', #4104, 1000.000000000000000 ) ;
#7584 = CIRCLE ( 'NONE', #4238, 0.9398000000000001908 ) ;
#7585 = EDGE_LOOP ( 'NONE', ( #1662, #9298, #7006, #483 ) ) ;
#7586 = EDGE_CURVE ( 'NONE', #1646, #3916, #4784, .T. ) ;
#7587 = CARTESIAN_POINT ( 'NONE',  ( 26.61638925924249222, -10.15838743722348880, -14.49678432829842301 ) ) ;
#7588 = EDGE_CURVE ( 'NONE', #6404, #4881, #2712, .T. ) ;
#7589 = CARTESIAN_POINT ( 'NONE',  ( -9.830958940036490292E-06, 1.493496405698544249, 0.4434416666666664564 ) ) ;
#7590 = DIRECTION ( 'NONE',  ( 0.000000000000000000, 0.000000000000000000, -1.000000000000000000 ) ) ;
#7591 = CARTESIAN_POINT ( 'NONE',  ( 36.62500000000000000, 0.000000000000000000, 7.700000000000022382 ) ) ;
#7592 = LINE ( 'NONE', #7778, #8014 ) ;
#7593 = CARTESIAN_POINT ( 'NONE',  ( 1.535515227524490209E-17, 12.19235930419984015, 3.174999999999999822 ) ) ;
#7594 = ORIENTED_EDGE ( 'NONE', *, *, #4868, .F. ) ;
#7595 = EDGE_CURVE ( 'NONE', #428, #63, #734, .T. ) ;
#7596 = ORIENTED_EDGE ( 'NONE', *, *, #853, .F. ) ;
#7597 = LINE ( 'NONE', #1111, #3404 ) ;
#7598 = DIRECTION ( 'NONE',  ( -1.000000000000000000, 0.000000000000000000, -0.000000000000000000 ) ) ;
#7599 = EDGE_CURVE ( 'NONE', #6034, #1239, #994, .T. ) ;
#7600 = CARTESIAN_POINT ( 'NONE',  ( -43.31380793923467110, 0.000000000000000000, 16.70500000000001961 ) ) ;
#7601 = PRODUCT_DEFINITION ( 'UNKNOWN', '', #5459, #3672 ) ;
#7602 = ORIENTED_EDGE ( 'NONE', *, *, #6013, .T. ) ;
#7603 = DIRECTION ( 'NONE',  ( 0.000000000000000000, 0.000000000000000000, -1.000000000000000000 ) ) ;
#7604 = CARTESIAN_POINT ( 'NONE',  ( -0.3047999999999999599, 12.19235930419984015, 2.374900000000000233 ) ) ;
#7605 = ORIENTED_EDGE ( 'NONE', *, *, #8294, .F. ) ;
#7606 = LINE ( 'NONE', #8221, #2840 ) ;
#7607 = FACE_OUTER_BOUND ( 'NONE', #6954, .T. ) ;
#7608 = CARTESIAN_POINT ( 'NONE',  ( -27.22499999999999787, -11.77500000000000036, -9.125000000000008882 ) ) ;
#7609 = CARTESIAN_POINT ( 'NONE',  ( -3.022599999999999731, 11.20139999999999958, 2.374900000000000233 ) ) ;
#7610 = VERTEX_POINT ( 'NONE', #25 ) ;
#7611 = ORIENTED_EDGE ( 'NONE', *, *, #8057, .F. ) ;
#7612 = LINE ( 'NONE', #8231, #3741 ) ;
#7613 = DIRECTION ( 'NONE',  ( 0.000000000000000000, 0.000000000000000000, -1.000000000000000000 ) ) ;
#7614 = VERTEX_POINT ( 'NONE', #5335 ) ;
#7615 = DIRECTION ( 'NONE',  ( -7.619119494454789124E-17, -2.843494106224449617E-16, 1.000000000000000000 ) ) ;
#7616 = DIRECTION ( 'NONE',  ( 1.084202172485504631E-15, 0.000000000000000000, 1.000000000000000000 ) ) ;
#7617 = DIRECTION ( 'NONE',  ( 0.000000000000000000, 0.000000000000000000, -1.000000000000000000 ) ) ;
#7618 = ORIENTED_EDGE ( 'NONE', *, *, #2725, .T. ) ;
#7619 = ORIENTED_EDGE ( 'NONE', *, *, #3227, .F. ) ;
#7620 = CARTESIAN_POINT ( 'NONE',  ( 2.879006205888179966E-18, 3.048000000000000043, -0.4826000000000000290 ) ) ;
#7621 = EDGE_CURVE ( 'NONE', #53, #1984, #3155, .T. ) ;
#7622 = VERTEX_POINT ( 'NONE', #6003 ) ;
#7623 = EDGE_LOOP ( 'NONE', ( #567, #4611, #995, #5006 ) ) ;
#7624 = DIRECTION ( 'NONE',  ( -0.000000000000000000, 1.000000000000000000, -0.000000000000000000 ) ) ;
#7625 = LINE ( 'NONE', #3923, #4349 ) ;
#7626 = CARTESIAN_POINT ( 'NONE',  ( 35.89383020687871806, -1.221307247785284655, -7.699999999999975309 ) ) ;
#7627 = ORIENTED_EDGE ( 'NONE', *, *, #6095, .T. ) ;
#7628 = CARTESIAN_POINT ( 'NONE',  ( 27.22499999999999787, -9.659192512834595234, -9.125000000000008882 ) ) ;
#7629 = ADVANCED_FACE ( 'NONE', ( #7968 ), #3645, .F. ) ;
#7630 = EDGE_CURVE ( 'NONE', #5994, #1746, #5739, .T. ) ;
#7631 = CYLINDRICAL_SURFACE ( 'NONE', #4965, 0.3047999999999999599 ) ;
#7632 = DIRECTION ( 'NONE',  ( 1.000000000000000000, 0.000000000000000000, 0.000000000000000000 ) ) ;
#7633 = CARTESIAN_POINT ( 'NONE',  ( 38.72500000000000142, -11.77500000000000036, 30.89500000000002089 ) ) ;
#7634 = ORIENTED_EDGE ( 'NONE', *, *, #136, .F. ) ;
#7635 = VERTEX_POINT ( 'NONE', #7527 ) ;
#7636 = CARTESIAN_POINT ( 'NONE',  ( 35.22500000000000142, -6.275000000000000355, -34.20000000000000995 ) ) ;
#7637 = LINE ( 'NONE', #8354, #4982 ) ;
#7638 = DIRECTION ( 'NONE',  ( 6.938893903907232322E-16, 0.000000000000000000, -1.000000000000000000 ) ) ;
#7639 = VERTEX_POINT ( 'NONE', #338 ) ;
#7640 = EDGE_CURVE ( 'NONE', #3739, #1743, #8638, .T. ) ;
#7641 = EDGE_CURVE ( 'NONE', #5942, #1746, #6680, .T. ) ;
#7642 = VECTOR ( 'NONE', #1462, 1000.000000000000000 ) ;
#7643 = CARTESIAN_POINT ( 'NONE',  ( -0.3047999999999999599, 0.7620000000000000107, -0.01019107390356895938 ) ) ;
#7644 = VECTOR ( 'NONE', #2917, 1000.000000000000000 ) ;
#7645 = EDGE_CURVE ( 'NONE', #8909, #3938, #7921, .T. ) ;
#7646 = CARTESIAN_POINT ( 'NONE',  ( 36.22500000000000142, -2.199999999999999734, 35.90000000000001990 ) ) ;
#7647 = ORIENTED_EDGE ( 'NONE', *, *, #5150, .F. ) ;
#7648 = DIRECTION ( 'NONE',  ( -0.000000000000000000, 1.000000000000000000, 5.528999126619305500E-16 ) ) ;
#7649 = DIRECTION ( 'NONE',  ( -0.8587137004641421933, 0.5124556377240662153, 0.000000000000000000 ) ) ;
#7650 = AXIS2_PLACEMENT_3D ( 'NONE', #5184, #7425, #43 ) ;
#7651 = CARTESIAN_POINT ( 'NONE',  ( -0.3047999999999999599, 12.19235930419984015, 2.374900000000000233 ) ) ;
#7652 = FACE_OUTER_BOUND ( 'NONE', #3133, .T. ) ;
#7653 = EDGE_LOOP ( 'NONE', ( #5527, #4639, #8199, #4927 ) ) ;
#7654 = ADVANCED_FACE ( 'NONE', ( #5242 ), #2413, .T. ) ;
#7655 = ORIENTED_EDGE ( 'NONE', *, *, #8513, .F. ) ;
#7656 = LINE ( 'NONE', #1871, #2678 ) ;
#7657 = DIRECTION ( 'NONE',  ( 0.000000000000000000, 1.000000000000000000, 0.000000000000000000 ) ) ;
#7658 = ADVANCED_FACE ( 'NONE', ( #2188 ), #4614, .F. ) ;
#7659 = ORIENTED_EDGE ( 'NONE', *, *, #8226, .T. ) ;
#7660 = FACE_OUTER_BOUND ( 'NONE', #7141, .T. ) ;
#7661 = DIRECTION ( 'NONE',  ( 0.000000000000000000, 1.000000000000000000, -0.000000000000000000 ) ) ;
#7662 = DIRECTION ( 'NONE',  ( -0.000000000000000000, 1.000000000000000000, -0.000000000000000000 ) ) ;
#7663 = AXIS2_PLACEMENT_3D ( 'NONE', #5828, #8732, #2248 ) ;
#7664 = ORIENTED_EDGE ( 'NONE', *, *, #4385, .T. ) ;
#7665 = ORIENTED_EDGE ( 'NONE', *, *, #6526, .F. ) ;
#7666 = ORIENTED_EDGE ( 'NONE', *, *, #6373, .T. ) ;
#7667 = CARTESIAN_POINT ( 'NONE',  ( -39.35983003675661251, 0.000000000000000000, -21.78393290460574505 ) ) ;
#7668 = VERTEX_POINT ( 'NONE', #2460 ) ;
#7669 = AXIS2_PLACEMENT_3D ( 'NONE', #7398, #6684, #1606 ) ;
#7670 = VECTOR ( 'NONE', #1090, 1000.000000000000000 ) ;
#7671 = ORIENTED_EDGE ( 'NONE', *, *, #5606, .T. ) ;
#7672 = VECTOR ( 'NONE', #7351, 1000.000000000000000 ) ;
#7673 = CARTESIAN_POINT ( 'NONE',  ( 24.22499999999999787, -11.77500000000000036, -34.47500000000000142 ) ) ;
#7674 = CARTESIAN_POINT ( 'NONE',  ( 36.22500000000000142, -0.8195375396673710844, 7.703320245590689730 ) ) ;
#7675 = VECTOR ( 'NONE', #812, 1000.000000000000000 ) ;
#7676 = VECTOR ( 'NONE', #7471, 1000.000000000000000 ) ;
#7677 = ORIENTED_EDGE ( 'NONE', *, *, #7294, .F. ) ;
#7678 = ORIENTED_EDGE ( 'NONE', *, *, #1678, .F. ) ;
#7679 = DIRECTION ( 'NONE',  ( -1.000000000000000000, -0.000000000000000000, -0.000000000000000000 ) ) ;
#7680 = VECTOR ( 'NONE', #3571, 1000.000000000000114 ) ;
#7681 = DIRECTION ( 'NONE',  ( 1.000000000000000000, -1.259407789102440013E-18, 0.000000000000000000 ) ) ;
#7682 = CARTESIAN_POINT ( 'NONE',  ( 35.22500000000000142, 0.000000000000000000, -9.399999999999998579 ) ) ;
#7683 = DIRECTION ( 'NONE',  ( -1.000000000000000000, 0.000000000000000000, 0.000000000000000000 ) ) ;
#7684 = ORIENTED_EDGE ( 'NONE', *, *, #8575, .F. ) ;
#7685 = CIRCLE ( 'NONE', #8751, 10.77500000000000036 ) ;
#7686 = VECTOR ( 'NONE', #9359, 1000.000000000000000 ) ;
#7687 = EDGE_LOOP ( 'NONE', ( #5113, #8917, #4149, #7863, #7581, #4105, #7411, #5396 ) ) ;
#7688 = CARTESIAN_POINT ( 'NONE',  ( -36.22499999999999432, -1.819537539667370973, -9.399999999999998579 ) ) ;
#7689 = ADVANCED_FACE ( 'NONE', ( #8852 ), #7442, .T. ) ;
#7690 = CARTESIAN_POINT ( 'NONE',  ( -25.21059208921509764, -9.736852453990747946, -28.08464377113361721 ) ) ;
#7691 = FACE_OUTER_BOUND ( 'NONE', #8945, .T. ) ;
#7692 = ORIENTED_EDGE ( 'NONE', *, *, #3937, .T. ) ;
#7693 = VECTOR ( 'NONE', #6449, 1000.000000000000000 ) ;
#7694 = FACE_OUTER_BOUND ( 'NONE', #7421, .T. ) ;
#7695 = DIRECTION ( 'NONE',  ( 1.000000000000000000, -0.000000000000000000, 0.000000000000000000 ) ) ;
#7696 = ORIENTED_EDGE ( 'NONE', *, *, #4275, .F. ) ;
#7697 = CYLINDRICAL_SURFACE ( 'NONE', #1031, 3.809500000000000330 ) ;
#7698 = EDGE_CURVE ( 'NONE', #8305, #1363, #6350, .T. ) ;
#7699 = AXIS2_PLACEMENT_3D ( 'NONE', #6702, #933, #4375 ) ;
#7700 = CARTESIAN_POINT ( 'NONE',  ( -36.62499999999999289, -11.77500000000000036, -12.70499999999998053 ) ) ;
#7701 = ADVANCED_FACE ( 'NONE', ( #1483 ), #3912, .T. ) ;
#7702 = LINE ( 'NONE', #9119, #5137 ) ;
#7703 = EDGE_CURVE ( 'NONE', #5851, #7948, #5951, .T. ) ;
#7704 = FACE_OUTER_BOUND ( 'NONE', #6878, .T. ) ;
#7705 = VERTEX_POINT ( 'NONE', #4572 ) ;
#7706 = ORIENTED_EDGE ( 'NONE', *, *, #7193, .T. ) ;
#7707 = CARTESIAN_POINT ( 'NONE',  ( -24.22500000000000142, -11.77500000000000036, -12.67499999999999538 ) ) ;
#7708 = AXIS2_PLACEMENT_3D ( 'NONE', #1852, #1009, #1148 ) ;
#7709 = DIRECTION ( 'NONE',  ( 0.000000000000000000, -0.000000000000000000, 1.000000000000000000 ) ) ;
#7710 = VERTEX_POINT ( 'NONE', #7485 ) ;
#7711 = DIRECTION ( 'NONE',  ( 1.000000000000000000, 0.000000000000000000, 6.938893903907232322E-16 ) ) ;
#7712 = CARTESIAN_POINT ( 'NONE',  ( -36.62500000000000000, 0.000000000000000000, -29.49999999999997868 ) ) ;
#7713 = ADVANCED_FACE ( 'NONE', ( #6764 ), #2364, .F. ) ;
#7714 = LINE ( 'NONE', #471, #5888 ) ;
#7715 = AXIS2_PLACEMENT_3D ( 'NONE', #8145, #8954, #7270 ) ;
#7716 = VERTEX_POINT ( 'NONE', #5476 ) ;
#7717 = EDGE_CURVE ( 'NONE', #1077, #1657, #4134, .T. ) ;
#7718 = LINE ( 'NONE', #1234, #8857 ) ;
#7719 = ORIENTED_EDGE ( 'NONE', *, *, #1724, .T. ) ;
#7720 = DIRECTION ( 'NONE',  ( -1.000000000000000000, 0.000000000000000000, 0.000000000000000000 ) ) ;
#7721 = ORIENTED_EDGE ( 'NONE', *, *, #4034, .F. ) ;
#7722 = VECTOR ( 'NONE', #927, 1000.000000000000000 ) ;
#7723 = CARTESIAN_POINT ( 'NONE',  ( 35.22500000000000142, 0.7642024215296435719, -43.78112740758417942 ) ) ;
#7724 = ORIENTED_EDGE ( 'NONE', *, *, #2006, .F. ) ;
#7725 = CARTESIAN_POINT ( 'NONE',  ( -35.84313430692314029, -1.439075079334741991, -7.703320245590689730 ) ) ;
#7726 = DIRECTION ( 'NONE',  ( 1.000000000000000000, 0.000000000000000000, 0.000000000000000000 ) ) ;
#7727 = DIRECTION ( 'NONE',  ( -0.03489949670250104552, -0.9993908270190956511, 0.000000000000000000 ) ) ;
#7728 = VECTOR ( 'NONE', #3245, 1000.000000000000000 ) ;
#7729 = VERTEX_POINT ( 'NONE', #1092 ) ;
#7730 = DIRECTION ( 'NONE',  ( 1.000000000000000000, 0.000000000000000000, -0.000000000000000000 ) ) ;
#7731 = DIRECTION ( 'NONE',  ( 0.000000000000000000, -1.000000000000000000, -5.528999126619305500E-16 ) ) ;
#7732 = DIRECTION ( 'NONE',  ( 1.000000000000000000, 0.000000000000000000, -0.000000000000000000 ) ) ;
#7733 = CONTEXT_DEPENDENT_SHAPE_REPRESENTATION ( #772, #5645 ) ;
#7734 = ORIENTED_EDGE ( 'NONE', *, *, #2129, .F. ) ;
#7735 = AXIS2_PLACEMENT_3D ( 'NONE', #6072, #1711, #2473 ) ;
#7736 = DIRECTION ( 'NONE',  ( 0.03489949670250104552, 0.9993908270190956511, 0.000000000000000000 ) ) ;
#7737 = VERTEX_POINT ( 'NONE', #4809 ) ;
#7738 = CARTESIAN_POINT ( 'NONE',  ( -25.74643293631219976, -9.850655169012769719, -6.531980526307779478 ) ) ;
#7739 = DIRECTION ( 'NONE',  ( 1.000000000000000000, 0.000000000000000000, -0.000000000000000000 ) ) ;
#7740 = LINE ( 'NONE', #642, #3307 ) ;
#7741 = ORIENTED_EDGE ( 'NONE', *, *, #912, .T. ) ;
#7742 = DIRECTION ( 'NONE',  ( 0.000000000000000000, -0.000000000000000000, 1.000000000000000000 ) ) ;
#7743 = EDGE_CURVE ( 'NONE', #8172, #9271, #7043, .T. ) ;
#7744 = CARTESIAN_POINT ( 'NONE',  ( -39.35983003675661251, -1.399999999999999911, -25.59343290460574494 ) ) ;
#7745 = VERTEX_POINT ( 'NONE', #5570 ) ;
#7746 = CARTESIAN_POINT ( 'NONE',  ( 9.596687352960589616E-19, 0.7620000000000000107, -0.4826000000000000290 ) ) ;
#7747 = CARTESIAN_POINT ( 'NONE',  ( -0.3047999999999999599, 7.899400000000000865, 2.362200000000000077 ) ) ;
#7748 = DIRECTION ( 'NONE',  ( 0.000000000000000000, -1.000000000000000000, 0.000000000000000000 ) ) ;
#7749 = DIRECTION ( 'NONE',  ( -0.000000000000000000, 1.000000000000000000, 2.891205793294672410E-16 ) ) ;
#7750 = ORIENTED_EDGE ( 'NONE', *, *, #5891, .T. ) ;
#7751 = VERTEX_POINT ( 'NONE', #6229 ) ;
#7752 = CARTESIAN_POINT ( 'NONE',  ( -36.62499999999999289, -11.77500000000000036, 35.90000000000001990 ) ) ;
#7753 = ADVANCED_FACE ( 'NONE', ( #7578, #4093 ), #8331, .F. ) ;
#7754 = EDGE_CURVE ( 'NONE', #8367, #7710, #6952, .T. ) ;
#7755 = LINE ( 'NONE', #9170, #1798 ) ;
#7756 = DIRECTION ( 'NONE',  ( 0.000000000000000000, 0.000000000000000000, 1.000000000000000000 ) ) ;
#7757 = ORIENTED_EDGE ( 'NONE', *, *, #3690, .F. ) ;
#7758 =( NAMED_UNIT ( * ) PLANE_ANGLE_UNIT ( ) SI_UNIT ( $, .RADIAN. ) );
#7759 = PLANE ( 'NONE',  #6156 ) ;
#7760 = DIRECTION ( 'NONE',  ( 0.000000000000000000, -1.000000000000000000, 0.000000000000000000 ) ) ;
#7761 = VERTEX_POINT ( 'NONE', #4715 ) ;
#7762 = CARTESIAN_POINT ( 'NONE',  ( -36.22499999999999432, -11.77500000000000036, -12.40000000000000391 ) ) ;
#7763 = ORIENTED_EDGE ( 'NONE', *, *, #924, .F. ) ;
#7764 = ORIENTED_EDGE ( 'NONE', *, *, #6346, .T. ) ;
#7765 = CARTESIAN_POINT ( 'NONE',  ( -35.22500000000000142, -1.819537539667370973, 7.703320245590687954 ) ) ;
#7766 = EDGE_CURVE ( 'NONE', #4545, #2274, #2418, .T. ) ;
#7767 = ORIENTED_EDGE ( 'NONE', *, *, #312, .T. ) ;
#7768 = EDGE_CURVE ( 'NONE', #9331, #7346, #6187, .T. ) ;
#7769 = ORIENTED_EDGE ( 'NONE', *, *, #9053, .T. ) ;
#7770 = CARTESIAN_POINT ( 'NONE',  ( -35.22500000000000142, 0.000000000000000000, 0.000000000000000000 ) ) ;
#7771 = LINE ( 'NONE', #434, #7824 ) ;
#7772 = CARTESIAN_POINT ( 'NONE',  ( -38.31380793923467110, -11.77500000000000036, 16.70500000000001961 ) ) ;
#7773 = EDGE_LOOP ( 'NONE', ( #8555, #6540, #8594, #8023 ) ) ;
#7774 = VERTEX_POINT ( 'NONE', #424 ) ;
#7775 = DIRECTION ( 'NONE',  ( 0.03489949670250104552, 0.9993908270190956511, 0.000000000000000000 ) ) ;
#7776 = ADVANCED_FACE ( 'NONE', ( #6099 ), #6900, .F. ) ;
#7777 = CARTESIAN_POINT ( 'NONE',  ( -0.3047999999999999599, 6.324599999999999334, -3.174999999999999822 ) ) ;
#7778 = CARTESIAN_POINT ( 'NONE',  ( 27.22499999999999787, -11.77500000000000036, -37.47500000000000142 ) ) ;
#7779 = APPLICATION_PROTOCOL_DEFINITION ( 'draft international standard', 'automotive_design', 1998, #4291 ) ;
#7780 = ORIENTED_EDGE ( 'NONE', *, *, #8624, .T. ) ;
#7781 = EDGE_CURVE ( 'NONE', #2740, #4685, #7714, .T. ) ;
#7782 = CARTESIAN_POINT ( 'NONE',  ( -36.62500000000000000, -11.77500000000000036, -14.09999999999997655 ) ) ;
#7783 = DIRECTION ( 'NONE',  ( -1.000000000000000000, 0.000000000000000000, -1.084202172485504631E-15 ) ) ;
#7784 = LINE ( 'NONE', #3548, #8338 ) ;
#7785 = LINE ( 'NONE', #3504, #5144 ) ;
#7786 = ORIENTED_EDGE ( 'NONE', *, *, #7645, .T. ) ;
#7787 = CARTESIAN_POINT ( 'NONE',  ( -24.62915442669686783, -9.669406056536464789, -15.65449678801095601 ) ) ;
#7788 = CARTESIAN_POINT ( 'NONE',  ( 24.22500000000000142, -11.77500000000000036, -27.92499999999999716 ) ) ;
#7789 = EDGE_LOOP ( 'NONE', ( #373, #8874, #3872, #6572 ) ) ;
#7790 = CARTESIAN_POINT ( 'NONE',  ( -35.39166666666665861, -1.199999999999999734, -14.09999999999997655 ) ) ;
#7791 = LINE ( 'NONE', #650, #1532 ) ;
#7792 = CYLINDRICAL_SURFACE ( 'NONE', #6667, 3.809500000000000330 ) ;
#7793 = DIRECTION ( 'NONE',  ( 0.000000000000000000, 0.000000000000000000, -1.000000000000000000 ) ) ;
#7794 = VERTEX_POINT ( 'NONE', #8994 ) ;
#7795 = ORIENTED_EDGE ( 'NONE', *, *, #1401, .T. ) ;
#7796 = CARTESIAN_POINT ( 'NONE',  ( -36.62500000000000000, -11.77500000000000036, 7.700000000000022382 ) ) ;
#7797 = DIRECTION ( 'NONE',  ( -1.000000000000000000, 0.000000000000000000, 0.000000000000000000 ) ) ;
#7798 = CIRCLE ( 'NONE', #3699, 3.809500000000000330 ) ;
#7799 = CARTESIAN_POINT ( 'NONE',  ( -39.35983003675661251, 0.000000000000000000, -17.94943290460574659 ) ) ;
#7800 = ORIENTED_EDGE ( 'NONE', *, *, #3748, .T. ) ;
#7801 = CARTESIAN_POINT ( 'NONE',  ( 38.72500000000000142, -11.77500000000000036, 0.000000000000000000 ) ) ;
#7802 = CARTESIAN_POINT ( 'NONE',  ( -38.72500000000000142, -6.275000000000000355, 9.399999999999995026 ) ) ;
#7803 = DIRECTION ( 'NONE',  ( 1.000000000000000000, 0.000000000000000000, -0.000000000000000000 ) ) ;
#7804 = EDGE_CURVE ( 'NONE', #5468, #1233, #1272, .T. ) ;
#7805 = CARTESIAN_POINT ( 'NONE',  ( 39.35983003675661251, 0.000000000000000000, -20.68393290460574718 ) ) ;
#7806 = ORIENTED_EDGE ( 'NONE', *, *, #1953, .F. ) ;
#7807 = AXIS2_PLACEMENT_3D ( 'NONE', #7827, #4922, #2146 ) ;
#7808 = ORIENTED_EDGE ( 'NONE', *, *, #5667, .F. ) ;
#7809 = FACE_OUTER_BOUND ( 'NONE', #1723, .T. ) ;
#7810 = VERTEX_POINT ( 'NONE', #6857 ) ;
#7811 = ORIENTED_EDGE ( 'NONE', *, *, #2, .T. ) ;
#7812 = FACE_OUTER_BOUND ( 'NONE', #7162, .T. ) ;
#7813 = DIRECTION ( 'NONE',  ( 0.000000000000000000, 0.000000000000000000, -1.000000000000000000 ) ) ;
#7814 = ADVANCED_FACE ( 'NONE', ( #9043 ), #3329, .T. ) ;
#7815 = EDGE_CURVE ( 'NONE', #2241, #3359, #5381, .T. ) ;
#7816 = FACE_OUTER_BOUND ( 'NONE', #2943, .T. ) ;
#7817 = EDGE_CURVE ( 'NONE', #1235, #90, #8282, .T. ) ;
#7818 = ORIENTED_EDGE ( 'NONE', *, *, #2722, .T. ) ;
#7819 = ORIENTED_EDGE ( 'NONE', *, *, #3976, .F. ) ;
#7820 = CARTESIAN_POINT ( 'NONE',  ( -36.22499999999999432, -1.779691693111580930, -14.09999999999997655 ) ) ;
#7821 = AXIS2_PLACEMENT_3D ( 'NONE', #3874, #346, #386 ) ;
#7822 = CIRCLE ( 'NONE', #9177, 3.834499999999997577 ) ;
#7823 = PLANE ( 'NONE',  #5868 ) ;
#7824 = VECTOR ( 'NONE', #3293, 1000.000000000000000 ) ;
#7825 = CARTESIAN_POINT ( 'NONE',  ( 36.62499999999999289, -11.77500000000000036, -12.70499999999998053 ) ) ;
#7826 = EDGE_LOOP ( 'NONE', ( #3767, #3078, #8107, #953 ) ) ;
#7827 = CARTESIAN_POINT ( 'NONE',  ( 39.35983003675661251, 0.000000000000000000, -21.78393290460574505 ) ) ;
#7828 = CARTESIAN_POINT ( 'NONE',  ( 6.077901990208380357E-19, 0.4826000000000000290, -0.4826000000000000290 ) ) ;
#7829 = VECTOR ( 'NONE', #3539, 1000.000000000000000 ) ;
#7830 = DIRECTION ( 'NONE',  ( 1.000000000000000000, -0.000000000000000000, 0.000000000000000000 ) ) ;
#7831 = VECTOR ( 'NONE', #2498, 1000.000000000000000 ) ;
#7832 = EDGE_CURVE ( 'NONE', #4831, #2344, #2681, .T. ) ;
#7833 = DIRECTION ( 'NONE',  ( 0.000000000000000000, 0.000000000000000000, -1.000000000000000000 ) ) ;
#7834 = AXIS2_PLACEMENT_3D ( 'NONE', #3524, #4952, #662 ) ;
#7835 = ORIENTED_EDGE ( 'NONE', *, *, #250, .F. ) ;
#7836 = EDGE_CURVE ( 'NONE', #7751, #1864, #6141, .T. ) ;
#7837 = CARTESIAN_POINT ( 'NONE',  ( -25.02463851276272777, -9.708811568194549935, -15.57350308940544181 ) ) ;
#7838 = AXIS2_PLACEMENT_3D ( 'NONE', #4191, #4289, #619 ) ;
#7839 = FACE_OUTER_BOUND ( 'NONE', #4805, .T. ) ;
#7840 = ORIENTED_EDGE ( 'NONE', *, *, #7128, .F. ) ;
#7841 = FACE_OUTER_BOUND ( 'NONE', #4288, .T. ) ;
#7842 = CARTESIAN_POINT ( 'NONE',  ( 35.22500000000000142, -6.275000000000001243, 34.20000000000000284 ) ) ;
#7843 = CARTESIAN_POINT ( 'NONE',  ( -25.74643293631220331, -9.850655169012775048, 15.26801947369222923 ) ) ;
#7844 = VECTOR ( 'NONE', #8683, 1000.000000000000000 ) ;
#7845 = PLANE ( 'NONE',  #5989 ) ;
#7846 = ORIENTED_EDGE ( 'NONE', *, *, #6068, .F. ) ;
#7847 = ORIENTED_EDGE ( 'NONE', *, *, #2190, .F. ) ;
#7848 = LINE ( 'NONE', #7752, #8591 ) ;
#7849 = LINE ( 'NONE', #4129, #7556 ) ;
#7850 = VECTOR ( 'NONE', #9058, 1000.000000000000000 ) ;
#7851 = CARTESIAN_POINT ( 'NONE',  ( -27.22499999999999787, -11.77500000000000036, -6.125000000000008882 ) ) ;
#7852 = VERTEX_POINT ( 'NONE', #3285 ) ;
#7853 = FACE_BOUND ( 'NONE', #6495, .T. ) ;
#7854 = DIRECTION ( 'NONE',  ( -1.000000000000000000, -0.000000000000000000, -0.000000000000000000 ) ) ;
#7855 = FACE_OUTER_BOUND ( 'NONE', #7585, .T. ) ;
#7856 = VECTOR ( 'NONE', #4741, 1000.000000000000000 ) ;
#7857 = LINE ( 'NONE', #2781, #7198 ) ;
#7858 = VERTEX_POINT ( 'NONE', #9088 ) ;
#7859 = ORIENTED_EDGE ( 'NONE', *, *, #525, .T. ) ;
#7860 = DIRECTION ( 'NONE',  ( 1.000000000000000000, 0.000000000000000000, -0.000000000000000000 ) ) ;
#7861 = EDGE_CURVE ( 'NONE', #8933, #2593, #6829, .T. ) ;
#7862 = ORIENTED_EDGE ( 'NONE', *, *, #8261, .T. ) ;
#7863 = ORIENTED_EDGE ( 'NONE', *, *, #8346, .T. ) ;
#7864 = CARTESIAN_POINT ( 'NONE',  ( 39.35983003675661251, -11.77500000000000036, 22.88393290460573937 ) ) ;
#7865 = VECTOR ( 'NONE', #4165, 1000.000000000000000 ) ;
#7866 = VECTOR ( 'NONE', #925, 1000.000000000000000 ) ;
#7867 = CARTESIAN_POINT ( 'NONE',  ( 36.62499999999999289, -11.77500000000000036, 30.89500000000002089 ) ) ;
#7868 = DIRECTION ( 'NONE',  ( 0.000000000000000000, 1.000000000000000000, 0.000000000000000000 ) ) ;
#7869 = ORIENTED_EDGE ( 'NONE', *, *, #61, .F. ) ;
#7870 = ORIENTED_EDGE ( 'NONE', *, *, #8633, .F. ) ;
#7871 = LINE ( 'NONE', #7916, #568 ) ;
#7872 = VECTOR ( 'NONE', #1232, 1000.000000000000000 ) ;
#7873 = VECTOR ( 'NONE', #1163, 1000.000000000000000 ) ;
#7874 = LINE ( 'NONE', #6714, #2400 ) ;
#7875 = ADVANCED_FACE ( 'NONE', ( #6997 ), #6430, .F. ) ;
#7876 = ADVANCED_FACE ( 'NONE', ( #7855 ), #2024, .F. ) ;
#7877 = CARTESIAN_POINT ( 'NONE',  ( 38.31380793923467110, 0.000000000000000000, -26.89500000000002444 ) ) ;
#7878 = ORIENTED_EDGE ( 'NONE', *, *, #3277, .F. ) ;
#7879 = LINE ( 'NONE', #7268, #4004 ) ;
#7880 = DIRECTION ( 'NONE',  ( 0.000000000000000000, 0.000000000000000000, -1.000000000000000000 ) ) ;
#7882 = DIRECTION ( 'NONE',  ( -1.000000000000000000, 0.000000000000000000, 0.000000000000000000 ) ) ;
#7881 = CIRCLE ( 'NONE', #5898, 10.77499999999999325 ) ;
#7883 = CARTESIAN_POINT ( 'NONE',  ( -0.3047999999999999599, 0.7620000000000000107, -0.4826000000000000290 ) ) ;
#7884 = VERTEX_POINT ( 'NONE', #5618 ) ;
#7885 = LINE ( 'NONE', #1300, #133 ) ;
#7886 = AXIS2_PLACEMENT_3D ( 'NONE', #6107, #2512, #8297 ) ;
#7887 = EDGE_CURVE ( 'NONE', #1160, #2313, #2123, .T. ) ;
#7888 = LINE ( 'NONE', #3358, #8159 ) ;
#7889 = ORIENTED_EDGE ( 'NONE', *, *, #4547, .F. ) ;
#7890 = EDGE_CURVE ( 'NONE', #7729, #7028, #8660, .T. ) ;
#7891 = CARTESIAN_POINT ( 'NONE',  ( 39.35983003675661251, -1.399999999999999911, 25.59343290460574494 ) ) ;
#7892 = CARTESIAN_POINT ( 'NONE',  ( -36.62499999999999289, -11.77500000000000036, -34.50499999999998124 ) ) ;
#7893 = LINE ( 'NONE', #6319, #5748 ) ;
#7894 = CARTESIAN_POINT ( 'NONE',  ( -0.3047999999999999599, 0.4826000000000000290, 0.000000000000000000 ) ) ;
#7895 = ORIENTED_EDGE ( 'NONE', *, *, #2737, .F. ) ;
#7896 = DIRECTION ( 'NONE',  ( 1.084202172485504631E-15, 0.000000000000000000, 1.000000000000000000 ) ) ;
#7897 = DIRECTION ( 'NONE',  ( 0.000000000000000000, 0.000000000000000000, -1.000000000000000000 ) ) ;
#7898 = DIRECTION ( 'NONE',  ( 1.000000000000000000, 0.000000000000000000, 0.000000000000000000 ) ) ;
#7899 = ORIENTED_EDGE ( 'NONE', *, *, #3802, .T. ) ;
#7900 = PRODUCT_DEFINITION ( 'UNKNOWN', '', #183, #2271 ) ;
#7901 = CARTESIAN_POINT ( 'NONE',  ( -35.22500000000000142, 0.000000000000000000, 0.000000000000000000 ) ) ;
#7902 = CARTESIAN_POINT ( 'NONE',  ( 39.35983003675661251, -1.399999999999999911, 17.97443290460574161 ) ) ;
#7903 = CARTESIAN_POINT ( 'NONE',  ( 25.74978749038663040, -9.851544940775490034, 15.26600874077387715 ) ) ;
#7904 = DIRECTION ( 'NONE',  ( 0.000000000000000000, 0.000000000000000000, 1.000000000000000000 ) ) ;
#7905 = ORIENTED_EDGE ( 'NONE', *, *, #8525, .F. ) ;
#7906 = ORIENTED_EDGE ( 'NONE', *, *, #7193, .F. ) ;
#7907 = DIRECTION ( 'NONE',  ( -0.03489949670250104552, -0.9993908270190956511, 0.000000000000000000 ) ) ;
#7908 = ORIENTED_EDGE ( 'NONE', *, *, #4290, .T. ) ;
#7909 = VERTEX_POINT ( 'NONE', #2823 ) ;
#7910 = DIRECTION ( 'NONE',  ( -0.000000000000000000, 1.000000000000000000, -0.000000000000000000 ) ) ;
#7911 = CARTESIAN_POINT ( 'NONE',  ( 1.535515227524490209E-17, 12.19235930419984015, 3.174999999999999822 ) ) ;
#7912 = CARTESIAN_POINT ( 'NONE',  ( -36.22499999999999432, -11.77500000000000036, 35.90000000000001990 ) ) ;
#7913 = EDGE_CURVE ( 'NONE', #5232, #855, #9279, .T. ) ;
#7914 = ORIENTED_EDGE ( 'NONE', *, *, #3635, .T. ) ;
#7915 = ORIENTED_EDGE ( 'NONE', *, *, #5095, .T. ) ;
#7916 = CARTESIAN_POINT ( 'NONE',  ( 36.22499999999999432, -6.275000000000002132, -7.699999999999976197 ) ) ;
#7917 = FACE_OUTER_BOUND ( 'NONE', #2787, .T. ) ;
#7918 = EDGE_LOOP ( 'NONE', ( #2661, #6811, #2332, #7199 ) ) ;
#7919 = CARTESIAN_POINT ( 'NONE',  ( 36.62500000000000000, 0.000000000000000000, 29.50000000000002132 ) ) ;
#7920 = DIRECTION ( 'NONE',  ( 0.9993908270190957621, 0.03489949670250105246, 0.000000000000000000 ) ) ;
#7921 = LINE ( 'NONE', #196, #2568 ) ;
#7922 = DIRECTION ( 'NONE',  ( -0.2588190451025145222, -0.9659258262890699775, -2.943801717310629913E-16 ) ) ;
#7923 = EDGE_CURVE ( 'NONE', #2692, #7614, #5803, .T. ) ;
#7924 = ADVANCED_FACE ( 'NONE', ( #558 ), #3572, .F. ) ;
#7925 = ORIENTED_EDGE ( 'NONE', *, *, #6317, .T. ) ;
#7926 = LINE ( 'NONE', #2151, #6476 ) ;
#7927 = DIRECTION ( 'NONE',  ( 0.000000000000000000, 0.000000000000000000, -1.000000000000000000 ) ) ;
#7928 = ORIENTED_EDGE ( 'NONE', *, *, #6723, .F. ) ;
#7929 = CARTESIAN_POINT ( 'NONE',  ( 38.31380793923467110, 0.000000000000000000, 0.000000000000000000 ) ) ;
#7930 = LINE ( 'NONE', #6597, #6008 ) ;
#7931 = LINE ( 'NONE', #1445, #1386 ) ;
#7932 = CARTESIAN_POINT ( 'NONE',  ( -35.22500000000000142, 1.461533075723289096E-22, -10.90000000000000036 ) ) ;
#7933 = ADVANCED_FACE ( 'NONE', ( #8703 ), #1507, .F. ) ;
#7934 = EDGE_CURVE ( 'NONE', #4370, #5659, #708, .T. ) ;
#7935 = ORIENTED_EDGE ( 'NONE', *, *, #3097, .F. ) ;
#7936 = FACE_OUTER_BOUND ( 'NONE', #5885, .T. ) ;
#7937 = EDGE_CURVE ( 'NONE', #5212, #6867, #2751, .T. ) ;
#7938 = CARTESIAN_POINT ( 'NONE',  ( -38.72500000000000142, -6.275000000000000355, -34.20000000000000995 ) ) ;
#7939 = FACE_OUTER_BOUND ( 'NONE', #6411, .T. ) ;
#7940 = DIRECTION ( 'NONE',  ( -0.000000000000000000, 1.000000000000000000, -0.000000000000000000 ) ) ;
#7941 = ORIENTED_EDGE ( 'NONE', *, *, #8833, .T. ) ;
#7942 = DIRECTION ( 'NONE',  ( 0.000000000000000000, -2.891205793294672410E-16, 1.000000000000000000 ) ) ;
#7943 = DIRECTION ( 'NONE',  ( 0.000000000000000000, 0.000000000000000000, 1.000000000000000000 ) ) ;
#7944 = DIRECTION ( 'NONE',  ( 0.000000000000000000, 0.000000000000000000, 1.000000000000000000 ) ) ;
#7945 = EDGE_CURVE ( 'NONE', #7852, #2333, #6587, .T. ) ;
#7946 = FACE_OUTER_BOUND ( 'NONE', #3237, .T. ) ;
#7947 = ORIENTED_EDGE ( 'NONE', *, *, #6946, .T. ) ;
#7948 = VERTEX_POINT ( 'NONE', #1 ) ;
#7949 = CARTESIAN_POINT ( 'NONE',  ( -39.35983003675661251, 0.000000000000000000, -17.94943290460574659 ) ) ;
#7950 = ADVANCED_FACE ( 'NONE', ( #2873 ), #5229, .F. ) ;
#7951 = VECTOR ( 'NONE', #8322, 1000.000000000000000 ) ;
#7952 = EDGE_LOOP ( 'NONE', ( #1537, #7696, #3212, #3251, #8263, #5971 ) ) ;
#7953 = ORIENTED_EDGE ( 'NONE', *, *, #5848, .F. ) ;
#7954 = DIRECTION ( 'NONE',  ( 0.000000000000000000, 0.000000000000000000, -1.000000000000000000 ) ) ;
#7955 = B_SPLINE_CURVE_WITH_KNOTS ( 'NONE', 3,
 ( #8313, #5500, #7467, #977 ),
 .UNSPECIFIED., .F., .F.,
 ( 4, 4 ),
 ( 0.000000000000000000, 1.000000000000000000 ),
 .UNSPECIFIED. ) ;
#7956 = PLANE ( 'NONE',  #4934 ) ;
#7957 = B_SPLINE_CURVE_WITH_KNOTS ( 'NONE', 3,
 ( #589, #8392, #6405, #4260, #2610, #491 ),
 .UNSPECIFIED., .F., .F.,
 ( 4, 2, 4 ),
 ( 0.000000000000000000, 0.5000000000000000000, 1.000000000000000000 ),
 .UNSPECIFIED. ) ;
#7958 = CIRCLE ( 'NONE', #4309, 1.016000000000000014 ) ;
#7959 = LINE ( 'NONE', #2228, #1385 ) ;
#7960 = ORIENTED_EDGE ( 'NONE', *, *, #5792, .T. ) ;
#7961 = ORIENTED_EDGE ( 'NONE', *, *, #7420, .F. ) ;
#7962 = DIRECTION ( 'NONE',  ( -0.9993908270190957621, 0.03489949670250105246, 0.000000000000000000 ) ) ;
#7963 = CARTESIAN_POINT ( 'NONE',  ( -38.72500000000000142, -11.77500000000000036, -26.89500000000002444 ) ) ;
#7964 = ITEM_DEFINED_TRANSFORMATION ( 'NONE', 'NONE', #2887,  #2439 ) ;
#7965 = ORIENTED_EDGE ( 'NONE', *, *, #452, .T. ) ;
#7966 = DIRECTION ( 'NONE',  ( 0.000000000000000000, 0.000000000000000000, -1.000000000000000000 ) ) ;
#7967 = DIRECTION ( 'NONE',  ( 0.000000000000000000, 0.000000000000000000, -1.000000000000000000 ) ) ;
#7968 = FACE_OUTER_BOUND ( 'NONE', #4717, .T. ) ;
#7969 = CARTESIAN_POINT ( 'NONE',  ( -35.22500000000000142, -1.819537539667370751, -9.399999999999998579 ) ) ;
#7970 = VECTOR ( 'NONE', #1347, 1000.000000000000000 ) ;
#7971 = VECTOR ( 'NONE', #8828, 1000.000000000000000 ) ;
#7972 = VERTEX_POINT ( 'NONE', #846 ) ;
#7973 = CARTESIAN_POINT ( 'NONE',  ( 24.22500000000000142, -9.659192512834597011, 37.47500000000000142 ) ) ;
#7974 = CARTESIAN_POINT ( 'NONE',  ( 36.62500000000000000, -11.77500000000000036, -14.09999999999997655 ) ) ;
#7975 = VERTEX_POINT ( 'NONE', #5939 ) ;
#7976 = EDGE_CURVE ( 'NONE', #7610, #9239, #4561, .T. ) ;
#7977 = VECTOR ( 'NONE', #8880, 1000.000000000000000 ) ;
#7978 = PLANE ( 'NONE',  #2369 ) ;
#7979 = CARTESIAN_POINT ( 'NONE',  ( 43.31380793923467110, 0.000000000000000000, -16.70500000000001961 ) ) ;
#7980 = VECTOR ( 'NONE', #103, 1000.000000000000000 ) ;
#7981 = CARTESIAN_POINT ( 'NONE',  ( 9.596687352960599246E-19, 0.7620000000000000107, 0.1301750000000000129 ) ) ;
#7982 = LINE ( 'NONE', #6740, #1967 ) ;
#7983 = EDGE_LOOP ( 'NONE', ( #9168, #7224, #7528, #8802 ) ) ;
#7984 = VECTOR ( 'NONE', #6180, 1000.000000000000000 ) ;
#7985 = LINE ( 'NONE', #1584, #1914 ) ;
#7986 = AXIS2_PLACEMENT_3D ( 'NONE', #5553, #8648, #2157 ) ;
#7987 = CYLINDRICAL_SURFACE ( 'NONE', #8598, 3.809500000000000330 ) ;
#7988 = VECTOR ( 'NONE', #2789, 1000.000000000000000 ) ;
#7989 = CARTESIAN_POINT ( 'NONE',  ( 39.35983003675661251, 0.000000000000000000, -17.97443290460574161 ) ) ;
#7990 = EDGE_CURVE ( 'NONE', #8334, #8719, #6132, .T. ) ;
#7991 = EDGE_CURVE ( 'NONE', #4253, #7852, #8469, .T. ) ;
#7992 = DIRECTION ( 'NONE',  ( 1.000000000000000000, -0.000000000000000000, -0.000000000000000000 ) ) ;
#7993 = ORIENTED_EDGE ( 'NONE', *, *, #1563, .F. ) ;
#7994 = CARTESIAN_POINT ( 'NONE',  ( -0.3047999999999999599, 6.324599999999999334, -2.387599999999999945 ) ) ;
#7995 = AXIS2_PLACEMENT_3D ( 'NONE', #4943, #9169, #9223 ) ;
#7996 = LINE ( 'NONE', #4462, #2352 ) ;
#7997 = VECTOR ( 'NONE', #6940, 1000.000000000000000 ) ;
#7998 = CARTESIAN_POINT ( 'NONE',  ( 26.92214126508580208, -10.32024456652249000, 14.00292648205853752 ) ) ;
#7999 = DIRECTION ( 'NONE',  ( -0.1391731009600670199, 0.9902680687415701399, 0.000000000000000000 ) ) ;
#8000 = ORIENTED_EDGE ( 'NONE', *, *, #769, .F. ) ;
#8001 = ORIENTED_EDGE ( 'NONE', *, *, #1793, .T. ) ;
#8002 = DIRECTION ( 'NONE',  ( 0.000000000000000000, 0.000000000000000000, 1.000000000000000000 ) ) ;
#8003 = VECTOR ( 'NONE', #1754, 1000.000000000000000 ) ;
#8004 = ORIENTED_EDGE ( 'NONE', *, *, #8925, .F. ) ;
#8005 = EDGE_CURVE ( 'NONE', #9331, #6202, #3848, .T. ) ;
#8006 = ORIENTED_EDGE ( 'NONE', *, *, #4382, .T. ) ;
#8007 = CARTESIAN_POINT ( 'NONE',  ( -35.72499999999999432, -1.199999999999999734, -14.09667975440931009 ) ) ;
#8008 = CARTESIAN_POINT ( 'NONE',  ( 35.22500000000000142, 0.000000000000000000, -14.10332024559068920 ) ) ;
#8009 = EDGE_CURVE ( 'NONE', #2744, #5994, #7293, .T. ) ;
#8010 = VECTOR ( 'NONE', #5360, 1000.000000000000000 ) ;
#8011 = CARTESIAN_POINT ( 'NONE',  ( 39.35983003675661251, -1.399999999999999467, 21.78393290460574505 ) ) ;
#8012 = ORIENTED_EDGE ( 'NONE', *, *, #1435, .F. ) ;
#8013 = PLANE ( 'NONE',  #6772 ) ;
#8014 = VECTOR ( 'NONE', #5533, 1000.000000000000000 ) ;
#8015 = AXIS2_PLACEMENT_3D ( 'NONE', #2757, #5640, #5686 ) ;
#8016 = ORIENTED_EDGE ( 'NONE', *, *, #5318, .F. ) ;
#8017 = CARTESIAN_POINT ( 'NONE',  ( 1.535515227524490209E-17, 12.19235930419984015, -2.374900000000000233 ) ) ;
#8018 = DIRECTION ( 'NONE',  ( 0.000000000000000000, 0.000000000000000000, -1.000000000000000000 ) ) ;
#8019 = DIRECTION ( 'NONE',  ( 0.000000000000000000, 0.000000000000000000, 1.000000000000000000 ) ) ;
#8020 = VECTOR ( 'NONE', #5504, 1000.000000000000000 ) ;
#8021 = ORIENTED_EDGE ( 'NONE', *, *, #6701, .F. ) ;
#8022 = B_SPLINE_CURVE_WITH_KNOTS ( 'NONE', 3,
 ( #9002, #4724, #6912, #7626, #1056, #2557 ),
 .UNSPECIFIED., .F., .F.,
 ( 4, 2, 4 ),
 ( 0.000000000000000000, 0.5000000000000000000, 1.000000000000000000 ),
 .UNSPECIFIED. ) ;
#8023 = ORIENTED_EDGE ( 'NONE', *, *, #7976, .F. ) ;
#8024 = CARTESIAN_POINT ( 'NONE',  ( 36.22499999999999432, -1.819537539667371195, 7.701660122795356500 ) ) ;
#8025 = DIRECTION ( 'NONE',  ( 0.000000000000000000, 0.000000000000000000, -1.000000000000000000 ) ) ;
#8026 = ORIENTED_EDGE ( 'NONE', *, *, #6664, .T. ) ;
#8027 = VECTOR ( 'NONE', #4214, 1000.000000000000000 ) ;
#8028 = CARTESIAN_POINT ( 'NONE',  ( -39.35983003675661251, 0.000000000000000000, -20.68393290460574718 ) ) ;
#8029 = CARTESIAN_POINT ( 'NONE',  ( -38.31380793923467110, 0.000000000000000000, 0.000000000000000000 ) ) ;
#8030 = CARTESIAN_POINT ( 'NONE',  ( 35.22500000000000142, -2.199999999999999734, 29.50000000000002132 ) ) ;
#8031 = CARTESIAN_POINT ( 'NONE',  ( 27.20518624071151947, -10.55589838528810098, -30.52925078816064897 ) ) ;
#8032 = VERTEX_POINT ( 'NONE', #6615 ) ;
#8033 = EDGE_CURVE ( 'NONE', #6339, #1410, #808, .T. ) ;
#8034 = AXIS2_PLACEMENT_3D ( 'NONE', #4947, #5707, #3476 ) ;
#8035 = DIRECTION ( 'NONE',  ( -1.000000000000000000, 0.000000000000000000, 0.000000000000000000 ) ) ;
#8036 = VECTOR ( 'NONE', #1858, 1000.000000000000000 ) ;
#8037 = DIRECTION ( 'NONE',  ( 1.000000000000000000, -0.000000000000000000, 0.000000000000000000 ) ) ;
#8038 = LINE ( 'NONE', #5183, #1656 ) ;
#8039 = CARTESIAN_POINT ( 'NONE',  ( -39.35983003675661251, -1.399999999999999467, -21.78393290460574505 ) ) ;
#8040 = VERTEX_POINT ( 'NONE', #6043 ) ;
#8041 = CARTESIAN_POINT ( 'NONE',  ( 36.62500000000000000, -11.77500000000000036, -14.09999999999997655 ) ) ;
#8042 = DIRECTION ( 'NONE',  ( 0.000000000000000000, 0.000000000000000000, 1.000000000000000000 ) ) ;
#8043 = DIRECTION ( 'NONE',  ( 1.084202172485504631E-15, 0.000000000000000000, 1.000000000000000000 ) ) ;
#8044 = EDGE_CURVE ( 'NONE', #6796, #5631, #1592, .T. ) ;
#8045 = CARTESIAN_POINT ( 'NONE',  ( -39.35983003675661251, 0.000000000000000000, 17.94943290460574659 ) ) ;
#8046 = VERTEX_POINT ( 'NONE', #2448 ) ;
#8047 = ADVANCED_FACE ( 'NONE', ( #5324 ), #2960, .F. ) ;
#8048 = EDGE_LOOP ( 'NONE', ( #8352, #7573, #7605, #4287 ) ) ;
#8049 = DIRECTION ( 'NONE',  ( 1.000000000000000000, 0.000000000000000000, -0.000000000000000000 ) ) ;
#8050 = DIRECTION ( 'NONE',  ( -1.000000000000000000, -0.000000000000000000, -0.000000000000000000 ) ) ;
#8051 = VERTEX_POINT ( 'NONE', #1552 ) ;
#8052 = EDGE_LOOP ( 'NONE', ( #2094, #6998, #1989, #5981 ) ) ;
#8053 = CARTESIAN_POINT ( 'NONE',  ( -35.22500000000000142, 5.421010862427522170E-16, 12.40000000000000213 ) ) ;
#8054 = CARTESIAN_POINT ( 'NONE',  ( 36.22499999999999432, -1.562134053374064191, 14.10000000000002451 ) ) ;
#8055 = CARTESIAN_POINT ( 'NONE',  ( 39.35983003675661251, 0.000000000000000000, -17.94943290460574659 ) ) ;
#8056 = ADVANCED_FACE ( 'NONE', ( #2308 ), #4463, .F. ) ;
#8057 = EDGE_CURVE ( 'NONE', #6799, #2957, #7473, .T. ) ;
#8058 = ORIENTED_EDGE ( 'NONE', *, *, #7373, .T. ) ;
#8059 = DIRECTION ( 'NONE',  ( 1.000000000000000000, 0.000000000000000000, 0.000000000000000000 ) ) ;
#8060 = EDGE_CURVE ( 'NONE', #8046, #7639, #7381, .T. ) ;
#8061 = ORIENTED_EDGE ( 'NONE', *, *, #4917, .F. ) ;
#8062 = CARTESIAN_POINT ( 'NONE',  ( 38.72500000000000142, -1.819537539667371195, 12.40000000000000213 ) ) ;
#8063 = CARTESIAN_POINT ( 'NONE',  ( 36.15196532373683169, -1.439218631442219287, -14.09982994934767220 ) ) ;
#8064 = CARTESIAN_POINT ( 'NONE',  ( -24.22500000000000497, -9.659192512834597011, -37.47500000000000142 ) ) ;
#8065 = ADVANCED_FACE ( 'NONE', ( #8129 ), #4514, .T. ) ;
#8066 = VERTEX_POINT ( 'NONE', #1028 ) ;
#8067 = DIRECTION ( 'NONE',  ( 0.000000000000000000, 0.000000000000000000, 1.000000000000000000 ) ) ;
#8068 = EDGE_CURVE ( 'NONE', #2592, #3700, #3362, .T. ) ;
#8069 = FACE_OUTER_BOUND ( 'NONE', #6216, .T. ) ;
#8070 = ORIENTED_EDGE ( 'NONE', *, *, #3513, .F. ) ;
#8071 = CARTESIAN_POINT ( 'NONE',  ( 27.22499999999999787, -10.62779375035100848, -30.92499999999999716 ) ) ;
#8072 = DIRECTION ( 'NONE',  ( 0.000000000000000000, 0.000000000000000000, 1.000000000000000000 ) ) ;
#8073 = CARTESIAN_POINT ( 'NONE',  ( 35.22500000000000142, 1.084202172485504434E-15, 31.19999999999999929 ) ) ;
#8074 = CARTESIAN_POINT ( 'NONE',  ( 26.83112039817154937, -10.26709744570286098, 7.626408261637532604 ) ) ;
#8075 = EDGE_LOOP ( 'NONE', ( #8957, #1510, #8324, #2425 ) ) ;
#8076 = CARTESIAN_POINT ( 'NONE',  ( 36.62500000000000000, -11.77500000000000036, 29.50000000000002132 ) ) ;
#8077 = CARTESIAN_POINT ( 'NONE',  ( 36.22499999999999432, -1.819537539667371195, -14.10141012279533257 ) ) ;
#8078 = CARTESIAN_POINT ( 'NONE',  ( -27.22499999999999787, -11.77500000000000036, 37.47500000000000142 ) ) ;
#8079 = DIRECTION ( 'NONE',  ( -1.000000000000000000, 0.000000000000000000, 0.000000000000000000 ) ) ;
#8080 = ORIENTED_EDGE ( 'NONE', *, *, #3334, .T. ) ;
#8081 = LINE ( 'NONE', #1686, #3414 ) ;
#8082 = CARTESIAN_POINT ( 'NONE',  ( -27.22499999999999787, -11.77500000000000036, 6.125000000000008882 ) ) ;
#8083 = CARTESIAN_POINT ( 'NONE',  ( -25.74978749038663395, -9.851544940775486481, -37.06600874077387431 ) ) ;
#8084 = LINE ( 'NONE', #6530, #2350 ) ;
#8085 = EDGE_LOOP ( 'NONE', ( #526, #7811, #8357, #8489, #8824, #9234 ) ) ;
#8086 = ORIENTED_EDGE ( 'NONE', *, *, #7317, .T. ) ;
#8087 = FACE_OUTER_BOUND ( 'NONE', #8278, .T. ) ;
#8088 = CARTESIAN_POINT ( 'NONE',  ( 39.35983003675661251, -1.399999999999999911, 21.78393290460574505 ) ) ;
#8089 = ORIENTED_EDGE ( 'NONE', *, *, #7513, .T. ) ;
#8090 = ORIENTED_EDGE ( 'NONE', *, *, #2725, .F. ) ;
#8091 = FACE_BOUND ( 'NONE', #6433, .T. ) ;
#8092 = EDGE_CURVE ( 'NONE', #5472, #2090, #2490, .T. ) ;
#8093 = DIRECTION ( 'NONE',  ( -1.000000000000000000, 0.000000000000000000, -0.000000000000000000 ) ) ;
#8094 = CARTESIAN_POINT ( 'NONE',  ( 24.22500000000000142, -11.77500000000000036, -30.92499999999999716 ) ) ;
#8095 = AXIS2_PLACEMENT_3D ( 'NONE', #2847, #5019, #6450 ) ;
#8096 = ORIENTED_EDGE ( 'NONE', *, *, #2426, .F. ) ;
#8097 = DIRECTION ( 'NONE',  ( 1.084202172485504631E-15, 0.000000000000000000, 1.000000000000000000 ) ) ;
#8098 = ITEM_DEFINED_TRANSFORMATION ( 'NONE', 'NONE', #8189,  #2439 ) ;
#8099 = VERTEX_POINT ( 'NONE', #2535 ) ;
#8100 = EDGE_CURVE ( 'NONE', #6532, #4297, #5555, .T. ) ;
#8101 = CARTESIAN_POINT ( 'NONE',  ( 35.22500000000000142, -1.819537539667371195, 12.40000000000000213 ) ) ;
#8102 = EDGE_CURVE ( 'NONE', #3878, #6922, #1521, .T. ) ;
#8103 = VECTOR ( 'NONE', #4419, 1000.000000000000000 ) ;
#8104 = CARTESIAN_POINT ( 'NONE',  ( -24.22500000000000497, -9.659192512834597011, -27.92499999999999716 ) ) ;
#8105 = EDGE_CURVE ( 'NONE', #3286, #6212, #3902, .T. ) ;
#8106 = FACE_BOUND ( 'NONE', #2731, .T. ) ;
#8107 = ORIENTED_EDGE ( 'NONE', *, *, #777, .F. ) ;
#8108 = EDGE_LOOP ( 'NONE', ( #8835, #2869, #670, #3693 ) ) ;
#8109 = AXIS2_PLACEMENT_3D ( 'NONE', #6452, #6504, #8720 ) ;
#8110 = FACE_OUTER_BOUND ( 'NONE', #8284, .T. ) ;
#8111 = CARTESIAN_POINT ( 'NONE',  ( 35.22500000000000142, -2.199999999999999734, -34.20000000000000284 ) ) ;
#8112 = ORIENTED_EDGE ( 'NONE', *, *, #6668, .F. ) ;
#8113 = CARTESIAN_POINT ( 'NONE',  ( 43.31380793923467110, 0.000000000000000000, -16.70500000000001961 ) ) ;
#8114 = EDGE_CURVE ( 'NONE', #1605, #4312, #7702, .T. ) ;
#8115 = FACE_OUTER_BOUND ( 'NONE', #6858, .T. ) ;
#8116 = DIRECTION ( 'NONE',  ( 0.000000000000000000, 1.000000000000000000, -0.000000000000000000 ) ) ;
#8117 = CARTESIAN_POINT ( 'NONE',  ( -27.22499999999999787, -10.62779375035100848, -34.47500000000000142 ) ) ;
#8118 = ADVANCED_FACE ( 'NONE', ( #2621 ), #6265, .F. ) ;
#8119 = AXIS2_PLACEMENT_3D ( 'NONE', #4625, #3921, #1663 ) ;
#8120 = VERTEX_POINT ( 'NONE', #6128 ) ;
#8121 = DIRECTION ( 'NONE',  ( -0.000000000000000000, 1.000000000000000000, 0.000000000000000000 ) ) ;
#8122 = ORIENTED_EDGE ( 'NONE', *, *, #536, .F. ) ;
#8123 = CARTESIAN_POINT ( 'NONE',  ( -36.62499999999999289, -11.77500000000000036, 12.70500000000002139 ) ) ;
#8124 = VECTOR ( 'NONE', #4299, 1000.000000000000000 ) ;
#8125 = VECTOR ( 'NONE', #5949, 1000.000000000000000 ) ;
#8126 = CARTESIAN_POINT ( 'NONE',  ( -38.72500000000000142, 5.421010862427522170E-16, 12.40000000000000213 ) ) ;
#8127 = DIRECTION ( 'NONE',  ( 0.000000000000000000, -1.000000000000000000, -2.891205793294672410E-16 ) ) ;
#8128 = CARTESIAN_POINT ( 'NONE',  ( -27.22499999999999787, -9.659192512834593458, -12.67499999999999538 ) ) ;
#8129 = FACE_OUTER_BOUND ( 'NONE', #7213, .T. ) ;
#8130 = CIRCLE ( 'NONE', #4479, 3.809500000000000330 ) ;
#8131 = STYLED_ITEM ( 'NONE', ( #2677 ), #916 ) ;
#8132 = VECTOR ( 'NONE', #147, 1000.000000000000000 ) ;
#8133 = LINE ( 'NONE', #3626, #3847 ) ;
#8134 = ORIENTED_EDGE ( 'NONE', *, *, #707, .F. ) ;
#8135 = ORIENTED_EDGE ( 'NONE', *, *, #4508, .F. ) ;
#8136 = ORIENTED_EDGE ( 'NONE', *, *, #3635, .F. ) ;
#8137 = CARTESIAN_POINT ( 'NONE',  ( -38.72500000000000142, -11.77500000000000036, -43.99999999999995737 ) ) ;
#8138 = PLANE ( 'NONE',  #4615 ) ;
#8139 = CARTESIAN_POINT ( 'NONE',  ( -27.20518624071151947, -10.55589838528810098, 30.52925078816064897 ) ) ;
#8140 = EDGE_CURVE ( 'NONE', #6531, #9357, #4704, .T. ) ;
#8141 = VECTOR ( 'NONE', #5643, 1000.000000000000000 ) ;
#8142 = VECTOR ( 'NONE', #8595, 1000.000000000000000 ) ;
#8143 = CARTESIAN_POINT ( 'NONE',  ( -35.84308113199747936, -1.439075079334741991, -14.09335950881864363 ) ) ;
#8144 = DIRECTION ( 'NONE',  ( 1.000000000000000000, 0.000000000000000000, 0.000000000000000000 ) ) ;
#8145 = CARTESIAN_POINT ( 'NONE',  ( -0.3047999999999999599, 0.4826000000000000290, 0.4826000000000000290 ) ) ;
#8146 = EDGE_LOOP ( 'NONE', ( #8571, #6307, #6595, #5716 ) ) ;
#8147 = VECTOR ( 'NONE', #5213, 1000.000000000000000 ) ;
#8148 = CARTESIAN_POINT ( 'NONE',  ( -36.22500000000000142, -1.739845846555790221, 14.10332024559068920 ) ) ;
#8149 = ORIENTED_EDGE ( 'NONE', *, *, #7253, .F. ) ;
#8150 = CYLINDRICAL_SURFACE ( 'NONE', #1613, 3.809500000000000330 ) ;
#8151 = ADVANCED_FACE ( 'NONE', ( #3191 ), #9165, .F. ) ;
#8152 = ORIENTED_EDGE ( 'NONE', *, *, #4729, .F. ) ;
#8153 = AXIS2_PLACEMENT_3D ( 'NONE', #8886, #5226, #7424 ) ;
#8154 = DIRECTION ( 'NONE',  ( 0.000000000000000000, 0.000000000000000000, 1.000000000000000000 ) ) ;
#8155 = CARTESIAN_POINT ( 'NONE',  ( -9.830958940524379576E-06, 2.316503594301455138, 0.1301750000000000129 ) ) ;
#8156 = LINE ( 'NONE', #1612, #2424 ) ;
#8157 = ORIENTED_EDGE ( 'NONE', *, *, #4272, .T. ) ;
#8158 = EDGE_CURVE ( 'NONE', #1286, #49, #1217, .T. ) ;
#8159 = VECTOR ( 'NONE', #4929, 1000.000000000000000 ) ;
#8160 = ADVANCED_FACE ( 'NONE', ( #7566 ), #1081, .T. ) ;
#8161 = DIRECTION ( 'NONE',  ( 0.000000000000000000, 0.000000000000000000, -1.000000000000000000 ) ) ;
#8162 = CARTESIAN_POINT ( 'NONE',  ( 26.83130611590349801, -10.26722200603486534, -7.626832669295569467 ) ) ;
#8163 = ORIENTED_EDGE ( 'NONE', *, *, #869, .F. ) ;
#8164 = FACE_OUTER_BOUND ( 'NONE', #770, .T. ) ;
#8165 = ORIENTED_EDGE ( 'NONE', *, *, #6832, .T. ) ;
#8166 = CARTESIAN_POINT ( 'NONE',  ( 27.22499999999999787, 0.000000000000000000, 32.70000000000000284 ) ) ;
#8168 = PLANE ( 'NONE',  #8791 ) ;
#8167 = AXIS2_PLACEMENT_3D ( 'NONE', #1318, #7151, #7803 ) ;
#8169 = CARTESIAN_POINT ( 'NONE',  ( 27.22499999999999787, -11.77500000000000036, -15.67499999999999361 ) ) ;
#8170 = ORIENTED_EDGE ( 'NONE', *, *, #4988, .T. ) ;
#8171 = DIRECTION ( 'NONE',  ( -0.000000000000000000, 0.000000000000000000, -1.000000000000000000 ) ) ;
#8172 = VERTEX_POINT ( 'NONE', #501 ) ;
#8173 = EDGE_CURVE ( 'NONE', #4037, #997, #1826, .T. ) ;
#8174 = CARTESIAN_POINT ( 'NONE',  ( -0.3047999999999999599, 0.7620000000000000107, -0.1282933054276770013 ) ) ;
#8175 = VECTOR ( 'NONE', #6639, 1000.000000000000000 ) ;
#8176 = ADVANCED_FACE ( 'NONE', ( #6848 ), #2667, .T. ) ;
#8177 = DIRECTION ( 'NONE',  ( 1.000000000000000000, 0.000000000000000000, -0.000000000000000000 ) ) ;
#8178 = DIRECTION ( 'NONE',  ( 0.000000000000000000, 0.9998476951563911586, -0.01745240643728362268 ) ) ;
#8179 = LINE ( 'NONE', #5894, #6469 ) ;
#8180 = CARTESIAN_POINT ( 'NONE',  ( -38.19761272433689214, 3.327395604075175317, 43.73638670415927976 ) ) ;
#8181 = DIRECTION ( 'NONE',  ( 1.000000000000000000, 0.000000000000000000, 0.000000000000000000 ) ) ;
#8182 = VECTOR ( 'NONE', #9334, 1000.000000000000000 ) ;
#8183 = PLANE ( 'NONE',  #6732 ) ;
#8184 = VERTEX_POINT ( 'NONE', #5466 ) ;
#8185 = ORIENTED_EDGE ( 'NONE', *, *, #762, .F. ) ;
#8186 = VERTEX_POINT ( 'NONE', #1867 ) ;
#8187 = CARTESIAN_POINT ( 'NONE',  ( 35.39166666666665861, -1.199999999999999734, -7.699999999999977973 ) ) ;
#8188 = LINE ( 'NONE', #5996, #7547 ) ;
#8189 = AXIS2_PLACEMENT_3D ( 'NONE', #6970, #530, #7683 ) ;
#8190 = ORIENTED_EDGE ( 'NONE', *, *, #4797, .F. ) ;
#8191 = CARTESIAN_POINT ( 'NONE',  ( -24.22500000000000497, -9.659192512834604116, 6.125000000000008882 ) ) ;
#8192 = PLANE ( 'NONE',  #2240 ) ;
#8193 = DIRECTION ( 'NONE',  ( 0.000000000000000000, -1.000000000000000000, 0.000000000000000000 ) ) ;
#8194 = VERTEX_POINT ( 'NONE', #7651 ) ;
#8195 = EDGE_LOOP ( 'NONE', ( #889, #6194, #1064, #2916 ) ) ;
#8196 = ORIENTED_EDGE ( 'NONE', *, *, #5363, .F. ) ;
#8197 = CARTESIAN_POINT ( 'NONE',  ( -3.022599999999999731, 11.20139999999999958, -2.374900000000000233 ) ) ;
#8198 = ADVANCED_FACE ( 'NONE', ( #458 ), #3317, .F. ) ;
#8199 = ORIENTED_EDGE ( 'NONE', *, *, #3266, .F. ) ;
#8200 = CARTESIAN_POINT ( 'NONE',  ( 35.22500000000000142, -0.4390750793347422687, -14.09335950881864363 ) ) ;
#8201 = FACE_OUTER_BOUND ( 'NONE', #1157, .T. ) ;
#8202 = EDGE_CURVE ( 'NONE', #6109, #7794, #4080, .T. ) ;
#8203 = CARTESIAN_POINT ( 'NONE',  ( 36.62499999999999289, -11.77500000000000036, 30.89500000000002089 ) ) ;
#8204 = ORIENTED_EDGE ( 'NONE', *, *, #5392, .T. ) ;
#8205 = ORIENTED_EDGE ( 'NONE', *, *, #8226, .F. ) ;
#8206 = CARTESIAN_POINT ( 'NONE',  ( 0.08687802539211569863, 7.826489972236299053, 2.387599999999999945 ) ) ;
#8207 = CARTESIAN_POINT ( 'NONE',  ( -39.35983003675661251, -0.02500000000000038997, -21.78393290460574505 ) ) ;
#8208 = DIRECTION ( 'NONE',  ( 0.000000000000000000, 0.000000000000000000, 1.000000000000000000 ) ) ;
#8209 = VERTEX_POINT ( 'NONE', #3613 ) ;
#8210 = DIRECTION ( 'NONE',  ( 0.000000000000000000, 0.000000000000000000, 1.000000000000000000 ) ) ;
#8211 = ORIENTED_EDGE ( 'NONE', *, *, #3189, .F. ) ;
#8212 = LINE ( 'NONE', #8971, #4931 ) ;
#8213 = EDGE_CURVE ( 'NONE', #9016, #7909, #9218, .T. ) ;
#8214 = DIRECTION ( 'NONE',  ( -0.000000000000000000, 0.000000000000000000, 1.000000000000000000 ) ) ;
#8215 = CARTESIAN_POINT ( 'NONE',  ( 6.077901990208380357E-19, 0.4826000000000000290, 0.4826000000000000290 ) ) ;
#8216 = VERTEX_POINT ( 'NONE', #3409 ) ;
#8217 = ORIENTED_EDGE ( 'NONE', *, *, #5041, .T. ) ;
#8218 = CARTESIAN_POINT ( 'NONE',  ( -36.62499999999999289, -11.77500000000000036, -29.49999999999997868 ) ) ;
#8219 = DIRECTION ( 'NONE',  ( 0.000000000000000000, -0.000000000000000000, -1.000000000000000000 ) ) ;
#8220 = FACE_OUTER_BOUND ( 'NONE', #9132, .T. ) ;
#8221 = CARTESIAN_POINT ( 'NONE',  ( -38.31380793923467110, 0.000000000000000000, -26.89500000000002444 ) ) ;
#8222 = EDGE_CURVE ( 'NONE', #7080, #968, #737, .T. ) ;
#8223 = FACE_OUTER_BOUND ( 'NONE', #1421, .T. ) ;
#8224 = EDGE_CURVE ( 'NONE', #4863, #6532, #3300, .T. ) ;
#8225 = CARTESIAN_POINT ( 'NONE',  ( -27.22499999999999787, -10.62779375035100848, -34.47500000000000142 ) ) ;
#8226 = EDGE_CURVE ( 'NONE', #7432, #4539, #7893, .T. ) ;
#8227 = CARTESIAN_POINT ( 'NONE',  ( 35.22500000000000142, -2.199999999999999734, -31.19999999999999574 ) ) ;
#8228 = EDGE_LOOP ( 'NONE', ( #2704, #6363, #5327, #1988, #1195, #2738, #4734, #3146 ) ) ;
#8229 = VERTEX_POINT ( 'NONE', #3560 ) ;
#8230 = ORIENTED_EDGE ( 'NONE', *, *, #1134, .T. ) ;
#8231 = CARTESIAN_POINT ( 'NONE',  ( -0.3047999999999999599, 6.324599999999999334, 3.174999999999999822 ) ) ;
#8232 = LINE ( 'NONE', #3990, #1650 ) ;
#8233 = LINE ( 'NONE', #8952, #1625 ) ;
#8234 = CARTESIAN_POINT ( 'NONE',  ( -35.22500000000000142, 0.000000000000000000, 14.10332024559068920 ) ) ;
#8235 = ADVANCED_FACE ( 'NONE', ( #6517 ), #7792, .F. ) ;
#8236 = DIRECTION ( 'NONE',  ( -0.9993908270190957621, 0.03489949670250105246, 0.000000000000000000 ) ) ;
#8237 = ORIENTED_EDGE ( 'NONE', *, *, #823, .T. ) ;
#8238 = ADVANCED_FACE ( 'NONE', ( #1966 ), #1261, .F. ) ;
#8239 = VERTEX_POINT ( 'NONE', #8650 ) ;
#8240 = LINE ( 'NONE', #8287, #4636 ) ;
#8241 = EDGE_LOOP ( 'NONE', ( #5991, #5956, #7273, #6142 ) ) ;
#8242 = DIRECTION ( 'NONE',  ( -0.000000000000000000, 1.000000000000000000, -0.000000000000000000 ) ) ;
#8243 = CARTESIAN_POINT ( 'NONE',  ( -0.3047999999999999599, 0.7620000000000000107, 0.4826000000000000290 ) ) ;
#8244 = FACE_OUTER_BOUND ( 'NONE', #3580, .T. ) ;
#8245 = CARTESIAN_POINT ( 'NONE',  ( 39.35983003675661251, -1.399999999999999467, 22.88393290460573937 ) ) ;
#8246 = ORIENTED_EDGE ( 'NONE', *, *, #9140, .F. ) ;
#8247 = VERTEX_POINT ( 'NONE', #9361 ) ;
#8248 = LINE ( 'NONE', #5398, #5116 ) ;
#8249 = AXIS2_PLACEMENT_3D ( 'NONE', #370, #4747, #5467 ) ;
#8250 = LINE ( 'NONE', #6111, #2711 ) ;
#8251 = DIRECTION ( 'NONE',  ( 0.03489949670250104552, -0.9993908270190956511, 0.000000000000000000 ) ) ;
#8252 = ORIENTED_EDGE ( 'NONE', *, *, #2600, .T. ) ;
#8253 = LINE ( 'NONE', #1714, #2663 ) ;
#8254 = EDGE_LOOP ( 'NONE', ( #4013, #1505, #8589, #6122 ) ) ;
#8255 = CARTESIAN_POINT ( 'NONE',  ( -25.21348780755075580, -9.737363899785263399, 6.285729587544861552 ) ) ;
#8256 = FACE_OUTER_BOUND ( 'NONE', #7952, .T. ) ;
#8257 = LINE ( 'NONE', #7555, #920 ) ;
#8258 = VECTOR ( 'NONE', #1999, 1000.000000000000000 ) ;
#8259 = ORIENTED_EDGE ( 'NONE', *, *, #8867, .F. ) ;
#8260 = CARTESIAN_POINT ( 'NONE',  ( -0.3047999999999999599, 3.048000000000000043, -0.04955848441160460444 ) ) ;
#8261 = EDGE_CURVE ( 'NONE', #8726, #8184, #8502, .T. ) ;
#8262 = CARTESIAN_POINT ( 'NONE',  ( 24.22499999999999787, -11.77500000000000036, -37.47500000000000142 ) ) ;
#8263 = ORIENTED_EDGE ( 'NONE', *, *, #6375, .T. ) ;
#8264 = VECTOR ( 'NONE', #955, 1000.000000000000000 ) ;
#8265 = CARTESIAN_POINT ( 'NONE',  ( -39.35983003675661251, 0.000000000000000000, 22.88393290460573937 ) ) ;
#8266 = LINE ( 'NONE', #6173, #8743 ) ;
#8267 = CARTESIAN_POINT ( 'NONE',  ( -36.22500000000000142, -1.819537539667370973, 14.10332024559068920 ) ) ;
#8268 = CARTESIAN_POINT ( 'NONE',  ( 0.08687802539211569863, 7.826489972236299053, -3.174999999999999822 ) ) ;
#8269 = AXIS2_PLACEMENT_3D ( 'NONE', #1295, #6302, #3352 ) ;
#8270 = LINE ( 'NONE', #1033, #1603 ) ;
#8271 = ORIENTED_EDGE ( 'NONE', *, *, #3650, .F. ) ;
#8272 = AXIS2_PLACEMENT_3D ( 'NONE', #5106, #1518, #6716 ) ;
#8273 = VERTEX_POINT ( 'NONE', #601 ) ;
#8274 = CARTESIAN_POINT ( 'NONE',  ( 0.08687802539211569863, 7.826489972236299053, -2.387599999999999945 ) ) ;
#8275 = EDGE_CURVE ( 'NONE', #9271, #5264, #38, .T. ) ;
#8276 = ADVANCED_FACE ( 'NONE', ( #1360 ), #2111, .F. ) ;
#8277 = CARTESIAN_POINT ( 'NONE',  ( -38.31380793923467110, 0.000000000000000000, 0.000000000000000000 ) ) ;
#8278 = EDGE_LOOP ( 'NONE', ( #1308, #2234, #8832, #5808 ) ) ;
#8279 = LINE ( 'NONE', #4663, #7670 ) ;
#8280 = AXIS2_PLACEMENT_3D ( 'NONE', #8197, #6580, #8771 ) ;
#8281 = DIRECTION ( 'NONE',  ( 0.000000000000000000, 0.000000000000000000, 1.000000000000000000 ) ) ;
#8282 = LINE ( 'NONE', #380, #4824 ) ;
#8283 = AXIS2_PLACEMENT_3D ( 'NONE', #6961, #4677, #4867 ) ;
#8284 = EDGE_LOOP ( 'NONE', ( #6850, #6456, #371, #9285 ) ) ;
#8285 = CARTESIAN_POINT ( 'NONE',  ( -35.72499999999999432, -1.200000000000000178, -7.696679754409310625 ) ) ;
#8286 = ORIENTED_EDGE ( 'NONE', *, *, #8940, .F. ) ;
#8287 = CARTESIAN_POINT ( 'NONE',  ( -27.22499999999999787, -11.77500000000000036, -30.92499999999999716 ) ) ;
#8288 = VECTOR ( 'NONE', #6224, 1000.000000000000000 ) ;
#8289 = AXIS2_PLACEMENT_3D ( 'NONE', #6369, #7178, #9215 ) ;
#8290 = EDGE_CURVE ( 'NONE', #854, #5561, #5013, .T. ) ;
#8291 = VECTOR ( 'NONE', #1230, 1000.000000000000000 ) ;
#8292 = EDGE_CURVE ( 'NONE', #4077, #6459, #7881, .T. ) ;
#8293 = EDGE_LOOP ( 'NONE', ( #8304, #2502 ) ) ;
#8294 = EDGE_CURVE ( 'NONE', #3970, #1743, #3132, .T. ) ;
#8295 = FACE_OUTER_BOUND ( 'NONE', #4673, .T. ) ;
#8296 = DIRECTION ( 'NONE',  ( -1.000000000000000000, -0.000000000000000000, -0.000000000000000000 ) ) ;
#8297 = DIRECTION ( 'NONE',  ( 0.000000000000000000, 0.000000000000000000, 1.000000000000000000 ) ) ;
#8298 = CARTESIAN_POINT ( 'NONE',  ( -0.3047999999999999599, 4.317999999999999616, -3.174999999999999822 ) ) ;
#8299 = ORIENTED_EDGE ( 'NONE', *, *, #195, .F. ) ;
#8300 = FACE_OUTER_BOUND ( 'NONE', #7148, .T. ) ;
#8301 = VECTOR ( 'NONE', #6673, 1000.000000000000000 ) ;
#8302 = CARTESIAN_POINT ( 'NONE',  ( 24.42810911145755171, -9.659192512834593458, -6.125000000000010658 ) ) ;
#8303 = CARTESIAN_POINT ( 'NONE',  ( 0.000000000000000000, 0.000000000000000000, 0.000000000000000000 ) ) ;
#8304 = ORIENTED_EDGE ( 'NONE', *, *, #4680, .F. ) ;
#8305 = VERTEX_POINT ( 'NONE', #3086 ) ;
#8306 = CARTESIAN_POINT ( 'NONE',  ( -24.42810911145754815, -9.659192512834604116, 6.125000000000010658 ) ) ;
#8307 = CARTESIAN_POINT ( 'NONE',  ( 35.22500000000000142, -11.77500000000000036, -43.99999999999995737 ) ) ;
#8308 = DIRECTION ( 'NONE',  ( 0.000000000000000000, 0.000000000000000000, 1.000000000000000000 ) ) ;
#8309 = AXIS2_PLACEMENT_3D ( 'NONE', #7646, #1684, #8219 ) ;
#8310 = EDGE_LOOP ( 'NONE', ( #2643, #3338, #478, #4721 ) ) ;
#8311 = VERTEX_POINT ( 'NONE', #76 ) ;
#8312 = CARTESIAN_POINT ( 'NONE',  ( -0.6095901690410600038, 2.316503594301455138, -0.4826000000000000290 ) ) ;
#8313 = CARTESIAN_POINT ( 'NONE',  ( 36.22499999999999432, -1.700000000000000178, -7.701660122795333407 ) ) ;
#8314 = ORIENTED_EDGE ( 'NONE', *, *, #669, .T. ) ;
#8315 = VECTOR ( 'NONE', #5646, 1000.000000000000000 ) ;
#8316 = VECTOR ( 'NONE', #170, 1000.000000000000000 ) ;
#8317 = LINE ( 'NONE', #8401, #4638 ) ;
#8318 = LINE ( 'NONE', #8941, #7873 ) ;
#8319 = CARTESIAN_POINT ( 'NONE',  ( -3.651420223650889696, 11.11302508089036145, 3.174999999999999822 ) ) ;
#8320 = ADVANCED_FACE ( 'NONE', ( #4550 ), #2251, .F. ) ;
#8321 = VECTOR ( 'NONE', #8364, 1000.000000000000000 ) ;
#8322 = DIRECTION ( 'NONE',  ( 0.000000000000000000, 0.000000000000000000, -1.000000000000000000 ) ) ;
#8323 = ORIENTED_EDGE ( 'NONE', *, *, #1231, .T. ) ;
#8324 = ORIENTED_EDGE ( 'NONE', *, *, #7001, .F. ) ;
#8325 = LINE ( 'NONE', #3323, #5401 ) ;
#8326 = CARTESIAN_POINT ( 'NONE',  ( 39.35983003675661251, 0.000000000000000000, 20.68393290460574718 ) ) ;
#8327 = VERTEX_POINT ( 'NONE', #8878 ) ;
#8328 = CARTESIAN_POINT ( 'NONE',  ( 0.08687802539211569863, 7.826489972236299053, 3.174999999999999822 ) ) ;
#8329 = VECTOR ( 'NONE', #1665, 1000.000000000000000 ) ;
#8330 = CARTESIAN_POINT ( 'NONE',  ( -36.22500000000000142, -2.199999999999999734, -31.19999999999999574 ) ) ;
#8331 = PLANE ( 'NONE',  #4987 ) ;
#8332 = EDGE_CURVE ( 'NONE', #7337, #6682, #5178, .T. ) ;
#8333 = EDGE_CURVE ( 'NONE', #2879, #3157, #7324, .T. ) ;
#8334 = VERTEX_POINT ( 'NONE', #8117 ) ;
#8335 = ORIENTED_EDGE ( 'NONE', *, *, #5281, .T. ) ;
#8336 = DIRECTION ( 'NONE',  ( 0.000000000000000000, -1.000000000000000000, -2.753879025871234817E-16 ) ) ;
#8337 = VECTOR ( 'NONE', #347, 1000.000000000000000 ) ;
#8338 = VECTOR ( 'NONE', #9300, 1000.000000000000000 ) ;
#8339 = ORIENTED_EDGE ( 'NONE', *, *, #3218, .F. ) ;
#8340 = DIRECTION ( 'NONE',  ( 0.000000000000000000, 0.000000000000000000, 1.000000000000000000 ) ) ;
#8341 = CARTESIAN_POINT ( 'NONE',  ( -39.35983003675661251, 0.000000000000000000, -21.78393290460574505 ) ) ;
#8342 = EDGE_CURVE ( 'NONE', #6073, #4253, #1629, .T. ) ;
#8343 = VECTOR ( 'NONE', #8251, 1000.000000000000114 ) ;
#8344 = EDGE_CURVE ( 'NONE', #1838, #4037, #9086, .T. ) ;
#8345 = CARTESIAN_POINT ( 'NONE',  ( -27.22499999999999787, -11.77500000000000036, -27.92499999999999716 ) ) ;
#8346 = EDGE_CURVE ( 'NONE', #6790, #8408, #5270, .T. ) ;
#8347 = ORIENTED_EDGE ( 'NONE', *, *, #1224, .F. ) ;
#8348 = CARTESIAN_POINT ( 'NONE',  ( -36.22499999999999432, -1.700000000000000178, -7.701660122795333407 ) ) ;
#8349 = LINE ( 'NONE', #3446, #4502 ) ;
#8350 = DIRECTION ( 'NONE',  ( -0.000000000000000000, 1.000000000000000000, -0.000000000000000000 ) ) ;
#8351 = VERTEX_POINT ( 'NONE', #7415 ) ;
#8352 = ORIENTED_EDGE ( 'NONE', *, *, #3513, .T. ) ;
#8353 = LINE ( 'NONE', #3934, #5402 ) ;
#8354 = CARTESIAN_POINT ( 'NONE',  ( -35.22500000000000142, -0.8195375396673710844, -7.703320245590689730 ) ) ;
#8355 = EDGE_CURVE ( 'NONE', #5769, #2154, #7982, .T. ) ;
#8356 = CARTESIAN_POINT ( 'NONE',  ( 6.097429467195710607E-18, 3.048000000000000043, -0.4432325894919639797 ) ) ;
#8357 = ORIENTED_EDGE ( 'NONE', *, *, #7621, .F. ) ;
#8358 = EDGE_CURVE ( 'NONE', #144, #8543, #1182, .T. ) ;
#8359 = CARTESIAN_POINT ( 'NONE',  ( 36.22500000000000142, -1.819537539667370973, -14.10332024559068920 ) ) ;
#8360 = CARTESIAN_POINT ( 'NONE',  ( -0.2944141918529090129, 6.403488044947239999, -3.174999999999999822 ) ) ;
#8361 = ORIENTED_EDGE ( 'NONE', *, *, #5740, .T. ) ;
#8362 = DIRECTION ( 'NONE',  ( -0.03489949670250104552, 0.9993908270190956511, 0.000000000000000000 ) ) ;
#8363 = CARTESIAN_POINT ( 'NONE',  ( -3.829619135696194832, 11.68300580833308011, -2.374900000000000233 ) ) ;
#8364 = DIRECTION ( 'NONE',  ( 0.000000000000000000, 0.000000000000000000, -1.000000000000000000 ) ) ;
#8365 = DIRECTION ( 'NONE',  ( 0.000000000000000000, -0.000000000000000000, 1.000000000000000000 ) ) ;
#8366 = ORIENTED_EDGE ( 'NONE', *, *, #69, .T. ) ;
#8367 = VERTEX_POINT ( 'NONE', #8930 ) ;
#8368 = LINE ( 'NONE', #416, #1775 ) ;
#8369 = CARTESIAN_POINT ( 'NONE',  ( -36.62500000000000000, -11.77500000000000036, -14.09999999999997655 ) ) ;
#8370 = ORIENTED_EDGE ( 'NONE', *, *, #939, .T. ) ;
#8371 = CARTESIAN_POINT ( 'NONE',  ( 36.22500000000000142, -1.739845846555790221, -7.703320245590689730 ) ) ;
#8372 = DIRECTION ( 'NONE',  ( 0.000000000000000000, 0.000000000000000000, 1.000000000000000000 ) ) ;
#8373 = DIRECTION ( 'NONE',  ( 0.000000000000000000, -1.000000000000000000, 0.000000000000000000 ) ) ;
#8374 = ORIENTED_EDGE ( 'NONE', *, *, #5249, .T. ) ;
#8375 = ORIENTED_EDGE ( 'NONE', *, *, #8275, .F. ) ;
#8376 = DIRECTION ( 'NONE',  ( -0.000000000000000000, 1.000000000000000000, -0.000000000000000000 ) ) ;
#8377 = ADVANCED_FACE ( 'NONE', ( #7691 ), #6793, .F. ) ;
#8378 = ORIENTED_EDGE ( 'NONE', *, *, #643, .T. ) ;
#8379 = VERTEX_POINT ( 'NONE', #6840 ) ;
#8380 = CARTESIAN_POINT ( 'NONE',  ( -36.22499999999999432, -11.77500000000000036, -9.399999999999998579 ) ) ;
#8381 = LINE ( 'NONE', #5485, #3114 ) ;
#8382 = LINE ( 'NONE', #387, #6061 ) ;
#8383 = ORIENTED_EDGE ( 'NONE', *, *, #1513, .T. ) ;
#8384 = CARTESIAN_POINT ( 'NONE',  ( 36.62499999999999289, -11.77500000000000036, 30.89500000000002089 ) ) ;
#8385 = DIRECTION ( 'NONE',  ( 0.000000000000000000, -1.000000000000000000, 0.000000000000000000 ) ) ;
#8386 = ADVANCED_FACE ( 'NONE', ( #6875 ), #2480, .F. ) ;
#8387 = EDGE_CURVE ( 'NONE', #6837, #2342, #2613, .T. ) ;
#8388 = LINE ( 'NONE', #1894, #6584 ) ;
#8389 = EDGE_LOOP ( 'NONE', ( #1292, #4230, #5790, #7105 ) ) ;
#8390 = EDGE_CURVE ( 'NONE', #4338, #6790, #8935, .T. ) ;
#8391 = VERTEX_POINT ( 'NONE', #1816 ) ;
#8392 = CARTESIAN_POINT ( 'NONE',  ( -35.86286594662684024, -1.199999999999999734, 14.10000000000002451 ) ) ;
#8393 = CARTESIAN_POINT ( 'NONE',  ( 38.72500000000000142, -11.77500000000000036, -9.094999999999977547 ) ) ;
#8394 = DIRECTION ( 'NONE',  ( 0.000000000000000000, -1.000000000000000000, 0.000000000000000000 ) ) ;
#8395 = ORIENTED_EDGE ( 'NONE', *, *, #5930, .F. ) ;
#8396 = VECTOR ( 'NONE', #782, 1000.000000000000000 ) ;
#8397 = DIRECTION ( 'NONE',  ( -1.000000000000000000, -0.000000000000000000, -0.000000000000000000 ) ) ;
#8398 = ADVANCED_FACE ( 'NONE', ( #6117 ), #5457, .F. ) ;
#8399 = DIRECTION ( 'NONE',  ( 0.000000000000000000, 0.000000000000000000, -1.000000000000000000 ) ) ;
#8400 = ORIENTED_EDGE ( 'NONE', *, *, #1978, .T. ) ;
#8401 = CARTESIAN_POINT ( 'NONE',  ( -36.22499999999999432, -11.77499999999999858, -34.20000000000000995 ) ) ;
#8402 = EDGE_CURVE ( 'NONE', #7975, #9150, #4695, .T. ) ;
#8403 = FACE_OUTER_BOUND ( 'NONE', #3365, .T. ) ;
#8404 = VECTOR ( 'NONE', #2186, 1000.000000000000000 ) ;
#8405 = CARTESIAN_POINT ( 'NONE',  ( -27.22499999999999787, -11.77500000000000036, -15.67499999999999361 ) ) ;
#8406 = LINE ( 'NONE', #8503, #5530 ) ;
#8407 = ORIENTED_EDGE ( 'NONE', *, *, #3782, .F. ) ;
#8408 = VERTEX_POINT ( 'NONE', #8215 ) ;
#8409 = FACE_OUTER_BOUND ( 'NONE', #4785, .T. ) ;
#8410 = PLANE ( 'NONE',  #6491 ) ;
#8411 = ORIENTED_EDGE ( 'NONE', *, *, #3110, .T. ) ;
#8412 = DIRECTION ( 'NONE',  ( -0.000000000000000000, 1.000000000000000000, 0.000000000000000000 ) ) ;
#8413 = LINE ( 'NONE', #470, #7081 ) ;
#8414 = CARTESIAN_POINT ( 'NONE',  ( -35.22500000000000142, -2.199999999999999734, -35.90000000000001990 ) ) ;
#8415 = AXIS2_PLACEMENT_3D ( 'NONE', #9099, #1884, #3069 ) ;
#8416 = CIRCLE ( 'NONE', #4322, 1.099999999999996758 ) ;
#8417 = ORIENTED_EDGE ( 'NONE', *, *, #2312, .T. ) ;
#8418 = LINE ( 'NONE', #2826, #695 ) ;
#8419 = ORIENTED_EDGE ( 'NONE', *, *, #1435, .T. ) ;
#8420 = ORIENTED_EDGE ( 'NONE', *, *, #3646, .F. ) ;
#8421 = EDGE_CURVE ( 'NONE', #6090, #2820, #359, .T. ) ;
#8422 = FACE_BOUND ( 'NONE', #6155, .T. ) ;
#8423 = ORIENTED_EDGE ( 'NONE', *, *, #8793, .T. ) ;
#8424 = AXIS2_PLACEMENT_3D ( 'NONE', #8076, #2864, #4995 ) ;
#8425 = VECTOR ( 'NONE', #4855, 1000.000000000000000 ) ;
#8426 = ORIENTED_EDGE ( 'NONE', *, *, #7546, .F. ) ;
#8427 = CARTESIAN_POINT ( 'NONE',  ( -35.53406715346157085, -1.439075079334741991, -7.703320245590689730 ) ) ;
#8428 = CARTESIAN_POINT ( 'NONE',  ( 36.22499999999999432, -2.200000000000000622, -31.19999999999999929 ) ) ;
#8429 = CARTESIAN_POINT ( 'NONE',  ( -3.366374583178094682, 9.084819961172630798, 2.374900000000000233 ) ) ;
#8430 = EDGE_CURVE ( 'NONE', #3938, #7297, #8257, .T. ) ;
#8431 = VECTOR ( 'NONE', #7907, 1000.000000000000114 ) ;
#8432 = VERTEX_POINT ( 'NONE', #9112 ) ;
#8433 = CARTESIAN_POINT ( 'NONE',  ( 39.35983003675661251, 0.000000000000000000, -21.78393290460574505 ) ) ;
#8434 = VECTOR ( 'NONE', #6705, 1000.000000000000000 ) ;
#8435 = CARTESIAN_POINT ( 'NONE',  ( -36.62500000000000000, -11.77500000000000036, -14.09999999999997655 ) ) ;
#8436 = DIRECTION ( 'NONE',  ( 0.000000000000000000, 1.000000000000000000, 0.000000000000000000 ) ) ;
#8437 = ORIENTED_EDGE ( 'NONE', *, *, #8974, .T. ) ;
#8438 = AXIS2_PLACEMENT_3D ( 'NONE', #2817, #697, #4849 ) ;
#8439 = CARTESIAN_POINT ( 'NONE',  ( 36.22499999999999432, -11.77500000000000036, 35.90000000000001990 ) ) ;
#8440 = AXIS2_PLACEMENT_3D ( 'NONE', #2978, #23, #4305 ) ;
#8441 = ORIENTED_EDGE ( 'NONE', *, *, #8033, .T. ) ;
#8442 = PLANE ( 'NONE',  #3870 ) ;
#8443 = DIRECTION ( 'NONE',  ( -0.000000000000000000, 1.000000000000000000, 0.000000000000000000 ) ) ;
#8444 = CARTESIAN_POINT ( 'NONE',  ( -0.3047901690410605435, 1.493496405698544249, -0.01019107390356875989 ) ) ;
#8445 = EDGE_CURVE ( 'NONE', #8675, #8879, #1718, .T. ) ;
#8446 = ADVANCED_FACE ( 'NONE', ( #1071 ), #8527, .T. ) ;
#8447 = ORIENTED_EDGE ( 'NONE', *, *, #870, .T. ) ;
#8448 = VECTOR ( 'NONE', #2471, 1000.000000000000000 ) ;
#8449 = CARTESIAN_POINT ( 'NONE',  ( -26.92214126508580208, -10.32024456652248112, -14.00292648205853752 ) ) ;
#8450 = CARTESIAN_POINT ( 'NONE',  ( -36.62499999999999289, -11.77500000000000036, 9.095000000000020179 ) ) ;
#8451 = ORIENTED_EDGE ( 'NONE', *, *, #1514, .T. ) ;
#8452 = CARTESIAN_POINT ( 'NONE',  ( -27.22500000000000497, -10.59439199674361021, 34.67499264689551097 ) ) ;
#8453 = VECTOR ( 'NONE', #1076, 1000.000000000000000 ) ;
#8454 = FACE_OUTER_BOUND ( 'NONE', #7789, .T. ) ;
#8455 = DIRECTION ( 'NONE',  ( 0.9659258262890699775, -0.2588190451025145222, 0.000000000000000000 ) ) ;
#8456 = ADVANCED_FACE ( 'NONE', ( #8539 ), #7024, .T. ) ;
#8457 = LINE ( 'NONE', #7139, #6321 ) ;
#8458 = EDGE_CURVE ( 'NONE', #8478, #6487, #685, .T. ) ;
#8459 = ORIENTED_EDGE ( 'NONE', *, *, #8430, .T. ) ;
#8460 = ORIENTED_EDGE ( 'NONE', *, *, #8624, .F. ) ;
#8461 = CARTESIAN_POINT ( 'NONE',  ( 25.74643293631219620, -9.850655169012771495, 28.33198052630777042 ) ) ;
#8462 = CIRCLE ( 'NONE', #7561, 3.809500000000000330 ) ;
#8463 = CARTESIAN_POINT ( 'NONE',  ( 35.22500000000000142, 0.000000000000000000, 9.399999999999995026 ) ) ;
#8464 = CARTESIAN_POINT ( 'NONE',  ( 39.35983003675661251, 0.000000000000000000, 21.78393290460574505 ) ) ;
#8465 = ORIENTED_EDGE ( 'NONE', *, *, #8738, .F. ) ;
#8466 = SURFACE_STYLE_USAGE ( .BOTH. , #6426 ) ;
#8467 = CARTESIAN_POINT ( 'NONE',  ( 9.596687352960589616E-19, 0.7620000000000000107, 0.4826000000000000290 ) ) ;
#8468 = CARTESIAN_POINT ( 'NONE',  ( -36.62499999999999289, -11.77500000000000036, -9.094999999999977547 ) ) ;
#8469 = CIRCLE ( 'NONE', #2116, 10.77500000000000036 ) ;
#8470 = ORIENTED_EDGE ( 'NONE', *, *, #1608, .T. ) ;
#8471 = DIRECTION ( 'NONE',  ( 0.000000000000000000, 2.891205793294672410E-16, -1.000000000000000000 ) ) ;
#8472 = ORIENTED_EDGE ( 'NONE', *, *, #6876, .T. ) ;
#8473 = VERTEX_POINT ( 'NONE', #8587 ) ;
#8474 = CARTESIAN_POINT ( 'NONE',  ( 27.22500000000000497, -10.59439199674361021, -34.67499264689551097 ) ) ;
#8475 = EDGE_CURVE ( 'NONE', #1089, #6057, #1955, .T. ) ;
#8476 = ORIENTED_EDGE ( 'NONE', *, *, #5958, .T. ) ;
#8477 = VECTOR ( 'NONE', #5596, 1000.000000000000000 ) ;
#8478 = VERTEX_POINT ( 'NONE', #5641 ) ;
#8479 = DIRECTION ( 'NONE',  ( 0.03489949670250104552, -0.9993908270190956511, 0.000000000000000000 ) ) ;
#8480 = CARTESIAN_POINT ( 'NONE',  ( 35.22500000000000142, 0.000000000000000000, 43.79446661047027334 ) ) ;
#8481 = DIRECTION ( 'NONE',  ( -1.000000000000000000, 0.000000000000000000, 0.000000000000000000 ) ) ;
#8482 = VECTOR ( 'NONE', #1384, 1000.000000000000000 ) ;
#8483 = AXIS2_PLACEMENT_3D ( 'NONE', #500, #3361, #5649 ) ;
#8484 = VERTEX_POINT ( 'NONE', #2149 ) ;
#8485 = LINE ( 'NONE', #5776, #8884 ) ;
#8486 = LINE ( 'NONE', #1892, #6022 ) ;
#8487 = LINE ( 'NONE', #5490, #3238 ) ;
#8488 = ITEM_DEFINED_TRANSFORMATION ( 'NONE', 'NONE', #5608,  #2439 ) ;
#8489 = ORIENTED_EDGE ( 'NONE', *, *, #5714, .F. ) ;
#8490 = VECTOR ( 'NONE', #660, 1000.000000000000000 ) ;
#8491 = DIRECTION ( 'NONE',  ( -1.000000000000000000, 0.000000000000000000, -0.000000000000000000 ) ) ;
#8492 = CARTESIAN_POINT ( 'NONE',  ( 36.22499999999999432, -6.275000000000002132, 14.10000000000002451 ) ) ;
#8493 = CARTESIAN_POINT ( 'NONE',  ( -27.07017254884050317, -10.42092389632503568, -29.95418578821533728 ) ) ;
#8494 = LINE ( 'NONE', #591, #7429 ) ;
#8495 = ORIENTED_EDGE ( 'NONE', *, *, #8819, .F. ) ;
#8496 = CARTESIAN_POINT ( 'NONE',  ( -24.22500000000000497, -9.659192512834593458, -15.67499999999999361 ) ) ;
#8497 = CARTESIAN_POINT ( 'NONE',  ( 35.22500000000000142, 0.000000000000000000, 0.000000000000000000 ) ) ;
#8498 = ORIENTED_EDGE ( 'NONE', *, *, #1212, .F. ) ;
#8499 = EDGE_CURVE ( 'NONE', #703, #538, #9350, .T. ) ;
#8500 = LINE ( 'NONE', #9161, #2680 ) ;
#8501 = LINE ( 'NONE', #7747, #7562 ) ;
#8502 = LINE ( 'NONE', #6371, #3779 ) ;
#8503 = CARTESIAN_POINT ( 'NONE',  ( -36.22500000000000142, -2.199999999999999734, 29.50000000000002132 ) ) ;
#8504 = ORIENTED_EDGE ( 'NONE', *, *, #1835, .T. ) ;
#8505 = ORIENTED_EDGE ( 'NONE', *, *, #1045, .T. ) ;
#8506 = LINE ( 'NONE', #5654, #7541 ) ;
#8507 = CARTESIAN_POINT ( 'NONE',  ( 36.22500000000000142, -1.819537539667370973, 14.10332024559068920 ) ) ;
#8508 = EDGE_CURVE ( 'NONE', #3863, #783, #1398, .T. ) ;
#8509 = EDGE_CURVE ( 'NONE', #637, #6073, #8494, .T. ) ;
#8510 = DIRECTION ( 'NONE',  ( 0.000000000000000000, 0.7071067811865918706, 0.7071067811865030528 ) ) ;
#8511 = VERTEX_POINT ( 'NONE', #4307 ) ;
#8512 = CARTESIAN_POINT ( 'NONE',  ( 36.22500000000000142, -0.8195375396673710844, -7.703320245590689730 ) ) ;
#8513 = EDGE_CURVE ( 'NONE', #1244, #4141, #3354, .T. ) ;
#8514 = CARTESIAN_POINT ( 'NONE',  ( -3.829619135696194832, 11.68300580833308011, 3.174999999999999822 ) ) ;
#8515 = VERTEX_POINT ( 'NONE', #5024 ) ;
#8516 = PLANE ( 'NONE',  #851 ) ;
#8517 = VERTEX_POINT ( 'NONE', #4262 ) ;
#8518 = ORIENTED_EDGE ( 'NONE', *, *, #827, .T. ) ;
#8519 = CARTESIAN_POINT ( 'NONE',  ( 24.42795617425250754, -9.659192512834597011, -37.47499999999998721 ) ) ;
#8520 = ORIENTED_EDGE ( 'NONE', *, *, #4962, .F. ) ;
#8521 = EDGE_CURVE ( 'NONE', #7387, #6822, #4160, .T. ) ;
#8522 = EDGE_LOOP ( 'NONE', ( #5222, #8671, #5408, #494 ) ) ;
#8523 = LINE ( 'NONE', #3437, #3722 ) ;
#8524 = FACE_OUTER_BOUND ( 'NONE', #8146, .T. ) ;
#8525 = EDGE_CURVE ( 'NONE', #2881, #155, #6257, .T. ) ;
#8526 = DIRECTION ( 'NONE',  ( -0.9902680687415701399, -0.1391731009600670199, 0.000000000000000000 ) ) ;
#8527 = B_SPLINE_SURFACE_WITH_KNOTS ( 'NONE', 3, 3, ( 
 ( #7503, #3216, #4591, #9014 ),
 ( #8356, #1154, #6977, #2524 ),
 ( #5407, #493, #1113, #317 ),
 ( #448, #8973, #3973, #3258 ),
 ( #6166, #4019, #1860, #4737 ),
 ( #6929, #3309, #6211, #6455 ),
 ( #8640, #2758, #8444, #3454 ) ),
 .UNSPECIFIED., .F., .F., .F.,
 ( 4, 1, 1, 1, 4 ),
 ( 4, 4 ),
 ( 0.1960862708634034945, 0.2720647031475530442, 0.3480431354317020110, 0.4240215677158509777, 0.5000000000000000000 ),
 ( 0.000000000000000000, 1.000000000000000000 ),
 .UNSPECIFIED. ) ;
#8528 = ORIENTED_EDGE ( 'NONE', *, *, #4437, .T. ) ;
#8529 = ORIENTED_EDGE ( 'NONE', *, *, #6390, .T. ) ;
#8530 = CARTESIAN_POINT ( 'NONE',  ( -36.22499999999999432, -1.700000000000000178, 7.701660122795356500 ) ) ;
#8531 = DIRECTION ( 'NONE',  ( 0.000000000000000000, 0.000000000000000000, 1.000000000000000000 ) ) ;
#8532 = DIRECTION ( 'NONE',  ( 0.000000000000000000, -1.000000000000000000, 0.000000000000000000 ) ) ;
#8533 = DIRECTION ( 'NONE',  ( 1.000000000000000000, 0.000000000000000000, 0.000000000000000000 ) ) ;
#8534 = VERTEX_POINT ( 'NONE', #2656 ) ;
#8535 = CARTESIAN_POINT ( 'NONE',  ( -35.22500000000000142, -6.275000000000001243, 34.20000000000000284 ) ) ;
#8536 = ORIENTED_EDGE ( 'NONE', *, *, #5792, .F. ) ;
#8537 = DIRECTION ( 'NONE',  ( 0.000000000000000000, 0.000000000000000000, 1.000000000000000000 ) ) ;
#8538 = CARTESIAN_POINT ( 'NONE',  ( 39.35983003675661251, 0.000000000000000000, -25.61843290460573996 ) ) ;
#8539 = FACE_OUTER_BOUND ( 'NONE', #2066, .T. ) ;
#8540 = ORIENTED_EDGE ( 'NONE', *, *, #5418, .T. ) ;
#8541 = CARTESIAN_POINT ( 'NONE',  ( -39.35983003675661251, -1.399999999999999467, -21.78393290460574505 ) ) ;
#8542 = CARTESIAN_POINT ( 'NONE',  ( 36.22500000000000142, -2.199999999999999734, 35.90000000000001990 ) ) ;
#8543 = VERTEX_POINT ( 'NONE', #9259 ) ;
#8544 = FACE_OUTER_BOUND ( 'NONE', #5622, .T. ) ;
#8545 = CARTESIAN_POINT ( 'NONE',  ( 36.62499999999999289, 0.000000000000000000, -29.49999999999997868 ) ) ;
#8546 = CARTESIAN_POINT ( 'NONE',  ( -24.42795617425250043, -9.659192512834602340, 15.67499999999999361 ) ) ;
#8547 = EDGE_CURVE ( 'NONE', #3828, #1286, #1437, .T. ) ;
#8548 = LINE ( 'NONE', #2060, #4645 ) ;
#8549 = ORIENTED_EDGE ( 'NONE', *, *, #1390, .T. ) ;
#8550 = ORIENTED_EDGE ( 'NONE', *, *, #1461, .F. ) ;
#8551 = CARTESIAN_POINT ( 'NONE',  ( 27.07017254884048896, -10.42092389632503568, 29.95418578821533728 ) ) ;
#8552 = CARTESIAN_POINT ( 'NONE',  ( 36.22500000000000142, -1.819537539667370973, 7.703320245590689730 ) ) ;
#8553 = VECTOR ( 'NONE', #7118, 1000.000000000000000 ) ;
#8554 = CARTESIAN_POINT ( 'NONE',  ( -39.35983003675661251, -1.399999999999999911, 25.59343290460574494 ) ) ;
#8555 = ORIENTED_EDGE ( 'NONE', *, *, #3564, .F. ) ;
#8556 = DIRECTION ( 'NONE',  ( -0.000000000000000000, 1.000000000000000000, 2.891205793294672410E-16 ) ) ;
#8557 = DIRECTION ( 'NONE',  ( 1.948602322125630250E-34, 1.123292760552739998E-16, -1.000000000000000000 ) ) ;
#8558 = CARTESIAN_POINT ( 'NONE',  ( 27.07124291334524457, -10.42170876108506938, 13.64291581442446244 ) ) ;
#8559 = EDGE_CURVE ( 'NONE', #4586, #3068, #5542, .T. ) ;
#8560 = CARTESIAN_POINT ( 'NONE',  ( -36.62499999999999289, -11.77500000000000036, -9.094999999999977547 ) ) ;
#8561 = EDGE_CURVE ( 'NONE', #1233, #8311, #7740, .T. ) ;
#8562 = AXIS2_PLACEMENT_3D ( 'NONE', #6611, #5892, #5227 ) ;
#8563 = VERTEX_POINT ( 'NONE', #2003 ) ;
#8564 = CARTESIAN_POINT ( 'NONE',  ( 36.62500000000000000, -11.77500000000000036, 7.700000000000022382 ) ) ;
#8565 = ORIENTED_EDGE ( 'NONE', *, *, #4962, .T. ) ;
#8566 = ORIENTED_EDGE ( 'NONE', *, *, #8936, .T. ) ;
#8567 = CYLINDRICAL_SURFACE ( 'NONE', #1320, 1.099999999999996758 ) ;
#8568 = DIRECTION ( 'NONE',  ( 1.000000000000000000, -0.000000000000000000, -0.000000000000000000 ) ) ;
#8569 = DIRECTION ( 'NONE',  ( -1.000000000000000000, -0.000000000000000000, -0.000000000000000000 ) ) ;
#8570 = ADVANCED_FACE ( 'NONE', ( #2853 ), #537, .F. ) ;
#8571 = ORIENTED_EDGE ( 'NONE', *, *, #2828, .T. ) ;
#8572 = ORIENTED_EDGE ( 'NONE', *, *, #6606, .T. ) ;
#8573 = LINE ( 'NONE', #2140, #6460 ) ;
#8574 = AXIS2_PLACEMENT_3D ( 'NONE', #1850, #266, #3840 ) ;
#8575 = EDGE_CURVE ( 'NONE', #4312, #7972, #2709, .T. ) ;
#8576 = VECTOR ( 'NONE', #6341, 1000.000000000000114 ) ;
#8577 = B_SPLINE_CURVE_WITH_KNOTS ( 'NONE', 3,
 ( #4910, #6441, #6538, #9243, #3438, #3535, #2746, #4248, #1383, #6394, #8623, #4963, #7110, #6344, #4197, #7159, #7257, #9333 ),
 .UNSPECIFIED., .F., .F.,
 ( 4, 2, 2, 2, 2, 2, 2, 2, 4 ),
 ( 0.000000000000000000, 0.0005996163484686796658, 0.001199232696937359332, 0.001798849045406039106, 0.002398465393874718663, 0.002998081742343398221, 0.003597698090812078212, 0.004197314439280757335, 0.004796930787749437326 ),
 .UNSPECIFIED. ) ;
#8578 = CARTESIAN_POINT ( 'NONE',  ( 9.948565889235811505E-18, 7.899400000000000865, 2.362200000000000077 ) ) ;
#8579 = AXIS2_PLACEMENT_3D ( 'NONE', #6636, #8154, #6726 ) ;
#8580 = CARTESIAN_POINT ( 'NONE',  ( 35.22500000000000142, -1.819537539667370973, 9.399999999999995026 ) ) ;
#8581 = ORIENTED_EDGE ( 'NONE', *, *, #4797, .T. ) ;
#8582 = CARTESIAN_POINT ( 'NONE',  ( 39.35983003675661251, -1.399999999999999467, -21.78393290460574505 ) ) ;
#8583 = CARTESIAN_POINT ( 'NONE',  ( -25.01724498359140014, -9.707919402531913988, -6.224653052064230252 ) ) ;
#8584 = VECTOR ( 'NONE', #5385, 1000.000000000000000 ) ;
#8585 = LINE ( 'NONE', #4213, #2288 ) ;
#8586 = AXIS2_PLACEMENT_3D ( 'NONE', #468, #6855, #510 ) ;
#8587 = CARTESIAN_POINT ( 'NONE',  ( 35.22500000000000142, -6.275000000000000355, 31.19999999999999574 ) ) ;
#8588 = AXIS2_PLACEMENT_3D ( 'NONE', #4295, #5012, #5628 ) ;
#8589 = ORIENTED_EDGE ( 'NONE', *, *, #3022, .F. ) ;
#8590 = DIRECTION ( 'NONE',  ( -0.000000000000000000, 1.000000000000000000, -0.000000000000000000 ) ) ;
#8591 = VECTOR ( 'NONE', #6470, 1000.000000000000000 ) ;
#8592 = VECTOR ( 'NONE', #7135, 1000.000000000000000 ) ;
#8593 = CARTESIAN_POINT ( 'NONE',  ( -0.3047999999999999599, 0.000000000000000000, 3.174999999999999822 ) ) ;
#8594 = ORIENTED_EDGE ( 'NONE', *, *, #9102, .T. ) ;
#8595 = DIRECTION ( 'NONE',  ( -0.000000000000000000, 1.000000000000000000, -0.000000000000000000 ) ) ;
#8596 = CARTESIAN_POINT ( 'NONE',  ( 36.22499999999999432, -11.77500000000000036, 14.10000000000002274 ) ) ;
#8597 = CARTESIAN_POINT ( 'NONE',  ( -27.20520594547036097, -10.55583604369455841, 13.07115278890304211 ) ) ;
#8598 = AXIS2_PLACEMENT_3D ( 'NONE', #3755, #1500, #6169 ) ;
#8599 = DIRECTION ( 'NONE',  ( 0.000000000000000000, -2.891205793294672410E-16, 1.000000000000000000 ) ) ;
#8600 = ORIENTED_EDGE ( 'NONE', *, *, #8275, .T. ) ;
#8601 = EDGE_LOOP ( 'NONE', ( #1255, #8807, #5948, #991 ) ) ;
#8602 = CARTESIAN_POINT ( 'NONE',  ( -35.22500000000000142, -1.199999999999999956, 7.701660122795355612 ) ) ;
#8603 = DIRECTION ( 'NONE',  ( 0.000000000000000000, -0.000000000000000000, -1.000000000000000000 ) ) ;
#8604 = AXIS2_PLACEMENT_3D ( 'NONE', #3926, #4583, #7494 ) ;
#8605 = CARTESIAN_POINT ( 'NONE',  ( 36.22499999999999432, -1.819537539667371195, 12.40000000000000213 ) ) ;
#8606 = ORIENTED_EDGE ( 'NONE', *, *, #8920, .F. ) ;
#8607 = LINE ( 'NONE', #4182, #8733 ) ;
#8608 = EDGE_CURVE ( 'NONE', #2377, #5827, #7785, .T. ) ;
#8609 = FACE_OUTER_BOUND ( 'NONE', #4551, .T. ) ;
#8610 = B_SPLINE_CURVE_WITH_KNOTS ( 'NONE', 3,
 ( #8285, #6101, #1792, #6631, #5244, #150 ),
 .UNSPECIFIED., .F., .F.,
 ( 4, 2, 4 ),
 ( 0.000000000000000000, 0.5000000000000000000, 1.000000000000000000 ),
 .UNSPECIFIED. ) ;
#8611 = PRODUCT ( '21700_battery_holder_assemV2', '21700_battery_holder_assemV2', '', ( #2703 ) ) ;
#8612 = CARTESIAN_POINT ( 'NONE',  ( -0.3047901690410605435, 1.493496405698544249, -0.01019107390356875989 ) ) ;
#8613 = VECTOR ( 'NONE', #3520, 1000.000000000000000 ) ;
#8614 = DIRECTION ( 'NONE',  ( -1.000000000000000000, -0.000000000000000000, -0.000000000000000000 ) ) ;
#8615 = ORIENTED_EDGE ( 'NONE', *, *, #6429, .F. ) ;
#8616 = EDGE_LOOP ( 'NONE', ( #504, #7465, #3030, #5929, #712, #1582, #5574, #1818, #3137, #4904, #4505, #4503 ) ) ;
#8617 = CARTESIAN_POINT ( 'NONE',  ( -35.22500000000000142, 5.421010862427522170E-16, -9.399999999999998579 ) ) ;
#8618 = ORIENTED_EDGE ( 'NONE', *, *, #5644, .F. ) ;
#8619 = ORIENTED_EDGE ( 'NONE', *, *, #5392, .F. ) ;
#8620 = DIRECTION ( 'NONE',  ( 7.127563398038339466E-17, 0.000000000000000000, 1.000000000000000000 ) ) ;
#8621 = EDGE_CURVE ( 'NONE', #5310, #6113, #2803, .T. ) ;
#8622 = VECTOR ( 'NONE', #1876, 1000.000000000000000 ) ;
#8623 = CARTESIAN_POINT ( 'NONE',  ( 26.07349211351372986, -9.946160579764853793, 36.84594497867068696 ) ) ;
#8624 = EDGE_CURVE ( 'NONE', #63, #5855, #3028, .T. ) ;
#8625 = PLANE ( 'NONE',  #4838 ) ;
#8626 = EDGE_LOOP ( 'NONE', ( #1803, #576, #5233, #1797, #3100, #8347, #3241, #7619 ) ) ;
#8627 = ORIENTED_EDGE ( 'NONE', *, *, #2500, .T. ) ;
#8628 = DIRECTION ( 'NONE',  ( -0.000000000000000000, 1.000000000000000000, -0.000000000000000000 ) ) ;
#8629 = VECTOR ( 'NONE', #2375, 1000.000000000000000 ) ;
#8630 = CARTESIAN_POINT ( 'NONE',  ( 0.3812922172450244895, 7.747601927289059276, -2.387599999999999945 ) ) ;
#8631 = FACE_OUTER_BOUND ( 'NONE', #6941, .T. ) ;
#8632 = ORIENTED_EDGE ( 'NONE', *, *, #1637, .F. ) ;
#8633 = EDGE_CURVE ( 'NONE', #432, #5901, #159, .T. ) ;
#8634 = DIRECTION ( 'NONE',  ( 0.000000000000000000, 1.000000000000000000, 0.000000000000000000 ) ) ;
#8635 = EDGE_CURVE ( 'NONE', #3516, #8675, #7314, .T. ) ;
#8636 = FACE_OUTER_BOUND ( 'NONE', #3205, .T. ) ;
#8638 = LINE ( 'NONE', #2148, #1806 ) ;
#8637 = CIRCLE ( 'NONE', #7886, 3.834499999999997577 ) ;
#8639 = EDGE_CURVE ( 'NONE', #2608, #4623, #5069, .T. ) ;
#8640 = CARTESIAN_POINT ( 'NONE',  ( 5.421010862427519705E-17, 3.048000000000000043, -0.01019107390356870091 ) ) ;
#8641 = VERTEX_POINT ( 'NONE', #828 ) ;
#8642 = PLANE ( 'NONE',  #5255 ) ;
#8643 = VECTOR ( 'NONE', #789, 1000.000000000000000 ) ;
#8644 = DIRECTION ( 'NONE',  ( -1.000000000000000000, 0.000000000000000000, 0.000000000000000000 ) ) ;
#8645 = ORIENTED_EDGE ( 'NONE', *, *, #5163, .F. ) ;
#8646 = FACE_OUTER_BOUND ( 'NONE', #2808, .T. ) ;
#8647 = EDGE_CURVE ( 'NONE', #6090, #7103, #2239, .T. ) ;
#8648 = DIRECTION ( 'NONE',  ( 0.000000000000000000, 0.000000000000000000, -1.000000000000000000 ) ) ;
#8649 = LINE ( 'NONE', #4122, #1979 ) ;
#8650 = CARTESIAN_POINT ( 'NONE',  ( 35.22500000000000142, 0.000000000000000000, 14.10000000000002274 ) ) ;
#8651 = EDGE_CURVE ( 'NONE', #1479, #4141, #8866, .T. ) ;
#8652 = DIRECTION ( 'NONE',  ( -1.000000000000000000, 0.000000000000000000, 1.084202172485504631E-15 ) ) ;
#8653 = CARTESIAN_POINT ( 'NONE',  ( -39.35983003675661251, -0.02500000000000038997, 21.78393290460574505 ) ) ;
#8654 = DIRECTION ( 'NONE',  ( -0.000000000000000000, 1.000000000000000000, -0.000000000000000000 ) ) ;
#8655 = CARTESIAN_POINT ( 'NONE',  ( -36.22499999999999432, -1.819537539667371195, -7.701660122795333407 ) ) ;
#8656 = DIRECTION ( 'NONE',  ( -0.000000000000000000, 0.000000000000000000, 1.000000000000000000 ) ) ;
#8657 = EDGE_LOOP ( 'NONE', ( #6589, #1046, #5575, #6313 ) ) ;
#8658 = DIRECTION ( 'NONE',  ( 0.000000000000000000, 0.000000000000000000, 1.000000000000000000 ) ) ;
#8659 = CARTESIAN_POINT ( 'NONE',  ( -36.15196530988674795, -1.439218638768963832, -7.699829940146781126 ) ) ;
#8660 = LINE ( 'NONE', #8514, #5284 ) ;
#8661 = CARTESIAN_POINT ( 'NONE',  ( -38.72500000000000142, -11.77500000000000036, -30.89499999999997826 ) ) ;
#8662 = EDGE_LOOP ( 'NONE', ( #7157, #7840, #8520, #7847 ) ) ;
#8663 = ORIENTED_EDGE ( 'NONE', *, *, #7011, .T. ) ;
#8664 = CARTESIAN_POINT ( 'NONE',  ( 27.22499999999999787, -10.62779375035100848, -34.47500000000000142 ) ) ;
#8665 = ORIENTED_EDGE ( 'NONE', *, *, #1142, .F. ) ;
#8666 = ORIENTED_EDGE ( 'NONE', *, *, #3342, .F. ) ;
#8667 = CARTESIAN_POINT ( 'NONE',  ( 35.22500000000000142, -1.439075079334741991, -14.09833987720466553 ) ) ;
#8668 = DIRECTION ( 'NONE',  ( -0.000000000000000000, -0.000000000000000000, 1.000000000000000000 ) ) ;
#8669 = DIRECTION ( 'NONE',  ( 0.000000000000000000, -1.000000000000000000, -0.000000000000000000 ) ) ;
#8670 = ORIENTED_EDGE ( 'NONE', *, *, #7754, .F. ) ;
#8671 = ORIENTED_EDGE ( 'NONE', *, *, #3295, .T. ) ;
#8672 = CARTESIAN_POINT ( 'NONE',  ( -36.22499999999999432, -11.77500000000000036, -31.19999999999999929 ) ) ;
#8673 = EDGE_CURVE ( 'NONE', #4801, #7858, #4525, .T. ) ;
#8674 = DIRECTION ( 'NONE',  ( -1.084202172485504631E-15, 0.000000000000000000, 1.000000000000000000 ) ) ;
#8675 = VERTEX_POINT ( 'NONE', #3035 ) ;
#8676 = CARTESIAN_POINT ( 'NONE',  ( 35.22500000000000142, -9.659192512834597011, 27.92499999999999716 ) ) ;
#8677 = CARTESIAN_POINT ( 'NONE',  ( -0.3047999999999999599, 3.048000000000000043, -0.4826000000000000290 ) ) ;
#8678 = DIRECTION ( 'NONE',  ( 1.000000000000000000, 0.000000000000000000, 0.000000000000000000 ) ) ;
#8679 = FACE_OUTER_BOUND ( 'NONE', #5258, .T. ) ;
#8680 = VERTEX_POINT ( 'NONE', #5119 ) ;
#8681 = EDGE_CURVE ( 'NONE', #6447, #9113, #8156, .T. ) ;
#8682 = EDGE_CURVE ( 'NONE', #7126, #7153, #4359, .T. ) ;
#8683 = DIRECTION ( 'NONE',  ( -1.000000000000000000, 0.000000000000000000, -6.938893903907232322E-16 ) ) ;
#8684 = PRODUCT_DEFINITION_SHAPE ( 'NONE', 'NONE',  #9371 ) ;
#8685 = EDGE_CURVE ( 'NONE', #1097, #8186, #2899, .T. ) ;
#8686 = LINE ( 'NONE', #5923, #8918 ) ;
#8687 = ORIENTED_EDGE ( 'NONE', *, *, #3975, .T. ) ;
#8688 = DIRECTION ( 'NONE',  ( 0.000000000000000000, 0.000000000000000000, -1.000000000000000000 ) ) ;
#8689 = DIRECTION ( 'NONE',  ( -0.000000000000000000, -0.000000000000000000, 1.000000000000000000 ) ) ;
#8690 = LINE ( 'NONE', #7323, #1367 ) ;
#8691 = CARTESIAN_POINT ( 'NONE',  ( -38.72500000000000142, -11.77500000000000036, 0.000000000000000000 ) ) ;
#8692 = EDGE_LOOP ( 'NONE', ( #3403, #8505 ) ) ;
#8693 = CARTESIAN_POINT ( 'NONE',  ( -39.35983003675661251, -1.399999999999999911, -21.78393290460574505 ) ) ;
#8694 = ADVANCED_FACE ( 'NONE', ( #8679 ), #2189, .F. ) ;
#8695 = FACE_OUTER_BOUND ( 'NONE', #16, .T. ) ;
#8696 = LINE ( 'NONE', #7989, #6033 ) ;
#8697 = ADVANCED_FACE ( 'NONE', ( #105 ), #2282, .F. ) ;
#8698 = DIRECTION ( 'NONE',  ( 0.000000000000000000, 0.000000000000000000, -1.000000000000000000 ) ) ;
#8699 = CARTESIAN_POINT ( 'NONE',  ( -35.55833333333333002, -1.199999999999999734, 7.700000000000022382 ) ) ;
#8700 = VERTEX_POINT ( 'NONE', #5170 ) ;
#8701 = FILL_AREA_STYLE ('',( #2262 ) ) ;
#8702 = CARTESIAN_POINT ( 'NONE',  ( 35.22500000000000142, 0.000000000000000000, 0.000000000000000000 ) ) ;
#8703 = FACE_OUTER_BOUND ( 'NONE', #5796, .T. ) ;
#8704 = CARTESIAN_POINT ( 'NONE',  ( -4.979692090117620040, 18.37409211897929850, -2.374900000000000233 ) ) ;
#8705 = ORIENTED_EDGE ( 'NONE', *, *, #2478, .T. ) ;
#8706 = ORIENTED_EDGE ( 'NONE', *, *, #1880, .T. ) ;
#8707 = CARTESIAN_POINT ( 'NONE',  ( 35.22500000000000142, -6.275000000000001243, 12.40000000000000213 ) ) ;
#8708 = UNCERTAINTY_MEASURE_WITH_UNIT (LENGTH_MEASURE( 1.000000000000000082E-05 ), #8871, 'distance_accuracy_value', 'NONE');
#8709 = PRODUCT_RELATED_PRODUCT_CATEGORY ( 'part', '', ( #8611 ) ) ;
#8710 = ORIENTED_EDGE ( 'NONE', *, *, #1346, .T. ) ;
#8711 = ORIENTED_EDGE ( 'NONE', *, *, #1045, .F. ) ;
#8712 = CARTESIAN_POINT ( 'NONE',  ( 36.22499999999999432, -11.77499999999999858, -34.20000000000000995 ) ) ;
#8713 = CARTESIAN_POINT ( 'NONE',  ( -36.22499999999999432, -6.275000000000000355, 9.399999999999995026 ) ) ;
#8714 = AXIS2_PLACEMENT_3D ( 'NONE', #8985, #1829, #5285 ) ;
#8715 = CARTESIAN_POINT ( 'NONE',  ( -36.22500000000000142, -1.819537539667370973, -7.703320245590689730 ) ) ;
#8716 = ORIENTED_EDGE ( 'NONE', *, *, #3252, .F. ) ;
#8717 = CARTESIAN_POINT ( 'NONE',  ( -35.22500000000000142, 1.084202172485504434E-15, 9.399999999999998579 ) ) ;
#8718 = CIRCLE ( 'NONE', #7211, 3.000000000000002665 ) ;
#8719 = VERTEX_POINT ( 'NONE', #8064 ) ;
#8720 = DIRECTION ( 'NONE',  ( 0.000000000000000000, 1.000000000000000000, 5.528999126619305500E-16 ) ) ;
#8721 = PLANE ( 'NONE',  #7243 ) ;
#8722 = ADVANCED_FACE ( 'NONE', ( #27, #8106 ), #1572, .F. ) ;
#8723 = DIRECTION ( 'NONE',  ( 0.000000000000000000, 0.000000000000000000, 1.000000000000000000 ) ) ;
#8724 = VECTOR ( 'NONE', #2896, 1000.000000000000114 ) ;
#8725 = VECTOR ( 'NONE', #2433, 1000.000000000000000 ) ;
#8726 = VERTEX_POINT ( 'NONE', #7353 ) ;
#8727 = VERTEX_POINT ( 'NONE', #7969 ) ;
#8728 = PLANE ( 'NONE',  #1047 ) ;
#8729 = CARTESIAN_POINT ( 'NONE',  ( -0.3047999999999999599, 3.048000000000000043, 3.174999999999999822 ) ) ;
#8730 = ORIENTED_EDGE ( 'NONE', *, *, #1284, .T. ) ;
#8731 = AXIS2_PLACEMENT_3D ( 'NONE', #3594, #7962, #7775 ) ;
#8732 = DIRECTION ( 'NONE',  ( 1.000000000000000000, 0.000000000000000000, -0.000000000000000000 ) ) ;
#8733 = VECTOR ( 'NONE', #4281, 1000.000000000000000 ) ;
#8734 = DIRECTION ( 'NONE',  ( -0.000000000000000000, 1.000000000000000000, -0.000000000000000000 ) ) ;
#8735 = EDGE_CURVE ( 'NONE', #6612, #2154, #6549, .T. ) ;
#8736 = AXIS2_PLACEMENT_3D ( 'NONE', #1747, #5961, #6775 ) ;
#8737 = CARTESIAN_POINT ( 'NONE',  ( -36.62499999999999289, 0.000000000000000000, 9.095000000000020179 ) ) ;
#8738 = EDGE_CURVE ( 'NONE', #4253, #1981, #5963, .T. ) ;
#8739 = DIRECTION ( 'NONE',  ( 1.000000000000000000, -0.000000000000000000, 0.000000000000000000 ) ) ;
#8740 = EDGE_LOOP ( 'NONE', ( #6079, #7905, #7239, #8400 ) ) ;
#8741 = AXIS2_PLACEMENT_3D ( 'NONE', #3204, #2507, #8336 ) ;
#8742 = DIRECTION ( 'NONE',  ( 1.000000000000000000, -0.000000000000000000, -0.000000000000000000 ) ) ;
#8743 = VECTOR ( 'NONE', #6884, 1000.000000000000000 ) ;
#8744 = LINE ( 'NONE', #753, #6777 ) ;
#8745 = VECTOR ( 'NONE', #8668, 1000.000000000000000 ) ;
#8746 = B_SPLINE_CURVE_WITH_KNOTS ( 'NONE', 3,
 ( #1915, #1263, #6987, #503 ),
 .UNSPECIFIED., .F., .F.,
 ( 4, 4 ),
 ( 0.000000000000000000, 1.000000000000000000 ),
 .UNSPECIFIED. ) ;
#8747 = DIRECTION ( 'NONE',  ( 1.000000000000000000, -0.000000000000000000, -0.000000000000000000 ) ) ;
#8748 = LINE ( 'NONE', #220, #2358 ) ;
#8749 = ORIENTED_EDGE ( 'NONE', *, *, #7469, .T. ) ;
#8750 = DIRECTION ( 'NONE',  ( -0.9659258262890699775, 0.2588190451025145222, 0.000000000000000000 ) ) ;
#8751 = AXIS2_PLACEMENT_3D ( 'NONE', #5330, #1734, #4606 ) ;
#8752 = LINE ( 'NONE', #8180, #1450 ) ;
#8753 = VECTOR ( 'NONE', #3644, 1000.000000000000000 ) ;
#8754 = EDGE_CURVE ( 'NONE', #8273, #1804, #3647, .T. ) ;
#8755 = CARTESIAN_POINT ( 'NONE',  ( -0.3047999999999999599, 0.000000000000000000, -3.174999999999999822 ) ) ;
#8756 = EDGE_CURVE ( 'NONE', #5506, #1336, #5821, .T. ) ;
#8757 = DIRECTION ( 'NONE',  ( -1.000000000000000000, -0.000000000000000000, -0.000000000000000000 ) ) ;
#8758 = ORIENTED_EDGE ( 'NONE', *, *, #7484, .F. ) ;
#8759 = VERTEX_POINT ( 'NONE', #8203 ) ;
#8760 = FACE_OUTER_BOUND ( 'NONE', #945, .T. ) ;
#8761 = CIRCLE ( 'NONE', #436, 10.77500000000000036 ) ;
#8762 = ORIENTED_EDGE ( 'NONE', *, *, #351, .T. ) ;
#8763 = ORIENTED_EDGE ( 'NONE', *, *, #9278, .F. ) ;
#8764 = CARTESIAN_POINT ( 'NONE',  ( 27.22499999999999787, -10.62779375035100848, 30.92499999999999716 ) ) ;
#8765 = CARTESIAN_POINT ( 'NONE',  ( 36.22499999999999432, -1.700000000000000178, 14.10166012279535508 ) ) ;
#8766 = EDGE_CURVE ( 'NONE', #4841, #4742, #2601, .T. ) ;
#8767 = VECTOR ( 'NONE', #3843, 1000.000000000000000 ) ;
#8768 = LINE ( 'NONE', #5813, #6519 ) ;
#8769 = EDGE_CURVE ( 'NONE', #9081, #2222, #5486, .T. ) ;
#8770 = EDGE_LOOP ( 'NONE', ( #2027, #9193, #4190, #7684 ) ) ;
#8771 = DIRECTION ( 'NONE',  ( 0.8587137004641414162, -0.5124556377240675475, 0.000000000000000000 ) ) ;
#8772 = AXIS2_PLACEMENT_3D ( 'NONE', #918, #8644, #6511 ) ;
#8773 = AXIS2_PLACEMENT_3D ( 'NONE', #1655, #8906, #2897 ) ;
#8774 = ORIENTED_EDGE ( 'NONE', *, *, #1290, .T. ) ;
#8775 = LINE ( 'NONE', #201, #7062 ) ;
#8776 = CARTESIAN_POINT ( 'NONE',  ( 39.35983003675661251, 0.000000000000000000, 17.94943290460574659 ) ) ;
#8777 = DIRECTION ( 'NONE',  ( -0.000000000000000000, -0.000000000000000000, 1.000000000000000000 ) ) ;
#8778 = AXIS2_PLACEMENT_3D ( 'NONE', #5368, #6088, #1774 ) ;
#8779 = EDGE_LOOP ( 'NONE', ( #5020, #4758, #5835, #9270 ) ) ;
#8780 = DIRECTION ( 'NONE',  ( -1.084202172485504631E-15, 0.000000000000000000, 1.000000000000000000 ) ) ;
#8781 = FACE_BOUND ( 'NONE', #4861, .T. ) ;
#8782 = ORIENTED_EDGE ( 'NONE', *, *, #3277, .T. ) ;
#8783 = VECTOR ( 'NONE', #1017, 1000.000000000000000 ) ;
#8784 = CARTESIAN_POINT ( 'NONE',  ( 24.22500000000000142, -11.77500000000000036, -30.92499999999999716 ) ) ;
#8785 = DIRECTION ( 'NONE',  ( -0.000000000000000000, 1.000000000000000000, -0.000000000000000000 ) ) ;
#8786 = DIRECTION ( 'NONE',  ( 1.000000000000000000, 0.000000000000000000, 0.000000000000000000 ) ) ;
#8787 = DIRECTION ( 'NONE',  ( 0.000000000000000000, 0.000000000000000000, 1.000000000000000000 ) ) ;
#8788 = ORIENTED_EDGE ( 'NONE', *, *, #6923, .F. ) ;
#8789 = VECTOR ( 'NONE', #3296, 1000.000000000000000 ) ;
#8790 = PLANE ( 'NONE',  #4017 ) ;
#8791 = AXIS2_PLACEMENT_3D ( 'NONE', #4413, #7280, #3043 ) ;
#8792 = CARTESIAN_POINT ( 'NONE',  ( 35.22500000000000142, -1.199999999999999956, 7.701660122795355612 ) ) ;
#8793 = EDGE_CURVE ( 'NONE', #3999, #6531, #1100, .T. ) ;
#8794 = PLANE ( 'NONE',  #7100 ) ;
#8795 = LINE ( 'NONE', #2347, #2510 ) ;
#8796 = ORIENTED_EDGE ( 'NONE', *, *, #4098, .T. ) ;
#8797 = LINE ( 'NONE', #2306, #9355 ) ;
#8798 = LINE ( 'NONE', #8889, #3130 ) ;
#8799 = DIRECTION ( 'NONE',  ( -1.000000000000000000, -0.000000000000000000, -0.000000000000000000 ) ) ;
#8800 = CARTESIAN_POINT ( 'NONE',  ( 1.535515227524490209E-17, 12.19235930419984015, -2.374900000000000233 ) ) ;
#8801 = VERTEX_POINT ( 'NONE', #1141 ) ;
#8802 = ORIENTED_EDGE ( 'NONE', *, *, #2503, .T. ) ;
#8803 = CARTESIAN_POINT ( 'NONE',  ( 36.22499999999999432, -2.200000000000000622, 34.20000000000000284 ) ) ;
#8804 = EDGE_CURVE ( 'NONE', #7569, #9080, #4689, .T. ) ;
#8805 = EDGE_CURVE ( 'NONE', #8216, #48, #8382, .T. ) ;
#8806 = PLANE ( 'NONE',  #1791 ) ;
#8807 = ORIENTED_EDGE ( 'NONE', *, *, #5262, .F. ) ;
#8808 = EDGE_CURVE ( 'NONE', #3057, #1277, #4007, .T. ) ;
#8809 = EDGE_CURVE ( 'NONE', #4908, #7475, #8022, .T. ) ;
#8810 = VERTEX_POINT ( 'NONE', #4627 ) ;
#8811 = FACE_OUTER_BOUND ( 'NONE', #1086, .T. ) ;
#8812 = CARTESIAN_POINT ( 'NONE',  ( -36.62500000000000000, -11.77500000000000036, -14.09999999999997655 ) ) ;
#8813 = CARTESIAN_POINT ( 'NONE',  ( 38.72500000000000142, -11.77500000000000036, 44.00000000000004263 ) ) ;
#8814 = PLANE ( 'NONE',  #7508 ) ;
#8815 = ORIENTED_EDGE ( 'NONE', *, *, #6591, .T. ) ;
#8816 = PLANE ( 'NONE',  #9039 ) ;
#8817 = EDGE_CURVE ( 'NONE', #8391, #6692, #5302, .T. ) ;
#8818 = ORIENTED_EDGE ( 'NONE', *, *, #6959, .F. ) ;
#8819 = EDGE_CURVE ( 'NONE', #3291, #2553, #6200, .T. ) ;
#8820 = DIRECTION ( 'NONE',  ( 0.000000000000000000, 0.000000000000000000, -1.000000000000000000 ) ) ;
#8821 = FACE_OUTER_BOUND ( 'NONE', #5345, .T. ) ;
#8822 = DIRECTION ( 'NONE',  ( -1.259407789102440013E-18, -1.000000000000000000, -2.753879025871234817E-16 ) ) ;
#8823 = EDGE_LOOP ( 'NONE', ( #8855, #5900, #7721, #7021 ) ) ;
#8824 = ORIENTED_EDGE ( 'NONE', *, *, #227, .F. ) ;
#8825 = DIRECTION ( 'NONE',  ( 1.000000000000000000, 0.000000000000000000, 0.000000000000000000 ) ) ;
#8826 = LINE ( 'NONE', #111, #1059 ) ;
#8827 = EDGE_LOOP ( 'NONE', ( #5615, #1342, #3487, #7914 ) ) ;
#8828 = DIRECTION ( 'NONE',  ( -0.000000000000000000, -1.000000000000000000, -0.000000000000000000 ) ) ;
#8829 = CARTESIAN_POINT ( 'NONE',  ( -27.22499999999998721, -10.59437064379734217, 8.924879502564307288 ) ) ;
#8830 = DIRECTION ( 'NONE',  ( 1.259407789102440013E-18, 1.000000000000000000, -2.753879025871234817E-16 ) ) ;
#8831 = CARTESIAN_POINT ( 'NONE',  ( 25.02463851276271711, -9.708811568194555264, -28.02649691059454895 ) ) ;
#8832 = ORIENTED_EDGE ( 'NONE', *, *, #2932, .T. ) ;
#8833 = EDGE_CURVE ( 'NONE', #6708, #5174, #9055, .T. ) ;
#8834 = DIRECTION ( 'NONE',  ( 1.000000000000000000, -0.000000000000000000, -0.000000000000000000 ) ) ;
#8835 = ORIENTED_EDGE ( 'NONE', *, *, #5943, .F. ) ;
#8836 = PLANE ( 'NONE',  #7087 ) ;
#8837 = CARTESIAN_POINT ( 'NONE',  ( 27.22499999999999787, -11.77500000000000036, 34.47500000000000142 ) ) ;
#8838 = PLANE ( 'NONE',  #6443 ) ;
#8839 = LINE ( 'NONE', #7994, #2384 ) ;
#8840 = CARTESIAN_POINT ( 'NONE',  ( 38.72500000000000142, -11.77500000000000036, 0.000000000000000000 ) ) ;
#8841 = CARTESIAN_POINT ( 'NONE',  ( 38.31380793923467110, -11.77500000000000036, -26.89500000000002444 ) ) ;
#8842 = EDGE_CURVE ( 'NONE', #1804, #7337, #5443, .T. ) ;
#8843 = DIRECTION ( 'NONE',  ( -1.000000000000000000, 0.000000000000000000, -1.084202172485504631E-15 ) ) ;
#8844 = ORIENTED_EDGE ( 'NONE', *, *, #7990, .F. ) ;
#8845 = EDGE_LOOP ( 'NONE', ( #208, #7296, #8021, #6756 ) ) ;
#8846 = DIRECTION ( 'NONE',  ( 0.000000000000000000, 0.000000000000000000, 1.000000000000000000 ) ) ;
#8847 = FACE_OUTER_BOUND ( 'NONE', #4201, .T. ) ;
#8848 = DIRECTION ( 'NONE',  ( -1.000000000000000000, 0.000000000000000000, -0.000000000000000000 ) ) ;
#8849 = ORIENTED_EDGE ( 'NONE', *, *, #2312, .F. ) ;
#8850 = PLANE ( 'NONE',  #8272 ) ;
#8851 = CARTESIAN_POINT ( 'NONE',  ( 35.72499999999999432, -1.199999999999999956, 14.10166012279535508 ) ) ;
#8852 = FACE_OUTER_BOUND ( 'NONE', #2889, .T. ) ;
#8853 = ADVANCED_FACE ( 'NONE', ( #8244, #6728, #3120 ), #6066, .T. ) ;
#8854 = EDGE_CURVE ( 'NONE', #6474, #7174, #1706, .T. ) ;
#8855 = ORIENTED_EDGE ( 'NONE', *, *, #6140, .T. ) ;
#8856 = CARTESIAN_POINT ( 'NONE',  ( -36.22499999999999432, -1.819537539667371195, 14.10141012279535566 ) ) ;
#8857 = VECTOR ( 'NONE', #8614, 1000.000000000000000 ) ;
#8858 = ORIENTED_EDGE ( 'NONE', *, *, #6284, .F. ) ;
#8859 = PLANE ( 'NONE',  #5103 ) ;
#8860 = B_SPLINE_CURVE_WITH_KNOTS ( 'NONE', 3,
 ( #7144, #7091, #2115, #3366, #2770, #2625, #8461, #4997, #2673, #3473, #1365, #506, #1919, #8551, #2015, #551, #4128, #1222 ),
 .UNSPECIFIED., .F., .F.,
 ( 4, 2, 2, 2, 2, 2, 2, 2, 4 ),
 ( 0.000000000000000000, 0.0005995997566965353227, 0.001199199513393070645, 0.001798799270089605860, 0.002398399026786141291, 0.002997998783482676722, 0.003597598540179211719, 0.004197198296875747150, 0.004796798053572282582 ),
 .UNSPECIFIED. ) ;
#8861 = ORIENTED_EDGE ( 'NONE', *, *, #3072, .F. ) ;
#8862 = DIRECTION ( 'NONE',  ( 0.000000000000000000, 0.000000000000000000, 1.000000000000000000 ) ) ;
#8863 = CIRCLE ( 'NONE', #7650, 3.809500000000000330 ) ;
#8864 = CARTESIAN_POINT ( 'NONE',  ( -0.3047999999999999599, 0.7620000000000000107, 0.4434416666666664564 ) ) ;
#8865 = EDGE_CURVE ( 'NONE', #7439, #7569, #1006, .T. ) ;
#8866 = LINE ( 'NONE', #5257, #1525 ) ;
#8867 = EDGE_CURVE ( 'NONE', #6867, #490, #5862, .T. ) ;
#8868 = ORIENTED_EDGE ( 'NONE', *, *, #8475, .F. ) ;
#8869 = DIRECTION ( 'NONE',  ( 1.000000000000000000, 0.000000000000000000, -0.000000000000000000 ) ) ;
#8870 = CARTESIAN_POINT ( 'NONE',  ( 36.15191201083782602, -1.439202982863501123, -7.699849687168051737 ) ) ;
#8871 =( LENGTH_UNIT ( ) NAMED_UNIT ( * ) SI_UNIT ( .MILLI., .METRE. ) );
#8872 = ORIENTED_EDGE ( 'NONE', *, *, #360, .T. ) ;
#8873 = CARTESIAN_POINT ( 'NONE',  ( 35.22500000000000142, -1.819537539667370973, -9.399999999999998579 ) ) ;
#8874 = ORIENTED_EDGE ( 'NONE', *, *, #4204, .F. ) ;
#8875 = DIRECTION ( 'NONE',  ( 0.000000000000000000, 1.000000000000000000, -0.000000000000000000 ) ) ;
#8876 = CARTESIAN_POINT ( 'NONE',  ( 9.596687352960589616E-19, 0.7620000000000000107, 0.4826000000000000290 ) ) ;
#8877 = AXIS2_PLACEMENT_3D ( 'NONE', #9242, #4247, #7107 ) ;
#8878 = CARTESIAN_POINT ( 'NONE',  ( 24.22499999999999787, -9.659192512834597011, 27.92499999999999716 ) ) ;
#8879 = VERTEX_POINT ( 'NONE', #7543 ) ;
#8880 = DIRECTION ( 'NONE',  ( 0.000000000000000000, 1.000000000000000000, -0.000000000000000000 ) ) ;
#8881 = ORIENTED_EDGE ( 'NONE', *, *, #8809, .T. ) ;
#8882 =( REPRESENTATION_RELATIONSHIP ('NONE','NONE', #5123, #7375 ) REPRESENTATION_RELATIONSHIP_WITH_TRANSFORMATION ( #5164 )SHAPE_REPRESENTATION_RELATIONSHIP( ) );
#8883 = LINE ( 'NONE', #8359, #5409 ) ;
#8884 = VECTOR ( 'NONE', #4254, 1000.000000000000000 ) ;
#8885 = CIRCLE ( 'NONE', #6915, 3.000000000000000000 ) ;
#8886 = CARTESIAN_POINT ( 'NONE',  ( -24.22500000000000142, -11.77500000000000036, 9.125000000000008882 ) ) ;
#8887 = CARTESIAN_POINT ( 'NONE',  ( -36.62500000000000000, -11.77500000000000036, 29.50000000000002132 ) ) ;
#8888 = CARTESIAN_POINT ( 'NONE',  ( 9.596687352960589616E-19, 0.7620000000000000107, 0.01270000000000014173 ) ) ;
#8889 = CARTESIAN_POINT ( 'NONE',  ( -36.22500000000000142, -1.819537539667370973, -7.703320245590689730 ) ) ;
#8890 = CARTESIAN_POINT ( 'NONE',  ( -27.20518624071151947, -10.55589838528810098, -34.87074921183936027 ) ) ;
#8891 = CIRCLE ( 'NONE', #733, 10.77499999999999858 ) ;
#8892 = AXIS2_PLACEMENT_3D ( 'NONE', #3696, #4315, #5218 ) ;
#8893 = AXIS2_PLACEMENT_3D ( 'NONE', #2777, #1458, #45 ) ;
#8894 = CARTESIAN_POINT ( 'NONE',  ( -27.22499999999999787, -10.62779375035101026, 12.67499999999999538 ) ) ;
#8895 = VERTEX_POINT ( 'NONE', #3924 ) ;
#8896 = ORIENTED_EDGE ( 'NONE', *, *, #8521, .F. ) ;
#8897 = ORIENTED_EDGE ( 'NONE', *, *, #3682, .F. ) ;
#8898 = DIRECTION ( 'NONE',  ( 1.000000000000000000, -0.000000000000000000, 0.000000000000000000 ) ) ;
#8899 = LINE ( 'NONE', #2409, #1192 ) ;
#8900 = EDGE_CURVE ( 'NONE', #9080, #7569, #8637, .T. ) ;
#8901 = VECTOR ( 'NONE', #4444, 1000.000000000000000 ) ;
#8902 = AXIS2_PLACEMENT_3D ( 'NONE', #3224, #9074, #5463 ) ;
#8903 = ORIENTED_EDGE ( 'NONE', *, *, #4148, .F. ) ;
#8904 = PLANE ( 'NONE',  #1171 ) ;
#8905 = CARTESIAN_POINT ( 'NONE',  ( 36.22500000000000142, -2.199999999999999734, 29.50000000000002132 ) ) ;
#8906 = DIRECTION ( 'NONE',  ( -0.2588190451025145222, -0.9659258262890699775, 0.000000000000000000 ) ) ;
#8907 = VERTEX_POINT ( 'NONE', #4682 ) ;
#8908 = VECTOR ( 'NONE', #2563, 1000.000000000000000 ) ;
#8909 = VERTEX_POINT ( 'NONE', #7161 ) ;
#8910 = CARTESIAN_POINT ( 'NONE',  ( 36.22499999999999432, -1.700000000000000178, -14.10166012279533376 ) ) ;
#8911 = ADVANCED_FACE ( 'NONE', ( #2642 ), #9288, .T. ) ;
#8912 = ORIENTED_EDGE ( 'NONE', *, *, #4782, .F. ) ;
#8913 = CIRCLE ( 'NONE', #7699, 0.3047999999999999599 ) ;
#8914 = LINE ( 'NONE', #8200, #9188 ) ;
#8915 = DIRECTION ( 'NONE',  ( -1.259407789102440013E-18, -1.000000000000000000, -2.753879025871234817E-16 ) ) ;
#8916 = DIRECTION ( 'NONE',  ( 0.000000000000000000, -0.000000000000000000, 1.000000000000000000 ) ) ;
#8917 = ORIENTED_EDGE ( 'NONE', *, *, #5318, .T. ) ;
#8918 = VECTOR ( 'NONE', #3607, 1000.000000000000000 ) ;
#8919 = DIRECTION ( 'NONE',  ( 1.259407789102440013E-18, 1.000000000000000000, 0.000000000000000000 ) ) ;
#8920 = EDGE_CURVE ( 'NONE', #1280, #7102, #2696, .T. ) ;
#8921 = EDGE_CURVE ( 'NONE', #8641, #2879, #4767, .T. ) ;
#8922 = DIRECTION ( 'NONE',  ( -0.03489949670250104552, 0.9993908270190956511, 0.000000000000000000 ) ) ;
#8923 = ORIENTED_EDGE ( 'NONE', *, *, #7417, .T. ) ;
#8924 = CARTESIAN_POINT ( 'NONE',  ( -3.567883199794724902, 11.52680932995479779, -2.374900000000000233 ) ) ;
#8925 = EDGE_CURVE ( 'NONE', #3670, #3152, #5629, .T. ) ;
#8926 = ORIENTED_EDGE ( 'NONE', *, *, #1739, .F. ) ;
#8927 = CARTESIAN_POINT ( 'NONE',  ( 36.22499999999999432, -11.77500000000000036, -35.89999999999997016 ) ) ;
#8929 = CARTESIAN_POINT ( 'NONE',  ( 38.72500000000000142, -11.77500000000000036, 0.000000000000000000 ) ) ;
#8928 = AXIS2_PLACEMENT_3D ( 'NONE', #3236, #5428, #1980 ) ;
#8930 = CARTESIAN_POINT ( 'NONE',  ( 36.22499999999999432, -6.275000000000000355, -34.20000000000000995 ) ) ;
#8931 = ORIENTED_EDGE ( 'NONE', *, *, #5078, .F. ) ;
#8932 = CARTESIAN_POINT ( 'NONE',  ( 36.62500000000000000, -11.77500000000000036, -14.09999999999997655 ) ) ;
#8933 = VERTEX_POINT ( 'NONE', #5727 ) ;
#8934 = CARTESIAN_POINT ( 'NONE',  ( -0.6095901690410600038, 2.316503594301455138, -0.4432325894919639797 ) ) ;
#8935 = CIRCLE ( 'NONE', #6053, 0.4826000000000000290 ) ;
#8936 = EDGE_CURVE ( 'NONE', #6682, #9011, #524, .T. ) ;
#8937 = CARTESIAN_POINT ( 'NONE',  ( -27.22499999999999787, -11.77500000000000036, -15.67499999999999361 ) ) ;
#8938 = DIRECTION ( 'NONE',  ( 0.000000000000000000, 0.000000000000000000, -1.000000000000000000 ) ) ;
#8939 = CARTESIAN_POINT ( 'NONE',  ( -0.3047999999999999599, 7.899400000000000865, -3.174999999999999822 ) ) ;
#8940 = EDGE_CURVE ( 'NONE', #5468, #1302, #3536, .T. ) ;
#8941 = CARTESIAN_POINT ( 'NONE',  ( 36.62500000000000000, -11.77500000000000036, 7.700000000000022382 ) ) ;
#8942 = CARTESIAN_POINT ( 'NONE',  ( 39.35983003675661251, 0.000000000000000000, 17.97443290460574161 ) ) ;
#8943 = VECTOR ( 'NONE', #4580, 1000.000000000000000 ) ;
#8944 = PLANE ( 'NONE',  #1454 ) ;
#8945 = EDGE_LOOP ( 'NONE', ( #5420, #3343, #7519, #4090, #418, #3436, #6354, #533, #4986, #305, #3037, #6251 ) ) ;
#8946 = ORIENTED_EDGE ( 'NONE', *, *, #5529, .T. ) ;
#8947 = ORIENTED_EDGE ( 'NONE', *, *, #6647, .T. ) ;
#8948 = CARTESIAN_POINT ( 'NONE',  ( -3.953253931003325228, 11.07060511971771888, -2.374900000000000233 ) ) ;
#8949 = LINE ( 'NONE', #6094, #4049 ) ;
#8950 =( GEOMETRIC_REPRESENTATION_CONTEXT ( 3 ) GLOBAL_UNCERTAINTY_ASSIGNED_CONTEXT ( ( #5101 ) ) GLOBAL_UNIT_ASSIGNED_CONTEXT ( ( #256, #1670, #309 ) ) REPRESENTATION_CONTEXT ( 'NONE', 'WORKASPACE' ) );
#8951 = ORIENTED_EDGE ( 'NONE', *, *, #8608, .F. ) ;
#8952 = CARTESIAN_POINT ( 'NONE',  ( -39.35983003675661251, 0.000000000000000000, -25.61843290460573996 ) ) ;
#8953 = CARTESIAN_POINT ( 'NONE',  ( 36.22500000000000142, -0.4390750793347422687, -14.09335950881864363 ) ) ;
#8954 = DIRECTION ( 'NONE',  ( 0.000000000000000000, 0.000000000000000000, -1.000000000000000000 ) ) ;
#8955 = ORIENTED_EDGE ( 'NONE', *, *, #6936, .F. ) ;
#8956 = ORIENTED_EDGE ( 'NONE', *, *, #5041, .F. ) ;
#8957 = ORIENTED_EDGE ( 'NONE', *, *, #4508, .T. ) ;
#8958 = CARTESIAN_POINT ( 'NONE',  ( -36.22499999999999432, -11.77500000000000036, -7.699999999999977973 ) ) ;
#8959 = ORIENTED_EDGE ( 'NONE', *, *, #598, .F. ) ;
#8960 = CARTESIAN_POINT ( 'NONE',  ( 24.22499999999999787, -9.659192512834604116, 6.125000000000008882 ) ) ;
#8961 = CARTESIAN_POINT ( 'NONE',  ( 36.62499999999999289, -11.77500000000000036, 12.70500000000002139 ) ) ;
#8962 = CARTESIAN_POINT ( 'NONE',  ( 9.948565889235811505E-18, 7.899400000000000865, 3.174999999999999822 ) ) ;
#8963 = EDGE_CURVE ( 'NONE', #1239, #5507, #674, .T. ) ;
#8964 = VERTEX_POINT ( 'NONE', #7111 ) ;
#8965 = CARTESIAN_POINT ( 'NONE',  ( -3.668208290530530213, 9.042400000000000659, 3.174999999999999822 ) ) ;
#8966 = CARTESIAN_POINT ( 'NONE',  ( 0.08687802539211569863, 7.826489972236299053, -3.174999999999999822 ) ) ;
#8967 = SHAPE_REPRESENTATION_RELATIONSHIP ( 'NONE' , 'NONE' ,  #7375, #6419 ) ;
#8968 = ORIENTED_EDGE ( 'NONE', *, *, #2906, .T. ) ;
#8969 = CARTESIAN_POINT ( 'NONE',  ( -36.22500000000000142, -1.819537539667370973, 7.703320245590689730 ) ) ;
#8970 = ORIENTED_EDGE ( 'NONE', *, *, #9041, .F. ) ;
#8971 = CARTESIAN_POINT ( 'NONE',  ( 36.62500000000000000, -11.77500000000000036, 29.50000000000002132 ) ) ;
#8972 = DIRECTION ( 'NONE',  ( 0.000000000000000000, 0.7071067811865918706, 0.7071067811865030528 ) ) ;
#8973 = CARTESIAN_POINT ( 'NONE',  ( -0.3047901690410599884, 2.316503594301455138, -0.2463955369517844829 ) ) ;
#8974 = EDGE_CURVE ( 'NONE', #8810, #53, #2085, .T. ) ;
#8975 = EDGE_CURVE ( 'NONE', #7196, #4630, #5526, .T. ) ;
#8976 = CARTESIAN_POINT ( 'NONE',  ( 35.22500000000000142, 0.000000000000000000, -7.699999999999977973 ) ) ;
#8977 = CARTESIAN_POINT ( 'NONE',  ( 35.22500000000000142, 0.000000000000000000, -43.47500000000000142 ) ) ;
#8978 = ORIENTED_EDGE ( 'NONE', *, *, #3578, .T. ) ;
#8979 = DIRECTION ( 'NONE',  ( 0.000000000000000000, 0.000000000000000000, -1.000000000000000000 ) ) ;
#8980 = B_SPLINE_CURVE_WITH_KNOTS ( 'NONE', 3,
 ( #8063, #9346, #6505, #5783 ),
 .UNSPECIFIED., .F., .F.,
 ( 4, 4 ),
 ( 0.000000000000000000, 1.000000000000000000 ),
 .UNSPECIFIED. ) ;
#8981 = DIRECTION ( 'NONE',  ( 0.000000000000000000, 0.000000000000000000, 1.000000000000000000 ) ) ;
#8982 = DIRECTION ( 'NONE',  ( -0.000000000000000000, 0.000000000000000000, 1.000000000000000000 ) ) ;
#8983 = DIRECTION ( 'NONE',  ( 0.000000000000000000, -1.000000000000000000, -0.000000000000000000 ) ) ;
#8984 = EDGE_CURVE ( 'NONE', #8391, #3584, #626, .T. ) ;
#8985 = CARTESIAN_POINT ( 'NONE',  ( 36.62500000000000000, -11.77500000000000036, 7.700000000000022382 ) ) ;
#8986 = ORIENTED_EDGE ( 'NONE', *, *, #8213, .F. ) ;
#8987 = ORIENTED_EDGE ( 'NONE', *, *, #8355, .F. ) ;
#8988 = CARTESIAN_POINT ( 'NONE',  ( 35.72499999999999432, -1.199999999999999956, -7.696679754409310625 ) ) ;
#8989 = EDGE_CURVE ( 'NONE', #8801, #1077, #1193, .T. ) ;
#8990 = DIRECTION ( 'NONE',  ( 0.000000000000000000, 0.000000000000000000, -1.000000000000000000 ) ) ;
#8991 = ORIENTED_EDGE ( 'NONE', *, *, #8509, .T. ) ;
#8992 = PLANE ( 'NONE',  #1179 ) ;
#8993 = CARTESIAN_POINT ( 'NONE',  ( -35.22500000000000142, -1.819537539667370751, 12.40000000000000213 ) ) ;
#8994 = CARTESIAN_POINT ( 'NONE',  ( -35.22500000000000142, -6.275000000000001243, 34.20000000000000284 ) ) ;
#8995 = ORIENTED_EDGE ( 'NONE', *, *, #5604, .F. ) ;
#8996 = DIRECTION ( 'NONE',  ( -0.000000000000000000, 1.000000000000000000, 0.000000000000000000 ) ) ;
#8997 = ORIENTED_EDGE ( 'NONE', *, *, #9227, .F. ) ;
#8998 = DIRECTION ( 'NONE',  ( 0.000000000000000000, 0.000000000000000000, 1.000000000000000000 ) ) ;
#8999 = ORIENTED_EDGE ( 'NONE', *, *, #6259, .T. ) ;
#9000 = CARTESIAN_POINT ( 'NONE',  ( 26.07125110576855320, -9.945416374412040739, -15.04773366079951558 ) ) ;
#9001 = CARTESIAN_POINT ( 'NONE',  ( -36.22500000000000142, -2.199999999999999734, 31.19999999999999574 ) ) ;
#9002 = CARTESIAN_POINT ( 'NONE',  ( 36.15191201083782602, -1.439202982863501123, -7.699849687168051737 ) ) ;
#9003 = ORIENTED_EDGE ( 'NONE', *, *, #4549, .F. ) ;
#9004 = CARTESIAN_POINT ( 'NONE',  ( 35.22500000000000142, 0.000000000000000000, -32.70000000000000284 ) ) ;
#9005 = B_SPLINE_CURVE_WITH_KNOTS ( 'NONE', 3,
 ( #6485, #8519, #9182, #2075, #6389, #7, #3485, #7104, #3531, #2878, #5718, #517, #6435, #6283, #9237, #5766, #8474, #8664 ),
 .UNSPECIFIED., .F., .F.,
 ( 4, 2, 2, 2, 2, 2, 2, 2, 4 ),
 ( 0.000000000000000000, 0.0005995997566965361901, 0.001199199513393072380, 0.001798799270089608462, 0.002398399026786144760, 0.002997998783482681059, 0.003597598540179216924, 0.004197198296875753222, 0.004796798053572289521 ),
 .UNSPECIFIED. ) ;
#9006 = AXIS2_PLACEMENT_3D ( 'NONE', #5763, #764, #5230 ) ;
#9007 = DIRECTION ( 'NONE',  ( 0.000000000000000000, 0.000000000000000000, -1.000000000000000000 ) ) ;
#9008 = SHAPE_REPRESENTATION_RELATIONSHIP ( 'NONE' , 'NONE' ,  #2771, #4714 ) ;
#9009 = VERTEX_POINT ( 'NONE', #2838 ) ;
#9010 = EDGE_CURVE ( 'NONE', #1336, #3674, #2036, .T. ) ;
#9011 = VERTEX_POINT ( 'NONE', #5582 ) ;
#9012 = DIRECTION ( 'NONE',  ( 1.000000000000000000, -0.000000000000000000, -0.000000000000000000 ) ) ;
#9013 = LINE ( 'NONE', #3891, #607 ) ;
#9014 = CARTESIAN_POINT ( 'NONE',  ( 9.596687352960639690E-19, 0.7620000000000000107, -0.4826000000000000290 ) ) ;
#9015 = AXIS2_PLACEMENT_3D ( 'NONE', #1685, #8979, #6746 ) ;
#9016 = VERTEX_POINT ( 'NONE', #6395 ) ;
#9017 = ORIENTED_EDGE ( 'NONE', *, *, #2600, .F. ) ;
#9018 = DIRECTION ( 'NONE',  ( 1.000000000000000000, -0.000000000000000000, -0.000000000000000000 ) ) ;
#9019 = LINE ( 'NONE', #5320, #2701 ) ;
#9020 = ORIENTED_EDGE ( 'NONE', *, *, #1072, .F. ) ;
#9021 = ADVANCED_FACE ( 'NONE', ( #7816 ), #8625, .F. ) ;
#9022 = ADVANCED_FACE ( 'NONE', ( #6963 ), #9141, .T. ) ;
#9023 = AXIS2_PLACEMENT_3D ( 'NONE', #5383, #4617, #5202 ) ;
#9024 = LINE ( 'NONE', #3900, #1335 ) ;
#9025 = DIRECTION ( 'NONE',  ( -1.084202172485504631E-15, 0.000000000000000000, 1.000000000000000000 ) ) ;
#9026 = DIRECTION ( 'NONE',  ( 0.000000000000000000, 0.000000000000000000, -1.000000000000000000 ) ) ;
#9027 = AXIS2_PLACEMENT_3D ( 'NONE', #2112, #460, #6267 ) ;
#9028 = DIRECTION ( 'NONE',  ( -0.000000000000000000, -1.000000000000000000, 0.000000000000000000 ) ) ;
#9029 = VERTEX_POINT ( 'NONE', #6345 ) ;
#9030 = VECTOR ( 'NONE', #114, 1000.000000000000000 ) ;
#9031 = EDGE_LOOP ( 'NONE', ( #3993, #4533, #6286, #7780 ) ) ;
#9032 = LINE ( 'NONE', #7520, #585 ) ;
#9033 = VECTOR ( 'NONE', #719, 1000.000000000000000 ) ;
#9034 = LINE ( 'NONE', #375, #2855 ) ;
#9035 = EDGE_CURVE ( 'NONE', #3888, #8909, #2747, .T. ) ;
#9036 = EDGE_CURVE ( 'NONE', #1314, #1077, #3341, .T. ) ;
#9037 = ORIENTED_EDGE ( 'NONE', *, *, #9265, .F. ) ;
#9038 = CARTESIAN_POINT ( 'NONE',  ( -1.320799999999999974, 13.30959999999999965, 5.648645627343060305 ) ) ;
#9039 = AXIS2_PLACEMENT_3D ( 'NONE', #5297, #199, #907 ) ;
#9040 = CARTESIAN_POINT ( 'NONE',  ( -36.62499999999999289, -11.77500000000000036, -12.70499999999998053 ) ) ;
#9041 = EDGE_CURVE ( 'NONE', #6698, #229, #4966, .T. ) ;
#9042 = CIRCLE ( 'NONE', #876, 3.000000000000002665 ) ;
#9043 = FACE_OUTER_BOUND ( 'NONE', #986, .T. ) ;
#9044 = AXIS2_PLACEMENT_3D ( 'NONE', #7483, #6762, #97 ) ;
#9045 = ORIENTED_EDGE ( 'NONE', *, *, #2790, .T. ) ;
#9046 = ORIENTED_EDGE ( 'NONE', *, *, #2326, .F. ) ;
#9047 = CARTESIAN_POINT ( 'NONE',  ( -2.168404344971009854E-16, 6.324599999999999334, 3.174999999999999822 ) ) ;
#9048 = CIRCLE ( 'NONE', #4951, 3.834499999999997577 ) ;
#9049 = ADVANCED_FACE ( 'NONE', ( #3678 ), #7345, .F. ) ;
#9050 = VERTEX_POINT ( 'NONE', #2971 ) ;
#9051 = CARTESIAN_POINT ( 'NONE',  ( 25.01724498359138593, -9.707919402531910436, -15.57534694793576868 ) ) ;
#9052 = CARTESIAN_POINT ( 'NONE',  ( -9.830958940036490292E-06, 1.493496405698544249, 0.4826000000000000290 ) ) ;
#9053 = EDGE_CURVE ( 'NONE', #6532, #3013, #5912, .T. ) ;
#9054 = VECTOR ( 'NONE', #7291, 1000.000000000000000 ) ;
#9055 = LINE ( 'NONE', #1886, #2432 ) ;
#9056 = PRODUCT_DEFINITION_SHAPE ( 'NONE', 'NONE',  #9368 ) ;
#9057 = ORIENTED_EDGE ( 'NONE', *, *, #7468, .T. ) ;
#9058 = DIRECTION ( 'NONE',  ( -1.000000000000000000, -0.000000000000000000, -0.000000000000000000 ) ) ;
#9059 = AXIS2_PLACEMENT_3D ( 'NONE', #9004, #3168, #4686 ) ;
#9060 = FACE_OUTER_BOUND ( 'NONE', #7405, .T. ) ;
#9061 = CARTESIAN_POINT ( 'NONE',  ( 35.55833333333333002, -1.199999999999999956, -14.09335950881864363 ) ) ;
#9062 = ORIENTED_EDGE ( 'NONE', *, *, #2871, .T. ) ;
#9063 = VERTEX_POINT ( 'NONE', #6629 ) ;
#9064 = FACE_OUTER_BOUND ( 'NONE', #3518, .T. ) ;
#9065 = LINE ( 'NONE', #5355, #908 ) ;
#9066 = CARTESIAN_POINT ( 'NONE',  ( -38.31380793923467110, -11.77500000000000036, 26.89500000000002444 ) ) ;
#9067 = VECTOR ( 'NONE', #1368, 1000.000000000000000 ) ;
#9068 = ORIENTED_EDGE ( 'NONE', *, *, #2647, .F. ) ;
#9069 = CARTESIAN_POINT ( 'NONE',  ( 36.22499999999999432, -1.739845846555790443, 7.700000000000022382 ) ) ;
#9070 = CARTESIAN_POINT ( 'NONE',  ( 36.22499999999999432, -1.819537539667371195, 9.399999999999996803 ) ) ;
#9071 = ORIENTED_EDGE ( 'NONE', *, *, #7348, .F. ) ;
#9072 = AXIS2_PLACEMENT_3D ( 'NONE', #3402, #9213, #2716 ) ;
#9073 = VECTOR ( 'NONE', #2436, 1000.000000000000000 ) ;
#9074 = DIRECTION ( 'NONE',  ( 0.000000000000000000, 5.528999126619305500E-16, -1.000000000000000000 ) ) ;
#9075 = PLANE ( 'NONE',  #9238 ) ;
#9076 = CARTESIAN_POINT ( 'NONE',  ( -0.2944141918529090129, 6.403488044947239999, -2.387599999999999945 ) ) ;
#9077 = EDGE_CURVE ( 'NONE', #7025, #9253, #5154, .T. ) ;
#9078 = VECTOR ( 'NONE', #3007, 1000.000000000000000 ) ;
#9079 = CARTESIAN_POINT ( 'NONE',  ( 38.31380793923467110, 8.673617379884035472E-16, -34.50499999999998124 ) ) ;
#9080 = VERTEX_POINT ( 'NONE', #8055 ) ;
#9081 = VERTEX_POINT ( 'NONE', #5773 ) ;
#9082 = DIRECTION ( 'NONE',  ( 7.127563398038339466E-17, 0.000000000000000000, 1.000000000000000000 ) ) ;
#9083 = FACE_OUTER_BOUND ( 'NONE', #2470, .T. ) ;
#9084 = EDGE_LOOP ( 'NONE', ( #7878, #1227, #1752, #6223 ) ) ;
#9085 = DIRECTION ( 'NONE',  ( 1.000000000000000000, -0.000000000000000000, -0.000000000000000000 ) ) ;
#9086 = CIRCLE ( 'NONE', #1218, 10.77499999999999147 ) ;
#9087 = LINE ( 'NONE', #1738, #8291 ) ;
#9088 = CARTESIAN_POINT ( 'NONE',  ( 39.35983003675661251, -11.77500000000000036, -22.88393290460573937 ) ) ;
#9089 = EDGE_LOOP ( 'NONE', ( #7906, #6434, #1680, #1932 ) ) ;
#9090 = ADVANCED_FACE ( 'NONE', ( #2279 ), #5863, .F. ) ;
#9091 = EDGE_CURVE ( 'NONE', #5855, #63, #5452, .T. ) ;
#9092 = VERTEX_POINT ( 'NONE', #776 ) ;
#9093 = LINE ( 'NONE', #8958, #7382 ) ;
#9094 = AXIS2_PLACEMENT_3D ( 'NONE', #2422, #3826, #6865 ) ;
#9095 = EDGE_CURVE ( 'NONE', #2150, #2595, #327, .T. ) ;
#9096 = ORIENTED_EDGE ( 'NONE', *, *, #2906, .F. ) ;
#9097 = ORIENTED_EDGE ( 'NONE', *, *, #5026, .F. ) ;
#9098 = CARTESIAN_POINT ( 'NONE',  ( 26.83112039817154937, -10.26709744570285210, -14.17359173836246988 ) ) ;
#9099 = CARTESIAN_POINT ( 'NONE',  ( -39.35983003675661251, 0.000000000000000000, -21.78393290460574505 ) ) ;
#9100 = VECTOR ( 'NONE', #8510, 1000.000000000000114 ) ;
#9101 = CARTESIAN_POINT ( 'NONE',  ( -43.31380793923467110, -11.77500000000000036, 16.70500000000001961 ) ) ;
#9102 = EDGE_CURVE ( 'NONE', #8484, #9239, #8768, .T. ) ;
#9103 = ORIENTED_EDGE ( 'NONE', *, *, #6779, .T. ) ;
#9104 = DIRECTION ( 'NONE',  ( 0.8587137004641423044, -0.5124556377240662153, 0.000000000000000000 ) ) ;
#9105 = CARTESIAN_POINT ( 'NONE',  ( -0.3047999999999999599, 4.317999999999999616, -0.4826000000000000290 ) ) ;
#9106 = EDGE_CURVE ( 'NONE', #4696, #9029, #2886, .T. ) ;
#9107 = DIRECTION ( 'NONE',  ( -0.2588190451025145222, -0.9659258262890699775, 0.000000000000000000 ) ) ;
#9108 = ORIENTED_EDGE ( 'NONE', *, *, #2659, .F. ) ;
#9109 = ORIENTED_EDGE ( 'NONE', *, *, #3801, .F. ) ;
#9110 = CARTESIAN_POINT ( 'NONE',  ( -27.12813223880081281, -10.46924288888235210, -8.343726863633534663 ) ) ;
#9111 = CARTESIAN_POINT ( 'NONE',  ( 27.22499999999999787, -10.62779375035100315, -9.125000000000008882 ) ) ;
#9112 = CARTESIAN_POINT ( 'NONE',  ( -36.22500000000000142, -2.199999999999999734, -29.50000000000002132 ) ) ;
#9113 = VERTEX_POINT ( 'NONE', #1565 ) ;
#9114 = DIRECTION ( 'NONE',  ( 1.000000000000000000, 0.000000000000000000, -0.000000000000000000 ) ) ;
#9115 = LINE ( 'NONE', #7604, #4361 ) ;
#9116 = ORIENTED_EDGE ( 'NONE', *, *, #4324, .T. ) ;
#9117 = FACE_OUTER_BOUND ( 'NONE', #3125, .T. ) ;
#9118 = CARTESIAN_POINT ( 'NONE',  ( 35.22500000000000142, -6.275000000000001243, 34.20000000000000284 ) ) ;
#9119 = CARTESIAN_POINT ( 'NONE',  ( -36.22499999999999432, -11.77500000000000036, 12.40000000000000213 ) ) ;
#9120 = CARTESIAN_POINT ( 'NONE',  ( 38.72500000000000142, -11.77500000000000036, 0.000000000000000000 ) ) ;
#9121 = ORIENTED_EDGE ( 'NONE', *, *, #6181, .T. ) ;
#9122 = VERTEX_POINT ( 'NONE', #722 ) ;
#9123 = CARTESIAN_POINT ( 'NONE',  ( 36.62499999999999289, 0.000000000000000000, 12.70500000000002139 ) ) ;
#9124 = LINE ( 'NONE', #8277, #904 ) ;
#9125 = ORIENTED_EDGE ( 'NONE', *, *, #7011, .F. ) ;
#9126 = CYLINDRICAL_SURFACE ( 'NONE', #8586, 1.099999999999996758 ) ;
#9127 = EDGE_CURVE ( 'NONE', #7028, #341, #7959, .T. ) ;
#9128 = LINE ( 'NONE', #2629, #5250 ) ;
#9129 = CARTESIAN_POINT ( 'NONE',  ( 36.62499999999999289, -11.77500000000000036, -7.699999999999977973 ) ) ;
#9130 = ORIENTED_EDGE ( 'NONE', *, *, #6315, .F. ) ;
#9131 = CARTESIAN_POINT ( 'NONE',  ( -35.22500000000000142, -6.275000000000001243, -31.19999999999999929 ) ) ;
#9132 = EDGE_LOOP ( 'NONE', ( #403, #3550, #4564, #2962, #192, #4616 ) ) ;
#9133 = VERTEX_POINT ( 'NONE', #818 ) ;
#9134 = FACE_OUTER_BOUND ( 'NONE', #3620, .T. ) ;
#9135 = ORIENTED_EDGE ( 'NONE', *, *, #1599, .T. ) ;
#9136 = ORIENTED_EDGE ( 'NONE', *, *, #4145, .T. ) ;
#9137 = LINE ( 'NONE', #2639, #4622 ) ;
#9138 = EDGE_CURVE ( 'NONE', #4053, #2624, #5905, .T. ) ;
#9139 = LINE ( 'NONE', #7867, #9033 ) ;
#9140 = EDGE_CURVE ( 'NONE', #8964, #1864, #2178, .T. ) ;
#9141 = PLANE ( 'NONE',  #7283 ) ;
#9142 = VERTEX_POINT ( 'NONE', #8813 ) ;
#9143 = LINE ( 'NONE', #527, #7977 ) ;
#9144 = PLANE ( 'NONE',  #3749 ) ;
#9145 = CARTESIAN_POINT ( 'NONE',  ( -36.22499999999999432, -6.275000000000002132, -29.49999999999997868 ) ) ;
#9146 = PRODUCT_CONTEXT ( 'NONE', #4304, 'mechanical' ) ;
#9147 = VERTEX_POINT ( 'NONE', #1471 ) ;
#9148 = CARTESIAN_POINT ( 'NONE',  ( -35.22500000000000142, -6.275000000000001243, 12.40000000000000213 ) ) ;
#9149 = ADVANCED_FACE ( 'NONE', ( #2320 ), #4347, .F. ) ;
#9150 = VERTEX_POINT ( 'NONE', #7306 ) ;
#9151 = CARTESIAN_POINT ( 'NONE',  ( -26.92177908689250643, -10.32005512919786128, -7.796516043387129891 ) ) ;
#9152 = LINE ( 'NONE', #7124, #2266 ) ;
#9153 = ADVANCED_FACE ( 'NONE', ( #99 ), #5566, .T. ) ;
#9154 = CARTESIAN_POINT ( 'NONE',  ( 35.22500000000000142, 0.000000000000000000, 0.000000000000000000 ) ) ;
#9155 = ORIENTED_EDGE ( 'NONE', *, *, #1678, .T. ) ;
#9156 = VECTOR ( 'NONE', #6089, 1000.000000000000000 ) ;
#9157 = CARTESIAN_POINT ( 'NONE',  ( 27.22499999999999787, -11.77500000000000036, 12.67499999999999538 ) ) ;
#9158 = VECTOR ( 'NONE', #5228, 1000.000000000000000 ) ;
#9159 = CARTESIAN_POINT ( 'NONE',  ( 38.31380793923467110, 0.000000000000000000, 26.89500000000001734 ) ) ;
#9160 = ORIENTED_EDGE ( 'NONE', *, *, #6951, .T. ) ;
#9161 = CARTESIAN_POINT ( 'NONE',  ( -36.22499999999999432, -11.77500000000000036, 9.399999999999995026 ) ) ;
#9162 = FACE_OUTER_BOUND ( 'NONE', #1923, .T. ) ;
#9163 = VECTOR ( 'NONE', #5782, 1000.000000000000000 ) ;
#9164 = PRODUCT_DEFINITION ( 'UNKNOWN', '', #4081, #7299 ) ;
#9165 = PLANE ( 'NONE',  #8778 ) ;
#9166 = CARTESIAN_POINT ( 'NONE',  ( 38.72500000000000142, -11.77500000000000036, -16.70500000000001961 ) ) ;
#9167 = ORIENTED_EDGE ( 'NONE', *, *, #8651, .T. ) ;
#9168 = ORIENTED_EDGE ( 'NONE', *, *, #408, .T. ) ;
#9169 = DIRECTION ( 'NONE',  ( 0.9993908270190957621, 0.03489949670250105246, 0.000000000000000000 ) ) ;
#9170 = CARTESIAN_POINT ( 'NONE',  ( 36.62499999999999289, 0.000000000000000000, 9.095000000000020179 ) ) ;
#9171 = CARTESIAN_POINT ( 'NONE',  ( -36.62500000000000000, -11.77500000000000036, -35.89999999999997016 ) ) ;
#9172 = EDGE_LOOP ( 'NONE', ( #304, #8000, #4360, #1615 ) ) ;
#9173 = FILL_AREA_STYLE_COLOUR ( '', #5096 ) ;
#9174 = DIRECTION ( 'NONE',  ( -1.000000000000000000, 1.259407789102440013E-18, 0.000000000000000000 ) ) ;
#9175 = DIRECTION ( 'NONE',  ( 0.000000000000000000, -1.000000000000000000, 0.000000000000000000 ) ) ;
#9176 = AXIS2_PLACEMENT_3D ( 'NONE', #5651, #5797, #8035 ) ;
#9177 = AXIS2_PLACEMENT_3D ( 'NONE', #5579, #3082, #4587 ) ;
#9178 = ORIENTED_EDGE ( 'NONE', *, *, #4782, .T. ) ;
#9179 = PLANE ( 'NONE',  #3095 ) ;
#9180 = ORIENTED_EDGE ( 'NONE', *, *, #4441, .F. ) ;
#9181 = EDGE_LOOP ( 'NONE', ( #1124, #5147, #6676, #6942 ) ) ;
#9182 = CARTESIAN_POINT ( 'NONE',  ( 24.62689431690672137, -9.669340239903535306, -37.45462170257639656 ) ) ;
#9183 = VERTEX_POINT ( 'NONE', #9228 ) ;
#9184 = AXIS2_PLACEMENT_3D ( 'NONE', #6602, #8652, #7284 ) ;
#9185 = COLOUR_RGB ( '',0.7921568627450980005, 0.8196078431372548767, 0.9333333333333333481 ) ;
#9186 = EDGE_LOOP ( 'NONE', ( #1691, #2452, #2854, #3246, #4577, #3814, #3477, #6253 ) ) ;
#9187 = CARTESIAN_POINT ( 'NONE',  ( -36.20056082260926900, -1.519354421300549873, -14.09999999999997655 ) ) ;
#9188 = VECTOR ( 'NONE', #1704, 1000.000000000000000 ) ;
#9189 = CARTESIAN_POINT ( 'NONE',  ( 26.92177908689250287, -10.32005512919786128, -14.00348395661287704 ) ) ;
#9190 = CARTESIAN_POINT ( 'NONE',  ( 36.62499999999999289, 0.000000000000000000, 35.90000000000001990 ) ) ;
#9191 = VECTOR ( 'NONE', #4097, 1000.000000000000000 ) ;
#9192 = CIRCLE ( 'NONE', #7391, 1.099999999999996758 ) ;
#9193 = ORIENTED_EDGE ( 'NONE', *, *, #2841, .T. ) ;
#9194 = DIRECTION ( 'NONE',  ( -1.259407789102440013E-18, -1.000000000000000000, 0.000000000000000000 ) ) ;
#9195 = EDGE_CURVE ( 'NONE', #8408, #7080, #2164, .T. ) ;
#9196 = VECTOR ( 'NONE', #4092, 1000.000000000000000 ) ;
#9197 = LINE ( 'NONE', #5633, #2695 ) ;
#9198 = CARTESIAN_POINT ( 'NONE',  ( 36.62500000000000000, 0.000000000000000000, 29.50000000000002132 ) ) ;
#9199 = ORIENTED_EDGE ( 'NONE', *, *, #5834, .T. ) ;
#9200 = VECTOR ( 'NONE', #886, 1000.000000000000000 ) ;
#9201 = CARTESIAN_POINT ( 'NONE',  ( -36.62500000000000000, -11.77500000000000036, -35.89999999999997016 ) ) ;
#9202 = AXIS2_PLACEMENT_3D ( 'NONE', #6029, #3214, #2435 ) ;
#9203 = ORIENTED_EDGE ( 'NONE', *, *, #7358, .T. ) ;
#9204 = CARTESIAN_POINT ( 'NONE',  ( -24.62689431690673558, -9.669340239903531753, -6.145378297423623515 ) ) ;
#9205 = LINE ( 'NONE', #4779, #6675 ) ;
#9206 = DIRECTION ( 'NONE',  ( 1.000000000000000000, -1.259407789102440013E-18, 0.000000000000000000 ) ) ;
#9207 = ORIENTED_EDGE ( 'NONE', *, *, #1169, .T. ) ;
#9208 = EDGE_CURVE ( 'NONE', #341, #2090, #2118, .T. ) ;
#9209 = AXIS2_PLACEMENT_3D ( 'NONE', #2514, #6830, #3829 ) ;
#9210 = ADVANCED_FACE ( 'NONE', ( #3521 ), #7094, .T. ) ;
#9211 = CARTESIAN_POINT ( 'NONE',  ( -27.22500000000000497, -10.59437064379733862, -12.87512049743569342 ) ) ;
#9212 = EDGE_CURVE ( 'NONE', #9133, #6323, #2733, .T. ) ;
#9213 = DIRECTION ( 'NONE',  ( -0.000000000000000000, 1.000000000000000000, -0.000000000000000000 ) ) ;
#9214 = VERTEX_POINT ( 'NONE', #1369 ) ;
#9215 = DIRECTION ( 'NONE',  ( 0.000000000000000000, 0.000000000000000000, 1.000000000000000000 ) ) ;
#9216 = VECTOR ( 'NONE', #6810, 1000.000000000000000 ) ;
#9217 = PLANE ( 'NONE',  #4216 ) ;
#9218 = LINE ( 'NONE', #2721, #2124 ) ;
#9219 = CARTESIAN_POINT ( 'NONE',  ( 43.31380793923467110, -11.77500000000000036, -26.89500000000002089 ) ) ;
#9220 = ORIENTED_EDGE ( 'NONE', *, *, #4159, .F. ) ;
#9221 = ADVANCED_FACE ( 'NONE', ( #3486 ), #3368, .T. ) ;
#9222 = ORIENTED_EDGE ( 'NONE', *, *, #5740, .F. ) ;
#9223 = DIRECTION ( 'NONE',  ( -0.03489949670250104552, 0.9993908270190956511, 0.000000000000000000 ) ) ;
#9224 = AXIS2_PLACEMENT_3D ( 'NONE', #6691, #3652, #8025 ) ;
#9225 = VECTOR ( 'NONE', #5294, 1000.000000000000000 ) ;
#9226 = DIRECTION ( 'NONE',  ( 0.000000000000000000, 0.000000000000000000, -1.000000000000000000 ) ) ;
#9227 = EDGE_CURVE ( 'NONE', #8229, #5974, #4130, .T. ) ;
#9228 = CARTESIAN_POINT ( 'NONE',  ( -35.22500000000000142, -1.819537539667370973, -14.10332024559068920 ) ) ;
#9229 = ORIENTED_EDGE ( 'NONE', *, *, #6244, .F. ) ;
#9230 = CARTESIAN_POINT ( 'NONE',  ( -36.22499999999999432, -6.275000000000000355, 31.19999999999999218 ) ) ;
#9231 = FACE_OUTER_BOUND ( 'NONE', #3463, .T. ) ;
#9232 = CARTESIAN_POINT ( 'NONE',  ( 25.57518165881202421, -9.808445427359494317, 15.36118206920664164 ) ) ;
#9233 = VECTOR ( 'NONE', #6219, 1000.000000000000000 ) ;
#9234 = ORIENTED_EDGE ( 'NONE', *, *, #5200, .T. ) ;
#9235 = CARTESIAN_POINT ( 'NONE',  ( -36.62499999999999289, -11.77500000000000036, -29.49999999999997868 ) ) ;
#9236 = ORIENTED_EDGE ( 'NONE', *, *, #8936, .F. ) ;
#9237 = CARTESIAN_POINT ( 'NONE',  ( 27.12813223880081281, -10.46924288888235743, -35.25627313636647386 ) ) ;
#9238 = AXIS2_PLACEMENT_3D ( 'NONE', #6885, #407, #7565 ) ;
#9239 = VERTEX_POINT ( 'NONE', #3420 ) ;
#9240 = AXIS2_PLACEMENT_3D ( 'NONE', #5977, #1630, #837 ) ;
#9241 = ORIENTED_EDGE ( 'NONE', *, *, #4074, .T. ) ;
#9242 = CARTESIAN_POINT ( 'NONE',  ( -1.320799999999999974, 13.30959999999999965, -2.374900000000000233 ) ) ;
#9243 = CARTESIAN_POINT ( 'NONE',  ( 27.12874297933606726, -10.46984523231758502, 35.25371957594128958 ) ) ;
#9244 = DIRECTION ( 'NONE',  ( 1.000000000000000000, -0.000000000000000000, -0.000000000000000000 ) ) ;
#9245 = AXIS2_PLACEMENT_3D ( 'NONE', #8464, #5757, #7756 ) ;
#9246 = VECTOR ( 'NONE', #7830, 1000.000000000000000 ) ;
#9247 = ORIENTED_EDGE ( 'NONE', *, *, #522, .F. ) ;
#9248 = ORIENTED_EDGE ( 'NONE', *, *, #5189, .F. ) ;
#9249 = LINE ( 'NONE', #4202, #1767 ) ;
#9250 = DIRECTION ( 'NONE',  ( -0.000000000000000000, 1.000000000000000000, -0.000000000000000000 ) ) ;
#9251 = PLANE ( 'NONE',  #6342 ) ;
#9252 = CARTESIAN_POINT ( 'NONE',  ( -36.62500000000000000, -15.71253753966737143, 10.87832024559069133 ) ) ;
#9253 = VERTEX_POINT ( 'NONE', #6473 ) ;
#9254 = AXIS2_PLACEMENT_3D ( 'NONE', #6159, #4731, #6401 ) ;
#9255 = FACE_OUTER_BOUND ( 'NONE', #5758, .T. ) ;
#9256 = CARTESIAN_POINT ( 'NONE',  ( -26.22150987399927757, -9.997091699051166458, -6.877510949666841178 ) ) ;
#9257 = ADVANCED_FACE ( 'NONE', ( #609 ), #4279, .F. ) ;
#9258 = CARTESIAN_POINT ( 'NONE',  ( -27.22499999999999787, -10.62779375035100848, -30.92499999999999716 ) ) ;
#9259 = CARTESIAN_POINT ( 'NONE',  ( 24.22500000000000142, -9.659192512834597011, -27.92499999999999716 ) ) ;
#9260 = ORIENTED_EDGE ( 'NONE', *, *, #1637, .T. ) ;
#9261 = PLANE ( 'NONE',  #1038 ) ;
#9262 = DIRECTION ( 'NONE',  ( 0.000000000000000000, -1.000000000000000000, 0.000000000000000000 ) ) ;
#9263 = EDGE_LOOP ( 'NONE', ( #7252, #6445, #6721, #6948 ) ) ;
#9264 = LINE ( 'NONE', #4121, #6625 ) ;
#9265 = EDGE_CURVE ( 'NONE', #2377, #3349, #554, .T. ) ;
#9266 = LINE ( 'NONE', #7180, #3010 ) ;
#9267 = EDGE_CURVE ( 'NONE', #2150, #2911, #5614, .T. ) ;
#9268 = DIRECTION ( 'NONE',  ( 0.000000000000000000, 0.000000000000000000, -1.000000000000000000 ) ) ;
#9269 = FACE_OUTER_BOUND ( 'NONE', #8085, .T. ) ;
#9270 = ORIENTED_EDGE ( 'NONE', *, *, #4729, .T. ) ;
#9271 = VERTEX_POINT ( 'NONE', #6273 ) ;
#9272 = PLANE ( 'NONE',  #3433 ) ;
#9273 = PLANE ( 'NONE',  #3757 ) ;
#9274 = DIRECTION ( 'NONE',  ( 1.000000000000000000, 0.000000000000000000, 0.000000000000000000 ) ) ;
#9275 = ORIENTED_EDGE ( 'NONE', *, *, #4016, .T. ) ;
#9276 = FILL_AREA_STYLE ('',( #9173 ) ) ;
#9277 = LINE ( 'NONE', #3424, #7680 ) ;
#9278 = EDGE_CURVE ( 'NONE', #6883, #569, #7188, .T. ) ;
#9279 = LINE ( 'NONE', #5046, #1519 ) ;
#9280 = DIRECTION ( 'NONE',  ( 1.000000000000000000, 0.000000000000000000, -0.000000000000000000 ) ) ;
#9281 = ORIENTED_EDGE ( 'NONE', *, *, #7373, .F. ) ;
#9282 = ORIENTED_EDGE ( 'NONE', *, *, #3991, .F. ) ;
#9283 = LINE ( 'NONE', #8617, #6914 ) ;
#9284 = ORIENTED_EDGE ( 'NONE', *, *, #7086, .T. ) ;
#9285 = ORIENTED_EDGE ( 'NONE', *, *, #9340, .F. ) ;
#9286 = CARTESIAN_POINT ( 'NONE',  ( -36.22500000000000142, -2.199999999999999734, -34.20000000000000284 ) ) ;
#9287 = DIRECTION ( 'NONE',  ( 0.8587137004641418603, -0.5124556377240669924, 0.000000000000000000 ) ) ;
#9288 = PLANE ( 'NONE',  #4075 ) ;
#9289 = PRODUCT_DEFINITION_SHAPE ( 'NONE', 'NONE',  #9372 ) ;
#9290 = EDGE_LOOP ( 'NONE', ( #3040, #5583, #7350, #1019 ) ) ;
#9291 = VERTEX_POINT ( 'NONE', #5658 ) ;
#9292 = DIRECTION ( 'NONE',  ( 0.9659258262890699775, -0.2588190451025145222, 0.000000000000000000 ) ) ;
#9293 = LINE ( 'NONE', #8435, #7250 ) ;
#9294 = DIRECTION ( 'NONE',  ( -1.000000000000000000, 0.000000000000000000, 0.000000000000000000 ) ) ;
#9295 = CARTESIAN_POINT ( 'NONE',  ( -36.62500000000000000, -14.95161261900211258, -32.71503926322797184 ) ) ;
#9296 = ORIENTED_EDGE ( 'NONE', *, *, #465, .T. ) ;
#9297 = FACE_OUTER_BOUND ( 'NONE', #5638, .T. ) ;
#9298 = ORIENTED_EDGE ( 'NONE', *, *, #7630, .F. ) ;
#9299 = CARTESIAN_POINT ( 'NONE',  ( -0.3047999999999999599, 0.7620000000000000107, -0.01019107390356895938 ) ) ;
#9300 = DIRECTION ( 'NONE',  ( 0.000000000000000000, 2.891205793294672903E-16, -1.000000000000000000 ) ) ;
#9301 = DIRECTION ( 'NONE',  ( 1.000000000000000000, 0.000000000000000000, 0.000000000000000000 ) ) ;
#9302 = VERTEX_POINT ( 'NONE', #8554 ) ;
#9303 = CARTESIAN_POINT ( 'NONE',  ( -26.07349211351373697, -9.946160579764852017, -15.04594497867068625 ) ) ;
#9304 = EDGE_CURVE ( 'NONE', #8719, #3068, #6424, .T. ) ;
#9305 = DIRECTION ( 'NONE',  ( 0.000000000000000000, 0.000000000000000000, -1.000000000000000000 ) ) ;
#9306 = ORIENTED_EDGE ( 'NONE', *, *, #6832, .F. ) ;
#9307 = DIRECTION ( 'NONE',  ( 1.000000000000000000, 0.000000000000000000, 0.000000000000000000 ) ) ;
#9308 = CARTESIAN_POINT ( 'NONE',  ( 0.3812922172450244895, 7.747601927289059276, -3.174999999999999822 ) ) ;
#9309 = DIRECTION ( 'NONE',  ( -0.03489949670250104552, 0.9993908270190956511, 0.000000000000000000 ) ) ;
#9310 = DIRECTION ( 'NONE',  ( 0.000000000000000000, 0.000000000000000000, -1.000000000000000000 ) ) ;
#9311 = VECTOR ( 'NONE', #6542, 1000.000000000000000 ) ;
#9312 = LINE ( 'NONE', #9219, #1909 ) ;
#9313 = ORIENTED_EDGE ( 'NONE', *, *, #5930, .T. ) ;
#9314 = VERTEX_POINT ( 'NONE', #8605 ) ;
#9315 = CARTESIAN_POINT ( 'NONE',  ( -39.35983003675661251, -0.02500000000000038997, 17.97443290460574161 ) ) ;
#9316 = ADVANCED_FACE ( 'NONE', ( #4999 ), #6992, .F. ) ;
#9317 = EDGE_CURVE ( 'NONE', #8247, #5652, #4179, .T. ) ;
#9318 = LINE ( 'NONE', #7036, #1052 ) ;
#9319 = CARTESIAN_POINT ( 'NONE',  ( 36.62500000000000000, -11.77500000000000036, 29.50000000000002132 ) ) ;
#9320 = ORIENTED_EDGE ( 'NONE', *, *, #7160, .F. ) ;
#9321 = LINE ( 'NONE', #2822, #1627 ) ;
#9322 = DIRECTION ( 'NONE',  ( -1.000000000000000000, 0.000000000000000000, 0.000000000000000000 ) ) ;
#9323 = DIRECTION ( 'NONE',  ( -0.000000000000000000, 1.000000000000000000, -0.000000000000000000 ) ) ;
#9324 = VERTEX_POINT ( 'NONE', #702 ) ;
#9325 = EDGE_LOOP ( 'NONE', ( #6324, #1337, #4529, #519 ) ) ;
#9326 = PLANE ( 'NONE',  #3581 ) ;
#9327 = EDGE_CURVE ( 'NONE', #7113, #4685, #4233, .T. ) ;
#9328 = EDGE_CURVE ( 'NONE', #3863, #968, #3029, .T. ) ;
#9329 = ORIENTED_EDGE ( 'NONE', *, *, #4273, .T. ) ;
#9330 = EDGE_CURVE ( 'NONE', #5212, #9081, #894, .T. ) ;
#9331 = VERTEX_POINT ( 'NONE', #5970 ) ;
#9332 = LINE ( 'NONE', #4294, #4474 ) ;
#9333 = CARTESIAN_POINT ( 'NONE',  ( 24.22500000000000142, -9.659192512834597011, 37.47500000000000142 ) ) ;
#9334 = DIRECTION ( 'NONE',  ( 0.000000000000000000, 0.000000000000000000, -1.000000000000000000 ) ) ;
#9335 = VERTEX_POINT ( 'NONE', #6734 ) ;
#9336 = ORIENTED_EDGE ( 'NONE', *, *, #4964, .T. ) ;
#9337 = DIRECTION ( 'NONE',  ( 0.000000000000000000, 0.000000000000000000, -1.000000000000000000 ) ) ;
#9338 = AXIS2_PLACEMENT_3D ( 'NONE', #1888, #7730, #4059 ) ;
#9339 = VECTOR ( 'NONE', #6554, 1000.000000000000000 ) ;
#9340 = EDGE_CURVE ( 'NONE', #2608, #5747, #392, .T. ) ;
#9341 = DIRECTION ( 'NONE',  ( 0.000000000000000000, 0.000000000000000000, 1.000000000000000000 ) ) ;
#9342 = LINE ( 'NONE', #1431, #2641 ) ;
#9343 = EDGE_LOOP ( 'NONE', ( #3421, #4117, #2294, #7724 ) ) ;
#9344 = ADVANCED_FACE ( 'NONE', ( #2430 ), #7549, .T. ) ;
#9345 = DIRECTION ( 'NONE',  ( 1.000000000000000000, 0.000000000000000000, 0.000000000000000000 ) ) ;
#9346 = CARTESIAN_POINT ( 'NONE',  ( 36.20056788422827765, -1.519380600207482779, -14.09999999999997655 ) ) ;
#9347 = AXIS2_PLACEMENT_3D ( 'NONE', #7338, #4387, #7248 ) ;
#9348 = LINE ( 'NONE', #590, #1083 ) ;
#9349 = PRESENTATION_LAYER_ASSIGNMENT (  '', '', ( #8131 ) ) ;
#9350 = LINE ( 'NONE', #7883, #3166 ) ;
#9351 = CIRCLE ( 'NONE', #6918, 0.6350000000000003419 ) ;
#9352 = ORIENTED_EDGE ( 'NONE', *, *, #1290, .F. ) ;
#9353 = CARTESIAN_POINT ( 'NONE',  ( -3.668208290530530213, 9.042400000000000659, 2.374900000000000233 ) ) ;
#9354 = VECTOR ( 'NONE', #5787, 1000.000000000000000 ) ;
#9355 = VECTOR ( 'NONE', #5186, 1000.000000000000000 ) ;
#9356 = CARTESIAN_POINT ( 'NONE',  ( 35.22500000000000142, -1.819537539667370973, -14.10332024559068920 ) ) ;
#9357 = VERTEX_POINT ( 'NONE', #7593 ) ;
#9358 = PLANE ( 'NONE',  #1311 ) ;
#9359 = DIRECTION ( 'NONE',  ( 1.000000000000000000, -1.259407789102440013E-18, 0.000000000000000000 ) ) ;
#9360 = LINE ( 'NONE', #4844, #6062 ) ;
#9361 = CARTESIAN_POINT ( 'NONE',  ( -24.22500000000000142, -11.77500000000000036, -6.125000000000008882 ) ) ;
#9362 = VECTOR ( 'NONE', #8161, 1000.000000000000000 ) ;
#9363 =( REPRESENTATION_RELATIONSHIP ('NONE','NONE', #5123, #7375 ) REPRESENTATION_RELATIONSHIP_WITH_TRANSFORMATION ( #7964 )SHAPE_REPRESENTATION_RELATIONSHIP( ) );
#9364 = NEXT_ASSEMBLY_USAGE_OCCURRENCE ( 'NAUO1', ' ', ' ', #9164, #7900, $ ) ;
#9365 = NEXT_ASSEMBLY_USAGE_OCCURRENCE ( 'NAUO2', ' ', ' ', #9164, #7601, $ ) ;
#9366 = NEXT_ASSEMBLY_USAGE_OCCURRENCE ( 'NAUO3', ' ', ' ', #9164, #7601, $ ) ;
#9367 = NEXT_ASSEMBLY_USAGE_OCCURRENCE ( 'NAUO4', ' ', ' ', #9164, #7601, $ ) ;
#9368 = NEXT_ASSEMBLY_USAGE_OCCURRENCE ( 'NAUO5', ' ', ' ', #9164, #7601, $ ) ;
#9369 = NEXT_ASSEMBLY_USAGE_OCCURRENCE ( 'NAUO6', ' ', ' ', #9164, #7601, $ ) ;
#9370 = NEXT_ASSEMBLY_USAGE_OCCURRENCE ( 'NAUO7', ' ', ' ', #9164, #7601, $ ) ;
#9371 = NEXT_ASSEMBLY_USAGE_OCCURRENCE ( 'NAUO8', ' ', ' ', #9164, #7601, $ ) ;
#9372 = NEXT_ASSEMBLY_USAGE_OCCURRENCE ( 'NAUO9', ' ', ' ', #9164, #7601, $ ) ;
ENDSEC;
END-ISO-10303-21;
