ISO-10303-21;
HEADER;
FILE_DESCRIPTION((''),'2;1');
FILE_NAME('RXP0008A_ASM','2020-05-26T11:26:26',('a0412086'),(''),
'CREO PARAMETRIC BY PTC INC, 2019292','CREO PARAMETRIC BY PTC INC, 2019292','');
FILE_SCHEMA(('AUTOMOTIVE_DESIGN { 1 0 10303 214 1 1 1 1 }'));
ENDSEC;
DATA;
#29=DIRECTION('',(0.E0,0.E0,1.E0));
#30=VECTOR('',#29,3.75E-1);
#31=CARTESIAN_POINT('',(-1.E-1,0.E0,-7.5E-1));
#32=LINE('',#31,#30);
#33=DRAUGHTING_PRE_DEFINED_CURVE_FONT('continuous');
#34=CURVE_STYLE('',#33,POSITIVE_LENGTH_MEASURE(2.E-2),#22);
#35=PRESENTATION_STYLE_ASSIGNMENT((#34));
#36=STYLED_ITEM('',(#35),#32);
#37=DIRECTION('',(1.E0,0.E0,0.E0));
#38=VECTOR('',#37,2.E-1);
#39=CARTESIAN_POINT('',(-1.E-1,0.E0,-3.75E-1));
#40=LINE('',#39,#38);
#41=CURVE_STYLE('',#33,POSITIVE_LENGTH_MEASURE(2.E-2),#22);
#42=PRESENTATION_STYLE_ASSIGNMENT((#41));
#43=STYLED_ITEM('',(#42),#40);
#44=DIRECTION('',(0.E0,0.E0,-1.E0));
#45=VECTOR('',#44,3.75E-1);
#46=CARTESIAN_POINT('',(1.E-1,0.E0,-3.75E-1));
#47=LINE('',#46,#45);
#48=CURVE_STYLE('',#33,POSITIVE_LENGTH_MEASURE(2.E-2),#22);
#49=PRESENTATION_STYLE_ASSIGNMENT((#48));
#50=STYLED_ITEM('',(#49),#47);
#51=DIRECTION('',(-1.E0,0.E0,0.E0));
#52=VECTOR('',#51,2.E-1);
#53=CARTESIAN_POINT('',(1.E-1,0.E0,-7.5E-1));
#54=LINE('',#53,#52);
#55=CURVE_STYLE('',#33,POSITIVE_LENGTH_MEASURE(2.E-2),#22);
#56=PRESENTATION_STYLE_ASSIGNMENT((#55));
#57=STYLED_ITEM('',(#56),#54);
#58=DIRECTION('',(0.E0,1.E0,0.E0));
#59=VECTOR('',#58,1.E-1);
#60=CARTESIAN_POINT('',(-1.E-1,0.E0,-7.5E-1));
#61=LINE('',#60,#59);
#62=CURVE_STYLE('',#33,POSITIVE_LENGTH_MEASURE(2.E-2),#22);
#63=PRESENTATION_STYLE_ASSIGNMENT((#62));
#64=STYLED_ITEM('',(#63),#61);
#65=DIRECTION('',(0.E0,1.E0,0.E0));
#66=VECTOR('',#65,1.E-1);
#67=CARTESIAN_POINT('',(1.E-1,0.E0,-7.5E-1));
#68=LINE('',#67,#66);
#69=CURVE_STYLE('',#33,POSITIVE_LENGTH_MEASURE(2.E-2),#22);
#70=PRESENTATION_STYLE_ASSIGNMENT((#69));
#71=STYLED_ITEM('',(#70),#68);
#72=DIRECTION('',(0.E0,1.E0,0.E0));
#73=VECTOR('',#72,1.E-1);
#74=CARTESIAN_POINT('',(1.E-1,0.E0,-3.75E-1));
#75=LINE('',#74,#73);
#76=CURVE_STYLE('',#33,POSITIVE_LENGTH_MEASURE(2.E-2),#22);
#77=PRESENTATION_STYLE_ASSIGNMENT((#76));
#78=STYLED_ITEM('',(#77),#75);
#79=DIRECTION('',(0.E0,1.E0,0.E0));
#80=VECTOR('',#79,1.E-1);
#81=CARTESIAN_POINT('',(-1.E-1,0.E0,-3.75E-1));
#82=LINE('',#81,#80);
#83=CURVE_STYLE('',#33,POSITIVE_LENGTH_MEASURE(2.E-2),#22);
#84=PRESENTATION_STYLE_ASSIGNMENT((#83));
#85=STYLED_ITEM('',(#84),#82);
#86=DIRECTION('',(0.E0,0.E0,1.E0));
#87=VECTOR('',#86,3.75E-1);
#88=CARTESIAN_POINT('',(-1.E-1,1.E-1,-7.5E-1));
#89=LINE('',#88,#87);
#90=CURVE_STYLE('',#33,POSITIVE_LENGTH_MEASURE(2.E-2),#22);
#91=PRESENTATION_STYLE_ASSIGNMENT((#90));
#92=STYLED_ITEM('',(#91),#89);
#93=DIRECTION('',(-1.E0,0.E0,0.E0));
#94=VECTOR('',#93,2.E-1);
#95=CARTESIAN_POINT('',(1.E-1,1.E-1,-7.5E-1));
#96=LINE('',#95,#94);
#97=CURVE_STYLE('',#33,POSITIVE_LENGTH_MEASURE(2.E-2),#22);
#98=PRESENTATION_STYLE_ASSIGNMENT((#97));
#99=STYLED_ITEM('',(#98),#96);
#100=DIRECTION('',(0.E0,0.E0,-1.E0));
#101=VECTOR('',#100,3.75E-1);
#102=CARTESIAN_POINT('',(1.E-1,1.E-1,-3.75E-1));
#103=LINE('',#102,#101);
#104=CURVE_STYLE('',#33,POSITIVE_LENGTH_MEASURE(2.E-2),#22);
#105=PRESENTATION_STYLE_ASSIGNMENT((#104));
#106=STYLED_ITEM('',(#105),#103);
#107=DIRECTION('',(1.E0,0.E0,0.E0));
#108=VECTOR('',#107,2.E-1);
#109=CARTESIAN_POINT('',(-1.E-1,1.E-1,-3.75E-1));
#110=LINE('',#109,#108);
#111=CURVE_STYLE('',#33,POSITIVE_LENGTH_MEASURE(2.E-2),#22);
#112=PRESENTATION_STYLE_ASSIGNMENT((#111));
#113=STYLED_ITEM('',(#112),#110);
#114=CARTESIAN_POINT('',(-1.E-1,0.E0,-7.5E-1));
#115=CARTESIAN_POINT('',(-1.E-1,0.E0,-3.75E-1));
#116=VERTEX_POINT('',#114);
#117=VERTEX_POINT('',#115);
#118=CARTESIAN_POINT('',(1.E-1,0.E0,-3.75E-1));
#119=VERTEX_POINT('',#118);
#120=CARTESIAN_POINT('',(1.E-1,0.E0,-7.5E-1));
#121=VERTEX_POINT('',#120);
#122=CARTESIAN_POINT('',(-1.E-1,1.E-1,-7.5E-1));
#123=CARTESIAN_POINT('',(-1.E-1,1.E-1,-3.75E-1));
#124=VERTEX_POINT('',#122);
#125=VERTEX_POINT('',#123);
#126=CARTESIAN_POINT('',(1.E-1,1.E-1,-3.75E-1));
#127=VERTEX_POINT('',#126);
#128=CARTESIAN_POINT('',(1.E-1,1.E-1,-7.5E-1));
#129=VERTEX_POINT('',#128);
#130=CARTESIAN_POINT('',(0.E0,0.E0,0.E0));
#131=DIRECTION('',(0.E0,1.E0,0.E0));
#132=DIRECTION('',(1.E0,0.E0,0.E0));
#133=AXIS2_PLACEMENT_3D('',#130,#131,#132);
#134=PLANE('',#133);
#136=ORIENTED_EDGE('',*,*,#135,.T.);
#138=ORIENTED_EDGE('',*,*,#137,.T.);
#140=ORIENTED_EDGE('',*,*,#139,.T.);
#142=ORIENTED_EDGE('',*,*,#141,.T.);
#143=EDGE_LOOP('',(#136,#138,#140,#142));
#144=FACE_OUTER_BOUND('',#143,.F.);
#146=CARTESIAN_POINT('',(-1.E-1,0.E0,-7.5E-1));
#147=DIRECTION('',(-1.E0,0.E0,0.E0));
#148=DIRECTION('',(0.E0,0.E0,1.E0));
#149=AXIS2_PLACEMENT_3D('',#146,#147,#148);
#150=PLANE('',#149);
#151=ORIENTED_EDGE('',*,*,#135,.F.);
#153=ORIENTED_EDGE('',*,*,#152,.T.);
#155=ORIENTED_EDGE('',*,*,#154,.T.);
#157=ORIENTED_EDGE('',*,*,#156,.F.);
#158=EDGE_LOOP('',(#151,#153,#155,#157));
#159=FACE_OUTER_BOUND('',#158,.F.);
#161=CARTESIAN_POINT('',(1.E-1,0.E0,-7.5E-1));
#162=DIRECTION('',(0.E0,0.E0,-1.E0));
#163=DIRECTION('',(-1.E0,0.E0,0.E0));
#164=AXIS2_PLACEMENT_3D('',#161,#162,#163);
#165=PLANE('',#164);
#166=ORIENTED_EDGE('',*,*,#141,.F.);
#168=ORIENTED_EDGE('',*,*,#167,.T.);
#170=ORIENTED_EDGE('',*,*,#169,.T.);
#171=ORIENTED_EDGE('',*,*,#152,.F.);
#172=EDGE_LOOP('',(#166,#168,#170,#171));
#173=FACE_OUTER_BOUND('',#172,.F.);
#175=FILL_AREA_STYLE_COLOUR('',#20);
#176=FILL_AREA_STYLE('',(#175));
#177=SURFACE_STYLE_FILL_AREA(#176);
#178=SURFACE_SIDE_STYLE('',(#177));
#179=SURFACE_STYLE_USAGE(.POSITIVE.,#178);
#180=FILL_AREA_STYLE_COLOUR('',#22);
#181=FILL_AREA_STYLE('',(#180));
#182=SURFACE_STYLE_FILL_AREA(#181);
#183=SURFACE_SIDE_STYLE('',(#182));
#184=SURFACE_STYLE_USAGE(.NEGATIVE.,#183);
#185=PRESENTATION_STYLE_ASSIGNMENT((#179,#184));
#186=OVER_RIDING_STYLED_ITEM('',(#185),#174,#28);
#187=CARTESIAN_POINT('',(1.E-1,0.E0,-3.75E-1));
#188=DIRECTION('',(1.E0,0.E0,0.E0));
#189=DIRECTION('',(0.E0,0.E0,-1.E0));
#190=AXIS2_PLACEMENT_3D('',#187,#188,#189);
#191=PLANE('',#190);
#192=ORIENTED_EDGE('',*,*,#139,.F.);
#194=ORIENTED_EDGE('',*,*,#193,.T.);
#196=ORIENTED_EDGE('',*,*,#195,.T.);
#197=ORIENTED_EDGE('',*,*,#167,.F.);
#198=EDGE_LOOP('',(#192,#194,#196,#197));
#199=FACE_OUTER_BOUND('',#198,.F.);
#201=CARTESIAN_POINT('',(-1.E-1,0.E0,-3.75E-1));
#202=DIRECTION('',(0.E0,0.E0,1.E0));
#203=DIRECTION('',(1.E0,0.E0,0.E0));
#204=AXIS2_PLACEMENT_3D('',#201,#202,#203);
#205=PLANE('',#204);
#206=ORIENTED_EDGE('',*,*,#137,.F.);
#207=ORIENTED_EDGE('',*,*,#156,.T.);
#209=ORIENTED_EDGE('',*,*,#208,.T.);
#210=ORIENTED_EDGE('',*,*,#193,.F.);
#211=EDGE_LOOP('',(#206,#207,#209,#210));
#212=FACE_OUTER_BOUND('',#211,.F.);
#214=CARTESIAN_POINT('',(0.E0,1.E-1,0.E0));
#215=DIRECTION('',(0.E0,1.E0,0.E0));
#216=DIRECTION('',(1.E0,0.E0,0.E0));
#217=AXIS2_PLACEMENT_3D('',#214,#215,#216);
#218=PLANE('',#217);
#219=ORIENTED_EDGE('',*,*,#154,.F.);
#220=ORIENTED_EDGE('',*,*,#169,.F.);
#221=ORIENTED_EDGE('',*,*,#195,.F.);
#222=ORIENTED_EDGE('',*,*,#208,.F.);
#223=EDGE_LOOP('',(#219,#220,#221,#222));
#224=FACE_OUTER_BOUND('',#223,.F.);
#226=CLOSED_SHELL('',(#145,#160,#174,#200,#213,#225));
#227=MANIFOLD_SOLID_BREP('',#226);
#228=FILL_AREA_STYLE_COLOUR('',#22);
#229=FILL_AREA_STYLE('',(#228));
#230=SURFACE_STYLE_FILL_AREA(#229);
#231=SURFACE_SIDE_STYLE('',(#230));
#232=SURFACE_STYLE_USAGE(.BOTH.,#231);
#233=PRESENTATION_STYLE_ASSIGNMENT((#232));
#28=STYLED_ITEM('',(#233),#227);
#235=DIRECTION('',(0.E0,1.E0,0.E0));
#236=VECTOR('',#235,1.E-1);
#237=CARTESIAN_POINT('',(-6.25E-1,0.E0,-1.25E-1));
#238=LINE('',#237,#236);
#239=CURVE_STYLE('',#33,POSITIVE_LENGTH_MEASURE(2.E-2),#22);
#240=PRESENTATION_STYLE_ASSIGNMENT((#239));
#241=STYLED_ITEM('',(#240),#238);
#242=DIRECTION('',(7.071067811865E-1,0.E0,7.071067811865E-1));
#243=VECTOR('',#242,2.121320343560E-1);
#244=CARTESIAN_POINT('',(-2.75E-1,0.E0,-1.25E-1));
#245=LINE('',#244,#243);
#246=CURVE_STYLE('',#33,POSITIVE_LENGTH_MEASURE(2.E-2),#22);
#247=PRESENTATION_STYLE_ASSIGNMENT((#246));
#248=STYLED_ITEM('',(#247),#245);
#249=DIRECTION('',(-1.E0,0.E0,0.E0));
#250=VECTOR('',#249,3.5E-1);
#251=CARTESIAN_POINT('',(-2.75E-1,0.E0,-1.25E-1));
#252=LINE('',#251,#250);
#253=CURVE_STYLE('',#33,POSITIVE_LENGTH_MEASURE(2.E-2),#22);
#254=PRESENTATION_STYLE_ASSIGNMENT((#253));
#255=STYLED_ITEM('',(#254),#252);
#256=DIRECTION('',(0.E0,0.E0,1.E0));
#257=VECTOR('',#256,2.5E-1);
#258=CARTESIAN_POINT('',(-6.25E-1,0.E0,-1.25E-1));
#259=LINE('',#258,#257);
#260=CURVE_STYLE('',#33,POSITIVE_LENGTH_MEASURE(2.E-2),#22);
#261=PRESENTATION_STYLE_ASSIGNMENT((#260));
#262=STYLED_ITEM('',(#261),#259);
#263=DIRECTION('',(1.E0,0.E0,0.E0));
#264=VECTOR('',#263,5.E-1);
#265=CARTESIAN_POINT('',(-6.25E-1,0.E0,1.25E-1));
#266=LINE('',#265,#264);
#267=CURVE_STYLE('',#33,POSITIVE_LENGTH_MEASURE(2.E-2),#22);
#268=PRESENTATION_STYLE_ASSIGNMENT((#267));
#269=STYLED_ITEM('',(#268),#266);
#270=DIRECTION('',(0.E0,0.E0,-1.E0));
#271=VECTOR('',#270,1.E-1);
#272=CARTESIAN_POINT('',(-1.25E-1,0.E0,1.25E-1));
#273=LINE('',#272,#271);
#274=CURVE_STYLE('',#33,POSITIVE_LENGTH_MEASURE(2.E-2),#22);
#275=PRESENTATION_STYLE_ASSIGNMENT((#274));
#276=STYLED_ITEM('',(#275),#273);
#277=DIRECTION('',(0.E0,-1.E0,0.E0));
#278=VECTOR('',#277,1.E-1);
#279=CARTESIAN_POINT('',(-1.25E-1,1.E-1,2.5E-2));
#280=LINE('',#279,#278);
#281=CURVE_STYLE('',#33,POSITIVE_LENGTH_MEASURE(2.E-2),#22);
#282=PRESENTATION_STYLE_ASSIGNMENT((#281));
#283=STYLED_ITEM('',(#282),#280);
#284=DIRECTION('',(0.E0,1.E0,0.E0));
#285=VECTOR('',#284,1.E-1);
#286=CARTESIAN_POINT('',(-1.25E-1,0.E0,1.25E-1));
#287=LINE('',#286,#285);
#288=CURVE_STYLE('',#33,POSITIVE_LENGTH_MEASURE(2.E-2),#22);
#289=PRESENTATION_STYLE_ASSIGNMENT((#288));
#290=STYLED_ITEM('',(#289),#287);
#291=DIRECTION('',(0.E0,1.E0,0.E0));
#292=VECTOR('',#291,1.E-1);
#293=CARTESIAN_POINT('',(-6.25E-1,0.E0,1.25E-1));
#294=LINE('',#293,#292);
#295=CURVE_STYLE('',#33,POSITIVE_LENGTH_MEASURE(2.E-2),#22);
#296=PRESENTATION_STYLE_ASSIGNMENT((#295));
#297=STYLED_ITEM('',(#296),#294);
#298=DIRECTION('',(-7.071067811865E-1,0.E0,-7.071067811865E-1));
#299=VECTOR('',#298,2.121320343560E-1);
#300=CARTESIAN_POINT('',(-1.25E-1,1.E-1,2.5E-2));
#301=LINE('',#300,#299);
#302=CURVE_STYLE('',#33,POSITIVE_LENGTH_MEASURE(2.E-2),#22);
#303=PRESENTATION_STYLE_ASSIGNMENT((#302));
#304=STYLED_ITEM('',(#303),#301);
#305=DIRECTION('',(0.E0,0.E0,-1.E0));
#306=VECTOR('',#305,1.E-1);
#307=CARTESIAN_POINT('',(-1.25E-1,1.E-1,1.25E-1));
#308=LINE('',#307,#306);
#309=CURVE_STYLE('',#33,POSITIVE_LENGTH_MEASURE(2.E-2),#22);
#310=PRESENTATION_STYLE_ASSIGNMENT((#309));
#311=STYLED_ITEM('',(#310),#308);
#312=DIRECTION('',(1.E0,0.E0,0.E0));
#313=VECTOR('',#312,5.E-1);
#314=CARTESIAN_POINT('',(-6.25E-1,1.E-1,1.25E-1));
#315=LINE('',#314,#313);
#316=CURVE_STYLE('',#33,POSITIVE_LENGTH_MEASURE(2.E-2),#22);
#317=PRESENTATION_STYLE_ASSIGNMENT((#316));
#318=STYLED_ITEM('',(#317),#315);
#319=DIRECTION('',(0.E0,0.E0,1.E0));
#320=VECTOR('',#319,2.5E-1);
#321=CARTESIAN_POINT('',(-6.25E-1,1.E-1,-1.25E-1));
#322=LINE('',#321,#320);
#323=CURVE_STYLE('',#33,POSITIVE_LENGTH_MEASURE(2.E-2),#22);
#324=PRESENTATION_STYLE_ASSIGNMENT((#323));
#325=STYLED_ITEM('',(#324),#322);
#326=DIRECTION('',(-1.E0,0.E0,0.E0));
#327=VECTOR('',#326,3.5E-1);
#328=CARTESIAN_POINT('',(-2.75E-1,1.E-1,-1.25E-1));
#329=LINE('',#328,#327);
#330=CURVE_STYLE('',#33,POSITIVE_LENGTH_MEASURE(2.E-2),#22);
#331=PRESENTATION_STYLE_ASSIGNMENT((#330));
#332=STYLED_ITEM('',(#331),#329);
#333=DIRECTION('',(0.E0,-1.E0,0.E0));
#334=VECTOR('',#333,1.E-1);
#335=CARTESIAN_POINT('',(-2.75E-1,1.E-1,-1.25E-1));
#336=LINE('',#335,#334);
#337=CURVE_STYLE('',#33,POSITIVE_LENGTH_MEASURE(2.E-2),#22);
#338=PRESENTATION_STYLE_ASSIGNMENT((#337));
#339=STYLED_ITEM('',(#338),#336);
#340=CARTESIAN_POINT('',(-6.25E-1,0.E0,-1.25E-1));
#341=CARTESIAN_POINT('',(-6.25E-1,0.E0,1.25E-1));
#342=VERTEX_POINT('',#340);
#343=VERTEX_POINT('',#341);
#344=CARTESIAN_POINT('',(-1.25E-1,0.E0,1.25E-1));
#345=VERTEX_POINT('',#344);
#346=CARTESIAN_POINT('',(-6.25E-1,1.E-1,-1.25E-1));
#347=CARTESIAN_POINT('',(-6.25E-1,1.E-1,1.25E-1));
#348=VERTEX_POINT('',#346);
#349=VERTEX_POINT('',#347);
#350=CARTESIAN_POINT('',(-1.25E-1,1.E-1,1.25E-1));
#351=VERTEX_POINT('',#350);
#352=CARTESIAN_POINT('',(-2.75E-1,0.E0,-1.25E-1));
#353=CARTESIAN_POINT('',(-1.25E-1,0.E0,2.5E-2));
#354=VERTEX_POINT('',#352);
#355=VERTEX_POINT('',#353);
#356=CARTESIAN_POINT('',(-1.25E-1,1.E-1,2.5E-2));
#357=VERTEX_POINT('',#356);
#358=CARTESIAN_POINT('',(-2.75E-1,1.E-1,-1.25E-1));
#359=VERTEX_POINT('',#358);
#360=CARTESIAN_POINT('',(-6.25E-1,0.E0,-1.25E-1));
#361=DIRECTION('',(-1.E0,0.E0,0.E0));
#362=DIRECTION('',(0.E0,0.E0,1.E0));
#363=AXIS2_PLACEMENT_3D('',#360,#361,#362);
#364=PLANE('',#363);
#366=ORIENTED_EDGE('',*,*,#365,.F.);
#368=ORIENTED_EDGE('',*,*,#367,.T.);
#370=ORIENTED_EDGE('',*,*,#369,.T.);
#372=ORIENTED_EDGE('',*,*,#371,.F.);
#373=EDGE_LOOP('',(#366,#368,#370,#372));
#374=FACE_OUTER_BOUND('',#373,.F.);
#376=FILL_AREA_STYLE_COLOUR('',#20);
#377=FILL_AREA_STYLE('',(#376));
#378=SURFACE_STYLE_FILL_AREA(#377);
#379=SURFACE_SIDE_STYLE('',(#378));
#380=SURFACE_STYLE_USAGE(.POSITIVE.,#379);
#381=PRESENTATION_STYLE_ASSIGNMENT((#380));
#382=OVER_RIDING_STYLED_ITEM('',(#381),#375,#234);
#383=CARTESIAN_POINT('',(0.E0,0.E0,0.E0));
#384=DIRECTION('',(0.E0,1.E0,0.E0));
#385=DIRECTION('',(1.E0,0.E0,0.E0));
#386=AXIS2_PLACEMENT_3D('',#383,#384,#385);
#387=PLANE('',#386);
#389=ORIENTED_EDGE('',*,*,#388,.F.);
#391=ORIENTED_EDGE('',*,*,#390,.T.);
#392=ORIENTED_EDGE('',*,*,#365,.T.);
#394=ORIENTED_EDGE('',*,*,#393,.T.);
#396=ORIENTED_EDGE('',*,*,#395,.T.);
#397=EDGE_LOOP('',(#389,#391,#392,#394,#396));
#398=FACE_OUTER_BOUND('',#397,.F.);
#400=CARTESIAN_POINT('',(-2.E-1,5.E-2,-5.E-2));
#401=DIRECTION('',(7.071067811865E-1,0.E0,-7.071067811865E-1));
#402=DIRECTION('',(7.071067811865E-1,0.E0,7.071067811865E-1));
#403=AXIS2_PLACEMENT_3D('',#400,#401,#402);
#404=PLANE('',#403);
#405=ORIENTED_EDGE('',*,*,#388,.T.);
#407=ORIENTED_EDGE('',*,*,#406,.F.);
#409=ORIENTED_EDGE('',*,*,#408,.T.);
#411=ORIENTED_EDGE('',*,*,#410,.T.);
#412=EDGE_LOOP('',(#405,#407,#409,#411));
#413=FACE_OUTER_BOUND('',#412,.F.);
#415=CARTESIAN_POINT('',(-1.25E-1,0.E0,1.25E-1));
#416=DIRECTION('',(1.E0,0.E0,0.E0));
#417=DIRECTION('',(0.E0,0.E0,-1.E0));
#418=AXIS2_PLACEMENT_3D('',#415,#416,#417);
#419=PLANE('',#418);
#420=ORIENTED_EDGE('',*,*,#406,.T.);
#421=ORIENTED_EDGE('',*,*,#395,.F.);
#423=ORIENTED_EDGE('',*,*,#422,.T.);
#425=ORIENTED_EDGE('',*,*,#424,.T.);
#426=EDGE_LOOP('',(#420,#421,#423,#425));
#427=FACE_OUTER_BOUND('',#426,.F.);
#429=CARTESIAN_POINT('',(-6.25E-1,0.E0,1.25E-1));
#430=DIRECTION('',(0.E0,0.E0,1.E0));
#431=DIRECTION('',(1.E0,0.E0,0.E0));
#432=AXIS2_PLACEMENT_3D('',#429,#430,#431);
#433=PLANE('',#432);
#434=ORIENTED_EDGE('',*,*,#393,.F.);
#435=ORIENTED_EDGE('',*,*,#371,.T.);
#437=ORIENTED_EDGE('',*,*,#436,.T.);
#438=ORIENTED_EDGE('',*,*,#422,.F.);
#439=EDGE_LOOP('',(#434,#435,#437,#438));
#440=FACE_OUTER_BOUND('',#439,.F.);
#442=CARTESIAN_POINT('',(0.E0,1.E-1,0.E0));
#443=DIRECTION('',(0.E0,1.E0,0.E0));
#444=DIRECTION('',(1.E0,0.E0,0.E0));
#445=AXIS2_PLACEMENT_3D('',#442,#443,#444);
#446=PLANE('',#445);
#447=ORIENTED_EDGE('',*,*,#408,.F.);
#448=ORIENTED_EDGE('',*,*,#424,.F.);
#449=ORIENTED_EDGE('',*,*,#436,.F.);
#450=ORIENTED_EDGE('',*,*,#369,.F.);
#452=ORIENTED_EDGE('',*,*,#451,.F.);
#453=EDGE_LOOP('',(#447,#448,#449,#450,#452));
#454=FACE_OUTER_BOUND('',#453,.F.);
#456=CARTESIAN_POINT('',(-1.25E-1,0.E0,-1.25E-1));
#457=DIRECTION('',(0.E0,0.E0,-1.E0));
#458=DIRECTION('',(-1.E0,0.E0,0.E0));
#459=AXIS2_PLACEMENT_3D('',#456,#457,#458);
#460=PLANE('',#459);
#461=ORIENTED_EDGE('',*,*,#410,.F.);
#462=ORIENTED_EDGE('',*,*,#451,.T.);
#463=ORIENTED_EDGE('',*,*,#367,.F.);
#464=ORIENTED_EDGE('',*,*,#390,.F.);
#465=EDGE_LOOP('',(#461,#462,#463,#464));
#466=FACE_OUTER_BOUND('',#465,.F.);
#468=CLOSED_SHELL('',(#375,#399,#414,#428,#441,#455,#467));
#469=MANIFOLD_SOLID_BREP('',#468);
#470=FILL_AREA_STYLE_COLOUR('',#22);
#471=FILL_AREA_STYLE('',(#470));
#472=SURFACE_STYLE_FILL_AREA(#471);
#473=SURFACE_SIDE_STYLE('',(#472));
#474=SURFACE_STYLE_USAGE(.POSITIVE.,#473);
#475=PRESENTATION_STYLE_ASSIGNMENT((#474));
#234=STYLED_ITEM('',(#475),#469);
#477=DIRECTION('',(-1.E0,0.E0,0.E0));
#478=VECTOR('',#477,5.E-1);
#479=CARTESIAN_POINT('',(6.25E-1,0.E0,-1.25E-1));
#480=LINE('',#479,#478);
#481=CURVE_STYLE('',#33,POSITIVE_LENGTH_MEASURE(2.E-2),#22);
#482=PRESENTATION_STYLE_ASSIGNMENT((#481));
#483=STYLED_ITEM('',(#482),#480);
#484=DIRECTION('',(0.E0,0.E0,1.E0));
#485=VECTOR('',#484,2.5E-1);
#486=CARTESIAN_POINT('',(1.25E-1,0.E0,-1.25E-1));
#487=LINE('',#486,#485);
#488=CURVE_STYLE('',#33,POSITIVE_LENGTH_MEASURE(2.E-2),#22);
#489=PRESENTATION_STYLE_ASSIGNMENT((#488));
#490=STYLED_ITEM('',(#489),#487);
#491=DIRECTION('',(1.E0,0.E0,0.E0));
#492=VECTOR('',#491,5.E-1);
#493=CARTESIAN_POINT('',(1.25E-1,0.E0,1.25E-1));
#494=LINE('',#493,#492);
#495=CURVE_STYLE('',#33,POSITIVE_LENGTH_MEASURE(2.E-2),#22);
#496=PRESENTATION_STYLE_ASSIGNMENT((#495));
#497=STYLED_ITEM('',(#496),#494);
#498=DIRECTION('',(0.E0,0.E0,-1.E0));
#499=VECTOR('',#498,2.5E-1);
#500=CARTESIAN_POINT('',(6.25E-1,0.E0,1.25E-1));
#501=LINE('',#500,#499);
#502=CURVE_STYLE('',#33,POSITIVE_LENGTH_MEASURE(2.E-2),#22);
#503=PRESENTATION_STYLE_ASSIGNMENT((#502));
#504=STYLED_ITEM('',(#503),#501);
#505=DIRECTION('',(0.E0,1.E0,0.E0));
#506=VECTOR('',#505,1.E-1);
#507=CARTESIAN_POINT('',(6.25E-1,0.E0,-1.25E-1));
#508=LINE('',#507,#506);
#509=CURVE_STYLE('',#33,POSITIVE_LENGTH_MEASURE(2.E-2),#22);
#510=PRESENTATION_STYLE_ASSIGNMENT((#509));
#511=STYLED_ITEM('',(#510),#508);
#512=DIRECTION('',(0.E0,1.E0,0.E0));
#513=VECTOR('',#512,1.E-1);
#514=CARTESIAN_POINT('',(6.25E-1,0.E0,1.25E-1));
#515=LINE('',#514,#513);
#516=CURVE_STYLE('',#33,POSITIVE_LENGTH_MEASURE(2.E-2),#22);
#517=PRESENTATION_STYLE_ASSIGNMENT((#516));
#518=STYLED_ITEM('',(#517),#515);
#519=DIRECTION('',(0.E0,1.E0,0.E0));
#520=VECTOR('',#519,1.E-1);
#521=CARTESIAN_POINT('',(1.25E-1,0.E0,1.25E-1));
#522=LINE('',#521,#520);
#523=CURVE_STYLE('',#33,POSITIVE_LENGTH_MEASURE(2.E-2),#22);
#524=PRESENTATION_STYLE_ASSIGNMENT((#523));
#525=STYLED_ITEM('',(#524),#522);
#526=DIRECTION('',(0.E0,1.E0,0.E0));
#527=VECTOR('',#526,1.E-1);
#528=CARTESIAN_POINT('',(1.25E-1,0.E0,-1.25E-1));
#529=LINE('',#528,#527);
#530=CURVE_STYLE('',#33,POSITIVE_LENGTH_MEASURE(2.E-2),#22);
#531=PRESENTATION_STYLE_ASSIGNMENT((#530));
#532=STYLED_ITEM('',(#531),#529);
#533=DIRECTION('',(-1.E0,0.E0,0.E0));
#534=VECTOR('',#533,5.E-1);
#535=CARTESIAN_POINT('',(6.25E-1,1.E-1,-1.25E-1));
#536=LINE('',#535,#534);
#537=CURVE_STYLE('',#33,POSITIVE_LENGTH_MEASURE(2.E-2),#22);
#538=PRESENTATION_STYLE_ASSIGNMENT((#537));
#539=STYLED_ITEM('',(#538),#536);
#540=DIRECTION('',(0.E0,0.E0,-1.E0));
#541=VECTOR('',#540,2.5E-1);
#542=CARTESIAN_POINT('',(6.25E-1,1.E-1,1.25E-1));
#543=LINE('',#542,#541);
#544=CURVE_STYLE('',#33,POSITIVE_LENGTH_MEASURE(2.E-2),#22);
#545=PRESENTATION_STYLE_ASSIGNMENT((#544));
#546=STYLED_ITEM('',(#545),#543);
#547=DIRECTION('',(1.E0,0.E0,0.E0));
#548=VECTOR('',#547,5.E-1);
#549=CARTESIAN_POINT('',(1.25E-1,1.E-1,1.25E-1));
#550=LINE('',#549,#548);
#551=CURVE_STYLE('',#33,POSITIVE_LENGTH_MEASURE(2.E-2),#22);
#552=PRESENTATION_STYLE_ASSIGNMENT((#551));
#553=STYLED_ITEM('',(#552),#550);
#554=DIRECTION('',(0.E0,0.E0,1.E0));
#555=VECTOR('',#554,2.5E-1);
#556=CARTESIAN_POINT('',(1.25E-1,1.E-1,-1.25E-1));
#557=LINE('',#556,#555);
#558=CURVE_STYLE('',#33,POSITIVE_LENGTH_MEASURE(2.E-2),#22);
#559=PRESENTATION_STYLE_ASSIGNMENT((#558));
#560=STYLED_ITEM('',(#559),#557);
#561=CARTESIAN_POINT('',(6.25E-1,0.E0,-1.25E-1));
#562=CARTESIAN_POINT('',(1.25E-1,0.E0,-1.25E-1));
#563=VERTEX_POINT('',#561);
#564=VERTEX_POINT('',#562);
#565=CARTESIAN_POINT('',(1.25E-1,0.E0,1.25E-1));
#566=VERTEX_POINT('',#565);
#567=CARTESIAN_POINT('',(6.25E-1,0.E0,1.25E-1));
#568=VERTEX_POINT('',#567);
#569=CARTESIAN_POINT('',(6.25E-1,1.E-1,-1.25E-1));
#570=CARTESIAN_POINT('',(1.25E-1,1.E-1,-1.25E-1));
#571=VERTEX_POINT('',#569);
#572=VERTEX_POINT('',#570);
#573=CARTESIAN_POINT('',(1.25E-1,1.E-1,1.25E-1));
#574=VERTEX_POINT('',#573);
#575=CARTESIAN_POINT('',(6.25E-1,1.E-1,1.25E-1));
#576=VERTEX_POINT('',#575);
#577=CARTESIAN_POINT('',(0.E0,0.E0,0.E0));
#578=DIRECTION('',(0.E0,1.E0,0.E0));
#579=DIRECTION('',(1.E0,0.E0,0.E0));
#580=AXIS2_PLACEMENT_3D('',#577,#578,#579);
#581=PLANE('',#580);
#583=ORIENTED_EDGE('',*,*,#582,.T.);
#585=ORIENTED_EDGE('',*,*,#584,.T.);
#587=ORIENTED_EDGE('',*,*,#586,.T.);
#589=ORIENTED_EDGE('',*,*,#588,.T.);
#590=EDGE_LOOP('',(#583,#585,#587,#589));
#591=FACE_OUTER_BOUND('',#590,.F.);
#593=CARTESIAN_POINT('',(6.25E-1,0.E0,-1.25E-1));
#594=DIRECTION('',(0.E0,0.E0,-1.E0));
#595=DIRECTION('',(-1.E0,0.E0,0.E0));
#596=AXIS2_PLACEMENT_3D('',#593,#594,#595);
#597=PLANE('',#596);
#598=ORIENTED_EDGE('',*,*,#582,.F.);
#600=ORIENTED_EDGE('',*,*,#599,.T.);
#602=ORIENTED_EDGE('',*,*,#601,.T.);
#604=ORIENTED_EDGE('',*,*,#603,.F.);
#605=EDGE_LOOP('',(#598,#600,#602,#604));
#606=FACE_OUTER_BOUND('',#605,.F.);
#608=CARTESIAN_POINT('',(6.25E-1,0.E0,1.25E-1));
#609=DIRECTION('',(1.E0,0.E0,0.E0));
#610=DIRECTION('',(0.E0,0.E0,-1.E0));
#611=AXIS2_PLACEMENT_3D('',#608,#609,#610);
#612=PLANE('',#611);
#613=ORIENTED_EDGE('',*,*,#588,.F.);
#615=ORIENTED_EDGE('',*,*,#614,.T.);
#617=ORIENTED_EDGE('',*,*,#616,.T.);
#618=ORIENTED_EDGE('',*,*,#599,.F.);
#619=EDGE_LOOP('',(#613,#615,#617,#618));
#620=FACE_OUTER_BOUND('',#619,.F.);
#622=FILL_AREA_STYLE_COLOUR('',#20);
#623=FILL_AREA_STYLE('',(#622));
#624=SURFACE_STYLE_FILL_AREA(#623);
#625=SURFACE_SIDE_STYLE('',(#624));
#626=SURFACE_STYLE_USAGE(.POSITIVE.,#625);
#627=PRESENTATION_STYLE_ASSIGNMENT((#626));
#628=OVER_RIDING_STYLED_ITEM('',(#627),#621,#476);
#629=CARTESIAN_POINT('',(1.25E-1,0.E0,1.25E-1));
#630=DIRECTION('',(0.E0,0.E0,1.E0));
#631=DIRECTION('',(1.E0,0.E0,0.E0));
#632=AXIS2_PLACEMENT_3D('',#629,#630,#631);
#633=PLANE('',#632);
#634=ORIENTED_EDGE('',*,*,#586,.F.);
#636=ORIENTED_EDGE('',*,*,#635,.T.);
#638=ORIENTED_EDGE('',*,*,#637,.T.);
#639=ORIENTED_EDGE('',*,*,#614,.F.);
#640=EDGE_LOOP('',(#634,#636,#638,#639));
#641=FACE_OUTER_BOUND('',#640,.F.);
#643=CARTESIAN_POINT('',(1.25E-1,0.E0,-1.25E-1));
#644=DIRECTION('',(-1.E0,0.E0,0.E0));
#645=DIRECTION('',(0.E0,0.E0,1.E0));
#646=AXIS2_PLACEMENT_3D('',#643,#644,#645);
#647=PLANE('',#646);
#648=ORIENTED_EDGE('',*,*,#584,.F.);
#649=ORIENTED_EDGE('',*,*,#603,.T.);
#651=ORIENTED_EDGE('',*,*,#650,.T.);
#652=ORIENTED_EDGE('',*,*,#635,.F.);
#653=EDGE_LOOP('',(#648,#649,#651,#652));
#654=FACE_OUTER_BOUND('',#653,.F.);
#656=CARTESIAN_POINT('',(0.E0,1.E-1,0.E0));
#657=DIRECTION('',(0.E0,1.E0,0.E0));
#658=DIRECTION('',(1.E0,0.E0,0.E0));
#659=AXIS2_PLACEMENT_3D('',#656,#657,#658);
#660=PLANE('',#659);
#661=ORIENTED_EDGE('',*,*,#601,.F.);
#662=ORIENTED_EDGE('',*,*,#616,.F.);
#663=ORIENTED_EDGE('',*,*,#637,.F.);
#664=ORIENTED_EDGE('',*,*,#650,.F.);
#665=EDGE_LOOP('',(#661,#662,#663,#664));
#666=FACE_OUTER_BOUND('',#665,.F.);
#668=CLOSED_SHELL('',(#592,#607,#621,#642,#655,#667));
#669=MANIFOLD_SOLID_BREP('',#668);
#670=FILL_AREA_STYLE_COLOUR('',#22);
#671=FILL_AREA_STYLE('',(#670));
#672=SURFACE_STYLE_FILL_AREA(#671);
#673=SURFACE_SIDE_STYLE('',(#672));
#674=SURFACE_STYLE_USAGE(.POSITIVE.,#673);
#675=PRESENTATION_STYLE_ASSIGNMENT((#674));
#476=STYLED_ITEM('',(#675),#669);
#677=DIRECTION('',(0.E0,0.E0,-1.E0));
#678=VECTOR('',#677,3.75E-1);
#679=CARTESIAN_POINT('',(-1.E-1,0.E0,7.5E-1));
#680=LINE('',#679,#678);
#681=CURVE_STYLE('',#33,POSITIVE_LENGTH_MEASURE(2.E-2),#22);
#682=PRESENTATION_STYLE_ASSIGNMENT((#681));
#683=STYLED_ITEM('',(#682),#680);
#684=DIRECTION('',(-1.E0,0.E0,0.E0));
#685=VECTOR('',#684,2.E-1);
#686=CARTESIAN_POINT('',(1.E-1,0.E0,7.5E-1));
#687=LINE('',#686,#685);
#688=CURVE_STYLE('',#33,POSITIVE_LENGTH_MEASURE(2.E-2),#22);
#689=PRESENTATION_STYLE_ASSIGNMENT((#688));
#690=STYLED_ITEM('',(#689),#687);
#691=DIRECTION('',(0.E0,0.E0,1.E0));
#692=VECTOR('',#691,3.75E-1);
#693=CARTESIAN_POINT('',(1.E-1,0.E0,3.75E-1));
#694=LINE('',#693,#692);
#695=CURVE_STYLE('',#33,POSITIVE_LENGTH_MEASURE(2.E-2),#22);
#696=PRESENTATION_STYLE_ASSIGNMENT((#695));
#697=STYLED_ITEM('',(#696),#694);
#698=DIRECTION('',(1.E0,0.E0,0.E0));
#699=VECTOR('',#698,2.E-1);
#700=CARTESIAN_POINT('',(-1.E-1,0.E0,3.75E-1));
#701=LINE('',#700,#699);
#702=CURVE_STYLE('',#33,POSITIVE_LENGTH_MEASURE(2.E-2),#22);
#703=PRESENTATION_STYLE_ASSIGNMENT((#702));
#704=STYLED_ITEM('',(#703),#701);
#705=DIRECTION('',(0.E0,1.E0,0.E0));
#706=VECTOR('',#705,1.E-1);
#707=CARTESIAN_POINT('',(-1.E-1,0.E0,7.5E-1));
#708=LINE('',#707,#706);
#709=CURVE_STYLE('',#33,POSITIVE_LENGTH_MEASURE(2.E-2),#22);
#710=PRESENTATION_STYLE_ASSIGNMENT((#709));
#711=STYLED_ITEM('',(#710),#708);
#712=DIRECTION('',(0.E0,1.E0,0.E0));
#713=VECTOR('',#712,1.E-1);
#714=CARTESIAN_POINT('',(-1.E-1,0.E0,3.75E-1));
#715=LINE('',#714,#713);
#716=CURVE_STYLE('',#33,POSITIVE_LENGTH_MEASURE(2.E-2),#22);
#717=PRESENTATION_STYLE_ASSIGNMENT((#716));
#718=STYLED_ITEM('',(#717),#715);
#719=DIRECTION('',(0.E0,1.E0,0.E0));
#720=VECTOR('',#719,1.E-1);
#721=CARTESIAN_POINT('',(1.E-1,0.E0,3.75E-1));
#722=LINE('',#721,#720);
#723=CURVE_STYLE('',#33,POSITIVE_LENGTH_MEASURE(2.E-2),#22);
#724=PRESENTATION_STYLE_ASSIGNMENT((#723));
#725=STYLED_ITEM('',(#724),#722);
#726=DIRECTION('',(0.E0,1.E0,0.E0));
#727=VECTOR('',#726,1.E-1);
#728=CARTESIAN_POINT('',(1.E-1,0.E0,7.5E-1));
#729=LINE('',#728,#727);
#730=CURVE_STYLE('',#33,POSITIVE_LENGTH_MEASURE(2.E-2),#22);
#731=PRESENTATION_STYLE_ASSIGNMENT((#730));
#732=STYLED_ITEM('',(#731),#729);
#733=DIRECTION('',(0.E0,0.E0,-1.E0));
#734=VECTOR('',#733,3.75E-1);
#735=CARTESIAN_POINT('',(-1.E-1,1.E-1,7.5E-1));
#736=LINE('',#735,#734);
#737=CURVE_STYLE('',#33,POSITIVE_LENGTH_MEASURE(2.E-2),#22);
#738=PRESENTATION_STYLE_ASSIGNMENT((#737));
#739=STYLED_ITEM('',(#738),#736);
#740=DIRECTION('',(1.E0,0.E0,0.E0));
#741=VECTOR('',#740,2.E-1);
#742=CARTESIAN_POINT('',(-1.E-1,1.E-1,3.75E-1));
#743=LINE('',#742,#741);
#744=CURVE_STYLE('',#33,POSITIVE_LENGTH_MEASURE(2.E-2),#22);
#745=PRESENTATION_STYLE_ASSIGNMENT((#744));
#746=STYLED_ITEM('',(#745),#743);
#747=DIRECTION('',(0.E0,0.E0,1.E0));
#748=VECTOR('',#747,3.75E-1);
#749=CARTESIAN_POINT('',(1.E-1,1.E-1,3.75E-1));
#750=LINE('',#749,#748);
#751=CURVE_STYLE('',#33,POSITIVE_LENGTH_MEASURE(2.E-2),#22);
#752=PRESENTATION_STYLE_ASSIGNMENT((#751));
#753=STYLED_ITEM('',(#752),#750);
#754=DIRECTION('',(-1.E0,0.E0,0.E0));
#755=VECTOR('',#754,2.E-1);
#756=CARTESIAN_POINT('',(1.E-1,1.E-1,7.5E-1));
#757=LINE('',#756,#755);
#758=CURVE_STYLE('',#33,POSITIVE_LENGTH_MEASURE(2.E-2),#22);
#759=PRESENTATION_STYLE_ASSIGNMENT((#758));
#760=STYLED_ITEM('',(#759),#757);
#761=CARTESIAN_POINT('',(-1.E-1,0.E0,7.5E-1));
#762=CARTESIAN_POINT('',(-1.E-1,0.E0,3.75E-1));
#763=VERTEX_POINT('',#761);
#764=VERTEX_POINT('',#762);
#765=CARTESIAN_POINT('',(1.E-1,0.E0,3.75E-1));
#766=VERTEX_POINT('',#765);
#767=CARTESIAN_POINT('',(1.E-1,0.E0,7.5E-1));
#768=VERTEX_POINT('',#767);
#769=CARTESIAN_POINT('',(-1.E-1,1.E-1,7.5E-1));
#770=CARTESIAN_POINT('',(-1.E-1,1.E-1,3.75E-1));
#771=VERTEX_POINT('',#769);
#772=VERTEX_POINT('',#770);
#773=CARTESIAN_POINT('',(1.E-1,1.E-1,3.75E-1));
#774=VERTEX_POINT('',#773);
#775=CARTESIAN_POINT('',(1.E-1,1.E-1,7.5E-1));
#776=VERTEX_POINT('',#775);
#777=CARTESIAN_POINT('',(0.E0,0.E0,0.E0));
#778=DIRECTION('',(0.E0,-1.E0,0.E0));
#779=DIRECTION('',(1.E0,0.E0,0.E0));
#780=AXIS2_PLACEMENT_3D('',#777,#778,#779);
#781=PLANE('',#780);
#783=ORIENTED_EDGE('',*,*,#782,.F.);
#785=ORIENTED_EDGE('',*,*,#784,.F.);
#787=ORIENTED_EDGE('',*,*,#786,.F.);
#789=ORIENTED_EDGE('',*,*,#788,.F.);
#790=EDGE_LOOP('',(#783,#785,#787,#789));
#791=FACE_OUTER_BOUND('',#790,.F.);
#793=CARTESIAN_POINT('',(-1.E-1,0.E0,7.5E-1));
#794=DIRECTION('',(1.E0,0.E0,0.E0));
#795=DIRECTION('',(0.E0,0.E0,-1.E0));
#796=AXIS2_PLACEMENT_3D('',#793,#794,#795);
#797=PLANE('',#796);
#798=ORIENTED_EDGE('',*,*,#782,.T.);
#800=ORIENTED_EDGE('',*,*,#799,.T.);
#802=ORIENTED_EDGE('',*,*,#801,.F.);
#804=ORIENTED_EDGE('',*,*,#803,.F.);
#805=EDGE_LOOP('',(#798,#800,#802,#804));
#806=FACE_OUTER_BOUND('',#805,.F.);
#808=CARTESIAN_POINT('',(-1.E-1,0.E0,3.75E-1));
#809=DIRECTION('',(0.E0,0.E0,1.E0));
#810=DIRECTION('',(1.E0,0.E0,0.E0));
#811=AXIS2_PLACEMENT_3D('',#808,#809,#810);
#812=PLANE('',#811);
#813=ORIENTED_EDGE('',*,*,#788,.T.);
#815=ORIENTED_EDGE('',*,*,#814,.T.);
#817=ORIENTED_EDGE('',*,*,#816,.F.);
#818=ORIENTED_EDGE('',*,*,#799,.F.);
#819=EDGE_LOOP('',(#813,#815,#817,#818));
#820=FACE_OUTER_BOUND('',#819,.F.);
#822=CARTESIAN_POINT('',(1.E-1,0.E0,3.75E-1));
#823=DIRECTION('',(-1.E0,0.E0,0.E0));
#824=DIRECTION('',(0.E0,0.E0,1.E0));
#825=AXIS2_PLACEMENT_3D('',#822,#823,#824);
#826=PLANE('',#825);
#827=ORIENTED_EDGE('',*,*,#786,.T.);
#829=ORIENTED_EDGE('',*,*,#828,.T.);
#831=ORIENTED_EDGE('',*,*,#830,.F.);
#832=ORIENTED_EDGE('',*,*,#814,.F.);
#833=EDGE_LOOP('',(#827,#829,#831,#832));
#834=FACE_OUTER_BOUND('',#833,.F.);
#836=CARTESIAN_POINT('',(1.E-1,0.E0,7.5E-1));
#837=DIRECTION('',(0.E0,0.E0,-1.E0));
#838=DIRECTION('',(-1.E0,0.E0,0.E0));
#839=AXIS2_PLACEMENT_3D('',#836,#837,#838);
#840=PLANE('',#839);
#841=ORIENTED_EDGE('',*,*,#784,.T.);
#842=ORIENTED_EDGE('',*,*,#803,.T.);
#844=ORIENTED_EDGE('',*,*,#843,.F.);
#845=ORIENTED_EDGE('',*,*,#828,.F.);
#846=EDGE_LOOP('',(#841,#842,#844,#845));
#847=FACE_OUTER_BOUND('',#846,.F.);
#849=FILL_AREA_STYLE_COLOUR('',#20);
#850=FILL_AREA_STYLE('',(#849));
#851=SURFACE_STYLE_FILL_AREA(#850);
#852=SURFACE_SIDE_STYLE('',(#851));
#853=SURFACE_STYLE_USAGE(.POSITIVE.,#852);
#854=PRESENTATION_STYLE_ASSIGNMENT((#853));
#855=OVER_RIDING_STYLED_ITEM('',(#854),#848,#676);
#856=CARTESIAN_POINT('',(0.E0,1.E-1,0.E0));
#857=DIRECTION('',(0.E0,-1.E0,0.E0));
#858=DIRECTION('',(1.E0,0.E0,0.E0));
#859=AXIS2_PLACEMENT_3D('',#856,#857,#858);
#860=PLANE('',#859);
#861=ORIENTED_EDGE('',*,*,#801,.T.);
#862=ORIENTED_EDGE('',*,*,#816,.T.);
#863=ORIENTED_EDGE('',*,*,#830,.T.);
#864=ORIENTED_EDGE('',*,*,#843,.T.);
#865=EDGE_LOOP('',(#861,#862,#863,#864));
#866=FACE_OUTER_BOUND('',#865,.F.);
#868=CLOSED_SHELL('',(#792,#807,#821,#835,#848,#867));
#869=MANIFOLD_SOLID_BREP('',#868);
#870=FILL_AREA_STYLE_COLOUR('',#22);
#871=FILL_AREA_STYLE('',(#870));
#872=SURFACE_STYLE_FILL_AREA(#871);
#873=SURFACE_SIDE_STYLE('',(#872));
#874=SURFACE_STYLE_USAGE(.POSITIVE.,#873);
#875=PRESENTATION_STYLE_ASSIGNMENT((#874));
#676=STYLED_ITEM('',(#875),#869);
#877=DIRECTION('',(0.E0,0.E0,1.E0));
#878=VECTOR('',#877,2.5E-1);
#879=CARTESIAN_POINT('',(-6.25E-1,0.E0,-6.25E-1));
#880=LINE('',#879,#878);
#881=CURVE_STYLE('',#33,POSITIVE_LENGTH_MEASURE(2.E-2),#22);
#882=PRESENTATION_STYLE_ASSIGNMENT((#881));
#883=STYLED_ITEM('',(#882),#880);
#884=DIRECTION('',(1.E0,0.E0,0.E0));
#885=VECTOR('',#884,2.5E-1);
#886=CARTESIAN_POINT('',(-6.25E-1,0.E0,-3.75E-1));
#887=LINE('',#886,#885);
#888=CURVE_STYLE('',#33,POSITIVE_LENGTH_MEASURE(2.E-2),#22);
#889=PRESENTATION_STYLE_ASSIGNMENT((#888));
#890=STYLED_ITEM('',(#889),#887);
#891=DIRECTION('',(0.E0,0.E0,-1.E0));
#892=VECTOR('',#891,2.5E-1);
#893=CARTESIAN_POINT('',(-3.75E-1,0.E0,-3.75E-1));
#894=LINE('',#893,#892);
#895=CURVE_STYLE('',#33,POSITIVE_LENGTH_MEASURE(2.E-2),#22);
#896=PRESENTATION_STYLE_ASSIGNMENT((#895));
#897=STYLED_ITEM('',(#896),#894);
#898=DIRECTION('',(-1.E0,0.E0,0.E0));
#899=VECTOR('',#898,2.5E-1);
#900=CARTESIAN_POINT('',(-3.75E-1,0.E0,-6.25E-1));
#901=LINE('',#900,#899);
#902=CURVE_STYLE('',#33,POSITIVE_LENGTH_MEASURE(2.E-2),#22);
#903=PRESENTATION_STYLE_ASSIGNMENT((#902));
#904=STYLED_ITEM('',(#903),#901);
#905=DIRECTION('',(0.E0,1.E0,0.E0));
#906=VECTOR('',#905,1.E-1);
#907=CARTESIAN_POINT('',(-6.25E-1,0.E0,-6.25E-1));
#908=LINE('',#907,#906);
#909=CURVE_STYLE('',#33,POSITIVE_LENGTH_MEASURE(2.E-2),#22);
#910=PRESENTATION_STYLE_ASSIGNMENT((#909));
#911=STYLED_ITEM('',(#910),#908);
#912=DIRECTION('',(0.E0,1.E0,0.E0));
#913=VECTOR('',#912,1.E-1);
#914=CARTESIAN_POINT('',(-3.75E-1,0.E0,-6.25E-1));
#915=LINE('',#914,#913);
#916=CURVE_STYLE('',#33,POSITIVE_LENGTH_MEASURE(2.E-2),#22);
#917=PRESENTATION_STYLE_ASSIGNMENT((#916));
#918=STYLED_ITEM('',(#917),#915);
#919=DIRECTION('',(0.E0,1.E0,0.E0));
#920=VECTOR('',#919,1.E-1);
#921=CARTESIAN_POINT('',(-3.75E-1,0.E0,-3.75E-1));
#922=LINE('',#921,#920);
#923=CURVE_STYLE('',#33,POSITIVE_LENGTH_MEASURE(2.E-2),#22);
#924=PRESENTATION_STYLE_ASSIGNMENT((#923));
#925=STYLED_ITEM('',(#924),#922);
#926=DIRECTION('',(0.E0,1.E0,0.E0));
#927=VECTOR('',#926,1.E-1);
#928=CARTESIAN_POINT('',(-6.25E-1,0.E0,-3.75E-1));
#929=LINE('',#928,#927);
#930=CURVE_STYLE('',#33,POSITIVE_LENGTH_MEASURE(2.E-2),#22);
#931=PRESENTATION_STYLE_ASSIGNMENT((#930));
#932=STYLED_ITEM('',(#931),#929);
#933=DIRECTION('',(0.E0,0.E0,1.E0));
#934=VECTOR('',#933,2.5E-1);
#935=CARTESIAN_POINT('',(-6.25E-1,1.E-1,-6.25E-1));
#936=LINE('',#935,#934);
#937=CURVE_STYLE('',#33,POSITIVE_LENGTH_MEASURE(2.E-2),#22);
#938=PRESENTATION_STYLE_ASSIGNMENT((#937));
#939=STYLED_ITEM('',(#938),#936);
#940=DIRECTION('',(-1.E0,0.E0,0.E0));
#941=VECTOR('',#940,2.5E-1);
#942=CARTESIAN_POINT('',(-3.75E-1,1.E-1,-6.25E-1));
#943=LINE('',#942,#941);
#944=CURVE_STYLE('',#33,POSITIVE_LENGTH_MEASURE(2.E-2),#22);
#945=PRESENTATION_STYLE_ASSIGNMENT((#944));
#946=STYLED_ITEM('',(#945),#943);
#947=DIRECTION('',(0.E0,0.E0,-1.E0));
#948=VECTOR('',#947,2.5E-1);
#949=CARTESIAN_POINT('',(-3.75E-1,1.E-1,-3.75E-1));
#950=LINE('',#949,#948);
#951=CURVE_STYLE('',#33,POSITIVE_LENGTH_MEASURE(2.E-2),#22);
#952=PRESENTATION_STYLE_ASSIGNMENT((#951));
#953=STYLED_ITEM('',(#952),#950);
#954=DIRECTION('',(1.E0,0.E0,0.E0));
#955=VECTOR('',#954,2.5E-1);
#956=CARTESIAN_POINT('',(-6.25E-1,1.E-1,-3.75E-1));
#957=LINE('',#956,#955);
#958=CURVE_STYLE('',#33,POSITIVE_LENGTH_MEASURE(2.E-2),#22);
#959=PRESENTATION_STYLE_ASSIGNMENT((#958));
#960=STYLED_ITEM('',(#959),#957);
#961=CARTESIAN_POINT('',(-6.25E-1,0.E0,-6.25E-1));
#962=CARTESIAN_POINT('',(-6.25E-1,0.E0,-3.75E-1));
#963=VERTEX_POINT('',#961);
#964=VERTEX_POINT('',#962);
#965=CARTESIAN_POINT('',(-3.75E-1,0.E0,-3.75E-1));
#966=VERTEX_POINT('',#965);
#967=CARTESIAN_POINT('',(-3.75E-1,0.E0,-6.25E-1));
#968=VERTEX_POINT('',#967);
#969=CARTESIAN_POINT('',(-6.25E-1,1.E-1,-6.25E-1));
#970=CARTESIAN_POINT('',(-6.25E-1,1.E-1,-3.75E-1));
#971=VERTEX_POINT('',#969);
#972=VERTEX_POINT('',#970);
#973=CARTESIAN_POINT('',(-3.75E-1,1.E-1,-3.75E-1));
#974=VERTEX_POINT('',#973);
#975=CARTESIAN_POINT('',(-3.75E-1,1.E-1,-6.25E-1));
#976=VERTEX_POINT('',#975);
#977=CARTESIAN_POINT('',(0.E0,0.E0,0.E0));
#978=DIRECTION('',(0.E0,1.E0,0.E0));
#979=DIRECTION('',(1.E0,0.E0,0.E0));
#980=AXIS2_PLACEMENT_3D('',#977,#978,#979);
#981=PLANE('',#980);
#983=ORIENTED_EDGE('',*,*,#982,.T.);
#985=ORIENTED_EDGE('',*,*,#984,.T.);
#987=ORIENTED_EDGE('',*,*,#986,.T.);
#989=ORIENTED_EDGE('',*,*,#988,.T.);
#990=EDGE_LOOP('',(#983,#985,#987,#989));
#991=FACE_OUTER_BOUND('',#990,.F.);
#993=CARTESIAN_POINT('',(-6.25E-1,0.E0,-6.25E-1));
#994=DIRECTION('',(-1.E0,0.E0,0.E0));
#995=DIRECTION('',(0.E0,0.E0,1.E0));
#996=AXIS2_PLACEMENT_3D('',#993,#994,#995);
#997=PLANE('',#996);
#998=ORIENTED_EDGE('',*,*,#982,.F.);
#1000=ORIENTED_EDGE('',*,*,#999,.T.);
#1002=ORIENTED_EDGE('',*,*,#1001,.T.);
#1004=ORIENTED_EDGE('',*,*,#1003,.F.);
#1005=EDGE_LOOP('',(#998,#1000,#1002,#1004));
#1006=FACE_OUTER_BOUND('',#1005,.F.);
#1008=FILL_AREA_STYLE_COLOUR('',#20);
#1009=FILL_AREA_STYLE('',(#1008));
#1010=SURFACE_STYLE_FILL_AREA(#1009);
#1011=SURFACE_SIDE_STYLE('',(#1010));
#1012=SURFACE_STYLE_USAGE(.POSITIVE.,#1011);
#1013=PRESENTATION_STYLE_ASSIGNMENT((#1012));
#1014=OVER_RIDING_STYLED_ITEM('',(#1013),#1007,#876);
#1015=CARTESIAN_POINT('',(-3.75E-1,0.E0,-6.25E-1));
#1016=DIRECTION('',(0.E0,0.E0,-1.E0));
#1017=DIRECTION('',(-1.E0,0.E0,0.E0));
#1018=AXIS2_PLACEMENT_3D('',#1015,#1016,#1017);
#1019=PLANE('',#1018);
#1020=ORIENTED_EDGE('',*,*,#988,.F.);
#1022=ORIENTED_EDGE('',*,*,#1021,.T.);
#1024=ORIENTED_EDGE('',*,*,#1023,.T.);
#1025=ORIENTED_EDGE('',*,*,#999,.F.);
#1026=EDGE_LOOP('',(#1020,#1022,#1024,#1025));
#1027=FACE_OUTER_BOUND('',#1026,.F.);
#1029=CARTESIAN_POINT('',(-3.75E-1,0.E0,-3.75E-1));
#1030=DIRECTION('',(1.E0,0.E0,0.E0));
#1031=DIRECTION('',(0.E0,0.E0,-1.E0));
#1032=AXIS2_PLACEMENT_3D('',#1029,#1030,#1031);
#1033=PLANE('',#1032);
#1034=ORIENTED_EDGE('',*,*,#986,.F.);
#1036=ORIENTED_EDGE('',*,*,#1035,.T.);
#1038=ORIENTED_EDGE('',*,*,#1037,.T.);
#1039=ORIENTED_EDGE('',*,*,#1021,.F.);
#1040=EDGE_LOOP('',(#1034,#1036,#1038,#1039));
#1041=FACE_OUTER_BOUND('',#1040,.F.);
#1043=CARTESIAN_POINT('',(-6.25E-1,0.E0,-3.75E-1));
#1044=DIRECTION('',(0.E0,0.E0,1.E0));
#1045=DIRECTION('',(1.E0,0.E0,0.E0));
#1046=AXIS2_PLACEMENT_3D('',#1043,#1044,#1045);
#1047=PLANE('',#1046);
#1048=ORIENTED_EDGE('',*,*,#984,.F.);
#1049=ORIENTED_EDGE('',*,*,#1003,.T.);
#1051=ORIENTED_EDGE('',*,*,#1050,.T.);
#1052=ORIENTED_EDGE('',*,*,#1035,.F.);
#1053=EDGE_LOOP('',(#1048,#1049,#1051,#1052));
#1054=FACE_OUTER_BOUND('',#1053,.F.);
#1056=CARTESIAN_POINT('',(0.E0,1.E-1,0.E0));
#1057=DIRECTION('',(0.E0,1.E0,0.E0));
#1058=DIRECTION('',(1.E0,0.E0,0.E0));
#1059=AXIS2_PLACEMENT_3D('',#1056,#1057,#1058);
#1060=PLANE('',#1059);
#1061=ORIENTED_EDGE('',*,*,#1001,.F.);
#1062=ORIENTED_EDGE('',*,*,#1023,.F.);
#1063=ORIENTED_EDGE('',*,*,#1037,.F.);
#1064=ORIENTED_EDGE('',*,*,#1050,.F.);
#1065=EDGE_LOOP('',(#1061,#1062,#1063,#1064));
#1066=FACE_OUTER_BOUND('',#1065,.F.);
#1068=CLOSED_SHELL('',(#992,#1007,#1028,#1042,#1055,#1067));
#1069=MANIFOLD_SOLID_BREP('',#1068);
#1070=FILL_AREA_STYLE_COLOUR('',#22);
#1071=FILL_AREA_STYLE('',(#1070));
#1072=SURFACE_STYLE_FILL_AREA(#1071);
#1073=SURFACE_SIDE_STYLE('',(#1072));
#1074=SURFACE_STYLE_USAGE(.POSITIVE.,#1073);
#1075=PRESENTATION_STYLE_ASSIGNMENT((#1074));
#876=STYLED_ITEM('',(#1075),#1069);
#1077=DIRECTION('',(1.E0,0.E0,0.E0));
#1078=VECTOR('',#1077,2.5E-1);
#1079=CARTESIAN_POINT('',(-6.25E-1,0.E0,6.25E-1));
#1080=LINE('',#1079,#1078);
#1081=CURVE_STYLE('',#33,POSITIVE_LENGTH_MEASURE(2.E-2),#22);
#1082=PRESENTATION_STYLE_ASSIGNMENT((#1081));
#1083=STYLED_ITEM('',(#1082),#1080);
#1084=DIRECTION('',(0.E0,0.E0,-1.E0));
#1085=VECTOR('',#1084,2.5E-1);
#1086=CARTESIAN_POINT('',(-3.75E-1,0.E0,6.25E-1));
#1087=LINE('',#1086,#1085);
#1088=CURVE_STYLE('',#33,POSITIVE_LENGTH_MEASURE(2.E-2),#22);
#1089=PRESENTATION_STYLE_ASSIGNMENT((#1088));
#1090=STYLED_ITEM('',(#1089),#1087);
#1091=DIRECTION('',(-1.E0,0.E0,0.E0));
#1092=VECTOR('',#1091,2.5E-1);
#1093=CARTESIAN_POINT('',(-3.75E-1,0.E0,3.75E-1));
#1094=LINE('',#1093,#1092);
#1095=CURVE_STYLE('',#33,POSITIVE_LENGTH_MEASURE(2.E-2),#22);
#1096=PRESENTATION_STYLE_ASSIGNMENT((#1095));
#1097=STYLED_ITEM('',(#1096),#1094);
#1098=DIRECTION('',(0.E0,0.E0,1.E0));
#1099=VECTOR('',#1098,2.5E-1);
#1100=CARTESIAN_POINT('',(-6.25E-1,0.E0,3.75E-1));
#1101=LINE('',#1100,#1099);
#1102=CURVE_STYLE('',#33,POSITIVE_LENGTH_MEASURE(2.E-2),#22);
#1103=PRESENTATION_STYLE_ASSIGNMENT((#1102));
#1104=STYLED_ITEM('',(#1103),#1101);
#1105=DIRECTION('',(0.E0,1.E0,0.E0));
#1106=VECTOR('',#1105,1.E-1);
#1107=CARTESIAN_POINT('',(-6.25E-1,0.E0,6.25E-1));
#1108=LINE('',#1107,#1106);
#1109=CURVE_STYLE('',#33,POSITIVE_LENGTH_MEASURE(2.E-2),#22);
#1110=PRESENTATION_STYLE_ASSIGNMENT((#1109));
#1111=STYLED_ITEM('',(#1110),#1108);
#1112=DIRECTION('',(0.E0,1.E0,0.E0));
#1113=VECTOR('',#1112,1.E-1);
#1114=CARTESIAN_POINT('',(-6.25E-1,0.E0,3.75E-1));
#1115=LINE('',#1114,#1113);
#1116=CURVE_STYLE('',#33,POSITIVE_LENGTH_MEASURE(2.E-2),#22);
#1117=PRESENTATION_STYLE_ASSIGNMENT((#1116));
#1118=STYLED_ITEM('',(#1117),#1115);
#1119=DIRECTION('',(0.E0,1.E0,0.E0));
#1120=VECTOR('',#1119,1.E-1);
#1121=CARTESIAN_POINT('',(-3.75E-1,0.E0,3.75E-1));
#1122=LINE('',#1121,#1120);
#1123=CURVE_STYLE('',#33,POSITIVE_LENGTH_MEASURE(2.E-2),#22);
#1124=PRESENTATION_STYLE_ASSIGNMENT((#1123));
#1125=STYLED_ITEM('',(#1124),#1122);
#1126=DIRECTION('',(0.E0,1.E0,0.E0));
#1127=VECTOR('',#1126,1.E-1);
#1128=CARTESIAN_POINT('',(-3.75E-1,0.E0,6.25E-1));
#1129=LINE('',#1128,#1127);
#1130=CURVE_STYLE('',#33,POSITIVE_LENGTH_MEASURE(2.E-2),#22);
#1131=PRESENTATION_STYLE_ASSIGNMENT((#1130));
#1132=STYLED_ITEM('',(#1131),#1129);
#1133=DIRECTION('',(1.E0,0.E0,0.E0));
#1134=VECTOR('',#1133,2.5E-1);
#1135=CARTESIAN_POINT('',(-6.25E-1,1.E-1,6.25E-1));
#1136=LINE('',#1135,#1134);
#1137=CURVE_STYLE('',#33,POSITIVE_LENGTH_MEASURE(2.E-2),#22);
#1138=PRESENTATION_STYLE_ASSIGNMENT((#1137));
#1139=STYLED_ITEM('',(#1138),#1136);
#1140=DIRECTION('',(0.E0,0.E0,1.E0));
#1141=VECTOR('',#1140,2.5E-1);
#1142=CARTESIAN_POINT('',(-6.25E-1,1.E-1,3.75E-1));
#1143=LINE('',#1142,#1141);
#1144=CURVE_STYLE('',#33,POSITIVE_LENGTH_MEASURE(2.E-2),#22);
#1145=PRESENTATION_STYLE_ASSIGNMENT((#1144));
#1146=STYLED_ITEM('',(#1145),#1143);
#1147=DIRECTION('',(-1.E0,0.E0,0.E0));
#1148=VECTOR('',#1147,2.5E-1);
#1149=CARTESIAN_POINT('',(-3.75E-1,1.E-1,3.75E-1));
#1150=LINE('',#1149,#1148);
#1151=CURVE_STYLE('',#33,POSITIVE_LENGTH_MEASURE(2.E-2),#22);
#1152=PRESENTATION_STYLE_ASSIGNMENT((#1151));
#1153=STYLED_ITEM('',(#1152),#1150);
#1154=DIRECTION('',(0.E0,0.E0,-1.E0));
#1155=VECTOR('',#1154,2.5E-1);
#1156=CARTESIAN_POINT('',(-3.75E-1,1.E-1,6.25E-1));
#1157=LINE('',#1156,#1155);
#1158=CURVE_STYLE('',#33,POSITIVE_LENGTH_MEASURE(2.E-2),#22);
#1159=PRESENTATION_STYLE_ASSIGNMENT((#1158));
#1160=STYLED_ITEM('',(#1159),#1157);
#1161=CARTESIAN_POINT('',(-6.25E-1,0.E0,6.25E-1));
#1162=CARTESIAN_POINT('',(-3.75E-1,0.E0,6.25E-1));
#1163=VERTEX_POINT('',#1161);
#1164=VERTEX_POINT('',#1162);
#1165=CARTESIAN_POINT('',(-3.75E-1,0.E0,3.75E-1));
#1166=VERTEX_POINT('',#1165);
#1167=CARTESIAN_POINT('',(-6.25E-1,0.E0,3.75E-1));
#1168=VERTEX_POINT('',#1167);
#1169=CARTESIAN_POINT('',(-6.25E-1,1.E-1,6.25E-1));
#1170=CARTESIAN_POINT('',(-3.75E-1,1.E-1,6.25E-1));
#1171=VERTEX_POINT('',#1169);
#1172=VERTEX_POINT('',#1170);
#1173=CARTESIAN_POINT('',(-3.75E-1,1.E-1,3.75E-1));
#1174=VERTEX_POINT('',#1173);
#1175=CARTESIAN_POINT('',(-6.25E-1,1.E-1,3.75E-1));
#1176=VERTEX_POINT('',#1175);
#1177=CARTESIAN_POINT('',(0.E0,0.E0,0.E0));
#1178=DIRECTION('',(0.E0,1.E0,0.E0));
#1179=DIRECTION('',(1.E0,0.E0,0.E0));
#1180=AXIS2_PLACEMENT_3D('',#1177,#1178,#1179);
#1181=PLANE('',#1180);
#1183=ORIENTED_EDGE('',*,*,#1182,.T.);
#1185=ORIENTED_EDGE('',*,*,#1184,.T.);
#1187=ORIENTED_EDGE('',*,*,#1186,.T.);
#1189=ORIENTED_EDGE('',*,*,#1188,.T.);
#1190=EDGE_LOOP('',(#1183,#1185,#1187,#1189));
#1191=FACE_OUTER_BOUND('',#1190,.F.);
#1193=CARTESIAN_POINT('',(-6.25E-1,0.E0,6.25E-1));
#1194=DIRECTION('',(0.E0,0.E0,1.E0));
#1195=DIRECTION('',(1.E0,0.E0,0.E0));
#1196=AXIS2_PLACEMENT_3D('',#1193,#1194,#1195);
#1197=PLANE('',#1196);
#1198=ORIENTED_EDGE('',*,*,#1182,.F.);
#1200=ORIENTED_EDGE('',*,*,#1199,.T.);
#1202=ORIENTED_EDGE('',*,*,#1201,.T.);
#1204=ORIENTED_EDGE('',*,*,#1203,.F.);
#1205=EDGE_LOOP('',(#1198,#1200,#1202,#1204));
#1206=FACE_OUTER_BOUND('',#1205,.F.);
#1208=CARTESIAN_POINT('',(-6.25E-1,0.E0,3.75E-1));
#1209=DIRECTION('',(-1.E0,0.E0,0.E0));
#1210=DIRECTION('',(0.E0,0.E0,1.E0));
#1211=AXIS2_PLACEMENT_3D('',#1208,#1209,#1210);
#1212=PLANE('',#1211);
#1213=ORIENTED_EDGE('',*,*,#1188,.F.);
#1215=ORIENTED_EDGE('',*,*,#1214,.T.);
#1217=ORIENTED_EDGE('',*,*,#1216,.T.);
#1218=ORIENTED_EDGE('',*,*,#1199,.F.);
#1219=EDGE_LOOP('',(#1213,#1215,#1217,#1218));
#1220=FACE_OUTER_BOUND('',#1219,.F.);
#1222=FILL_AREA_STYLE_COLOUR('',#20);
#1223=FILL_AREA_STYLE('',(#1222));
#1224=SURFACE_STYLE_FILL_AREA(#1223);
#1225=SURFACE_SIDE_STYLE('',(#1224));
#1226=SURFACE_STYLE_USAGE(.POSITIVE.,#1225);
#1227=PRESENTATION_STYLE_ASSIGNMENT((#1226));
#1228=OVER_RIDING_STYLED_ITEM('',(#1227),#1221,#1076);
#1229=CARTESIAN_POINT('',(-3.75E-1,0.E0,3.75E-1));
#1230=DIRECTION('',(0.E0,0.E0,-1.E0));
#1231=DIRECTION('',(-1.E0,0.E0,0.E0));
#1232=AXIS2_PLACEMENT_3D('',#1229,#1230,#1231);
#1233=PLANE('',#1232);
#1234=ORIENTED_EDGE('',*,*,#1186,.F.);
#1236=ORIENTED_EDGE('',*,*,#1235,.T.);
#1238=ORIENTED_EDGE('',*,*,#1237,.T.);
#1239=ORIENTED_EDGE('',*,*,#1214,.F.);
#1240=EDGE_LOOP('',(#1234,#1236,#1238,#1239));
#1241=FACE_OUTER_BOUND('',#1240,.F.);
#1243=CARTESIAN_POINT('',(-3.75E-1,0.E0,6.25E-1));
#1244=DIRECTION('',(1.E0,0.E0,0.E0));
#1245=DIRECTION('',(0.E0,0.E0,-1.E0));
#1246=AXIS2_PLACEMENT_3D('',#1243,#1244,#1245);
#1247=PLANE('',#1246);
#1248=ORIENTED_EDGE('',*,*,#1184,.F.);
#1249=ORIENTED_EDGE('',*,*,#1203,.T.);
#1251=ORIENTED_EDGE('',*,*,#1250,.T.);
#1252=ORIENTED_EDGE('',*,*,#1235,.F.);
#1253=EDGE_LOOP('',(#1248,#1249,#1251,#1252));
#1254=FACE_OUTER_BOUND('',#1253,.F.);
#1256=CARTESIAN_POINT('',(0.E0,1.E-1,0.E0));
#1257=DIRECTION('',(0.E0,1.E0,0.E0));
#1258=DIRECTION('',(1.E0,0.E0,0.E0));
#1259=AXIS2_PLACEMENT_3D('',#1256,#1257,#1258);
#1260=PLANE('',#1259);
#1261=ORIENTED_EDGE('',*,*,#1201,.F.);
#1262=ORIENTED_EDGE('',*,*,#1216,.F.);
#1263=ORIENTED_EDGE('',*,*,#1237,.F.);
#1264=ORIENTED_EDGE('',*,*,#1250,.F.);
#1265=EDGE_LOOP('',(#1261,#1262,#1263,#1264));
#1266=FACE_OUTER_BOUND('',#1265,.F.);
#1268=CLOSED_SHELL('',(#1192,#1207,#1221,#1242,#1255,#1267));
#1269=MANIFOLD_SOLID_BREP('',#1268);
#1270=FILL_AREA_STYLE_COLOUR('',#22);
#1271=FILL_AREA_STYLE('',(#1270));
#1272=SURFACE_STYLE_FILL_AREA(#1271);
#1273=SURFACE_SIDE_STYLE('',(#1272));
#1274=SURFACE_STYLE_USAGE(.POSITIVE.,#1273);
#1275=PRESENTATION_STYLE_ASSIGNMENT((#1274));
#1076=STYLED_ITEM('',(#1275),#1269);
#1277=DIRECTION('',(-1.E0,0.E0,0.E0));
#1278=VECTOR('',#1277,2.5E-1);
#1279=CARTESIAN_POINT('',(6.25E-1,0.E0,-6.25E-1));
#1280=LINE('',#1279,#1278);
#1281=CURVE_STYLE('',#33,POSITIVE_LENGTH_MEASURE(2.E-2),#22);
#1282=PRESENTATION_STYLE_ASSIGNMENT((#1281));
#1283=STYLED_ITEM('',(#1282),#1280);
#1284=DIRECTION('',(0.E0,0.E0,1.E0));
#1285=VECTOR('',#1284,2.5E-1);
#1286=CARTESIAN_POINT('',(3.75E-1,0.E0,-6.25E-1));
#1287=LINE('',#1286,#1285);
#1288=CURVE_STYLE('',#33,POSITIVE_LENGTH_MEASURE(2.E-2),#22);
#1289=PRESENTATION_STYLE_ASSIGNMENT((#1288));
#1290=STYLED_ITEM('',(#1289),#1287);
#1291=DIRECTION('',(1.E0,0.E0,0.E0));
#1292=VECTOR('',#1291,2.5E-1);
#1293=CARTESIAN_POINT('',(3.75E-1,0.E0,-3.75E-1));
#1294=LINE('',#1293,#1292);
#1295=CURVE_STYLE('',#33,POSITIVE_LENGTH_MEASURE(2.E-2),#22);
#1296=PRESENTATION_STYLE_ASSIGNMENT((#1295));
#1297=STYLED_ITEM('',(#1296),#1294);
#1298=DIRECTION('',(0.E0,0.E0,-1.E0));
#1299=VECTOR('',#1298,2.5E-1);
#1300=CARTESIAN_POINT('',(6.25E-1,0.E0,-3.75E-1));
#1301=LINE('',#1300,#1299);
#1302=CURVE_STYLE('',#33,POSITIVE_LENGTH_MEASURE(2.E-2),#22);
#1303=PRESENTATION_STYLE_ASSIGNMENT((#1302));
#1304=STYLED_ITEM('',(#1303),#1301);
#1305=DIRECTION('',(0.E0,1.E0,0.E0));
#1306=VECTOR('',#1305,1.E-1);
#1307=CARTESIAN_POINT('',(6.25E-1,0.E0,-6.25E-1));
#1308=LINE('',#1307,#1306);
#1309=CURVE_STYLE('',#33,POSITIVE_LENGTH_MEASURE(2.E-2),#22);
#1310=PRESENTATION_STYLE_ASSIGNMENT((#1309));
#1311=STYLED_ITEM('',(#1310),#1308);
#1312=DIRECTION('',(0.E0,1.E0,0.E0));
#1313=VECTOR('',#1312,1.E-1);
#1314=CARTESIAN_POINT('',(6.25E-1,0.E0,-3.75E-1));
#1315=LINE('',#1314,#1313);
#1316=CURVE_STYLE('',#33,POSITIVE_LENGTH_MEASURE(2.E-2),#22);
#1317=PRESENTATION_STYLE_ASSIGNMENT((#1316));
#1318=STYLED_ITEM('',(#1317),#1315);
#1319=DIRECTION('',(0.E0,1.E0,0.E0));
#1320=VECTOR('',#1319,1.E-1);
#1321=CARTESIAN_POINT('',(3.75E-1,0.E0,-3.75E-1));
#1322=LINE('',#1321,#1320);
#1323=CURVE_STYLE('',#33,POSITIVE_LENGTH_MEASURE(2.E-2),#22);
#1324=PRESENTATION_STYLE_ASSIGNMENT((#1323));
#1325=STYLED_ITEM('',(#1324),#1322);
#1326=DIRECTION('',(0.E0,1.E0,0.E0));
#1327=VECTOR('',#1326,1.E-1);
#1328=CARTESIAN_POINT('',(3.75E-1,0.E0,-6.25E-1));
#1329=LINE('',#1328,#1327);
#1330=CURVE_STYLE('',#33,POSITIVE_LENGTH_MEASURE(2.E-2),#22);
#1331=PRESENTATION_STYLE_ASSIGNMENT((#1330));
#1332=STYLED_ITEM('',(#1331),#1329);
#1333=DIRECTION('',(-1.E0,0.E0,0.E0));
#1334=VECTOR('',#1333,2.5E-1);
#1335=CARTESIAN_POINT('',(6.25E-1,1.E-1,-6.25E-1));
#1336=LINE('',#1335,#1334);
#1337=CURVE_STYLE('',#33,POSITIVE_LENGTH_MEASURE(2.E-2),#22);
#1338=PRESENTATION_STYLE_ASSIGNMENT((#1337));
#1339=STYLED_ITEM('',(#1338),#1336);
#1340=DIRECTION('',(0.E0,0.E0,-1.E0));
#1341=VECTOR('',#1340,2.5E-1);
#1342=CARTESIAN_POINT('',(6.25E-1,1.E-1,-3.75E-1));
#1343=LINE('',#1342,#1341);
#1344=CURVE_STYLE('',#33,POSITIVE_LENGTH_MEASURE(2.E-2),#22);
#1345=PRESENTATION_STYLE_ASSIGNMENT((#1344));
#1346=STYLED_ITEM('',(#1345),#1343);
#1347=DIRECTION('',(1.E0,0.E0,0.E0));
#1348=VECTOR('',#1347,2.5E-1);
#1349=CARTESIAN_POINT('',(3.75E-1,1.E-1,-3.75E-1));
#1350=LINE('',#1349,#1348);
#1351=CURVE_STYLE('',#33,POSITIVE_LENGTH_MEASURE(2.E-2),#22);
#1352=PRESENTATION_STYLE_ASSIGNMENT((#1351));
#1353=STYLED_ITEM('',(#1352),#1350);
#1354=DIRECTION('',(0.E0,0.E0,1.E0));
#1355=VECTOR('',#1354,2.5E-1);
#1356=CARTESIAN_POINT('',(3.75E-1,1.E-1,-6.25E-1));
#1357=LINE('',#1356,#1355);
#1358=CURVE_STYLE('',#33,POSITIVE_LENGTH_MEASURE(2.E-2),#22);
#1359=PRESENTATION_STYLE_ASSIGNMENT((#1358));
#1360=STYLED_ITEM('',(#1359),#1357);
#1361=CARTESIAN_POINT('',(6.25E-1,0.E0,-6.25E-1));
#1362=CARTESIAN_POINT('',(3.75E-1,0.E0,-6.25E-1));
#1363=VERTEX_POINT('',#1361);
#1364=VERTEX_POINT('',#1362);
#1365=CARTESIAN_POINT('',(3.75E-1,0.E0,-3.75E-1));
#1366=VERTEX_POINT('',#1365);
#1367=CARTESIAN_POINT('',(6.25E-1,0.E0,-3.75E-1));
#1368=VERTEX_POINT('',#1367);
#1369=CARTESIAN_POINT('',(6.25E-1,1.E-1,-6.25E-1));
#1370=CARTESIAN_POINT('',(3.75E-1,1.E-1,-6.25E-1));
#1371=VERTEX_POINT('',#1369);
#1372=VERTEX_POINT('',#1370);
#1373=CARTESIAN_POINT('',(3.75E-1,1.E-1,-3.75E-1));
#1374=VERTEX_POINT('',#1373);
#1375=CARTESIAN_POINT('',(6.25E-1,1.E-1,-3.75E-1));
#1376=VERTEX_POINT('',#1375);
#1377=CARTESIAN_POINT('',(0.E0,0.E0,0.E0));
#1378=DIRECTION('',(0.E0,1.E0,0.E0));
#1379=DIRECTION('',(1.E0,0.E0,0.E0));
#1380=AXIS2_PLACEMENT_3D('',#1377,#1378,#1379);
#1381=PLANE('',#1380);
#1383=ORIENTED_EDGE('',*,*,#1382,.T.);
#1385=ORIENTED_EDGE('',*,*,#1384,.T.);
#1387=ORIENTED_EDGE('',*,*,#1386,.T.);
#1389=ORIENTED_EDGE('',*,*,#1388,.T.);
#1390=EDGE_LOOP('',(#1383,#1385,#1387,#1389));
#1391=FACE_OUTER_BOUND('',#1390,.F.);
#1393=CARTESIAN_POINT('',(6.25E-1,0.E0,-6.25E-1));
#1394=DIRECTION('',(0.E0,0.E0,-1.E0));
#1395=DIRECTION('',(-1.E0,0.E0,0.E0));
#1396=AXIS2_PLACEMENT_3D('',#1393,#1394,#1395);
#1397=PLANE('',#1396);
#1398=ORIENTED_EDGE('',*,*,#1382,.F.);
#1400=ORIENTED_EDGE('',*,*,#1399,.T.);
#1402=ORIENTED_EDGE('',*,*,#1401,.T.);
#1404=ORIENTED_EDGE('',*,*,#1403,.F.);
#1405=EDGE_LOOP('',(#1398,#1400,#1402,#1404));
#1406=FACE_OUTER_BOUND('',#1405,.F.);
#1408=CARTESIAN_POINT('',(6.25E-1,0.E0,-3.75E-1));
#1409=DIRECTION('',(1.E0,0.E0,0.E0));
#1410=DIRECTION('',(0.E0,0.E0,-1.E0));
#1411=AXIS2_PLACEMENT_3D('',#1408,#1409,#1410);
#1412=PLANE('',#1411);
#1413=ORIENTED_EDGE('',*,*,#1388,.F.);
#1415=ORIENTED_EDGE('',*,*,#1414,.T.);
#1417=ORIENTED_EDGE('',*,*,#1416,.T.);
#1418=ORIENTED_EDGE('',*,*,#1399,.F.);
#1419=EDGE_LOOP('',(#1413,#1415,#1417,#1418));
#1420=FACE_OUTER_BOUND('',#1419,.F.);
#1422=FILL_AREA_STYLE_COLOUR('',#20);
#1423=FILL_AREA_STYLE('',(#1422));
#1424=SURFACE_STYLE_FILL_AREA(#1423);
#1425=SURFACE_SIDE_STYLE('',(#1424));
#1426=SURFACE_STYLE_USAGE(.POSITIVE.,#1425);
#1427=PRESENTATION_STYLE_ASSIGNMENT((#1426));
#1428=OVER_RIDING_STYLED_ITEM('',(#1427),#1421,#1276);
#1429=CARTESIAN_POINT('',(3.75E-1,0.E0,-3.75E-1));
#1430=DIRECTION('',(0.E0,0.E0,1.E0));
#1431=DIRECTION('',(1.E0,0.E0,0.E0));
#1432=AXIS2_PLACEMENT_3D('',#1429,#1430,#1431);
#1433=PLANE('',#1432);
#1434=ORIENTED_EDGE('',*,*,#1386,.F.);
#1436=ORIENTED_EDGE('',*,*,#1435,.T.);
#1438=ORIENTED_EDGE('',*,*,#1437,.T.);
#1439=ORIENTED_EDGE('',*,*,#1414,.F.);
#1440=EDGE_LOOP('',(#1434,#1436,#1438,#1439));
#1441=FACE_OUTER_BOUND('',#1440,.F.);
#1443=CARTESIAN_POINT('',(3.75E-1,0.E0,-6.25E-1));
#1444=DIRECTION('',(-1.E0,0.E0,0.E0));
#1445=DIRECTION('',(0.E0,0.E0,1.E0));
#1446=AXIS2_PLACEMENT_3D('',#1443,#1444,#1445);
#1447=PLANE('',#1446);
#1448=ORIENTED_EDGE('',*,*,#1384,.F.);
#1449=ORIENTED_EDGE('',*,*,#1403,.T.);
#1451=ORIENTED_EDGE('',*,*,#1450,.T.);
#1452=ORIENTED_EDGE('',*,*,#1435,.F.);
#1453=EDGE_LOOP('',(#1448,#1449,#1451,#1452));
#1454=FACE_OUTER_BOUND('',#1453,.F.);
#1456=CARTESIAN_POINT('',(0.E0,1.E-1,0.E0));
#1457=DIRECTION('',(0.E0,1.E0,0.E0));
#1458=DIRECTION('',(1.E0,0.E0,0.E0));
#1459=AXIS2_PLACEMENT_3D('',#1456,#1457,#1458);
#1460=PLANE('',#1459);
#1461=ORIENTED_EDGE('',*,*,#1401,.F.);
#1462=ORIENTED_EDGE('',*,*,#1416,.F.);
#1463=ORIENTED_EDGE('',*,*,#1437,.F.);
#1464=ORIENTED_EDGE('',*,*,#1450,.F.);
#1465=EDGE_LOOP('',(#1461,#1462,#1463,#1464));
#1466=FACE_OUTER_BOUND('',#1465,.F.);
#1468=CLOSED_SHELL('',(#1392,#1407,#1421,#1442,#1455,#1467));
#1469=MANIFOLD_SOLID_BREP('',#1468);
#1470=FILL_AREA_STYLE_COLOUR('',#22);
#1471=FILL_AREA_STYLE('',(#1470));
#1472=SURFACE_STYLE_FILL_AREA(#1471);
#1473=SURFACE_SIDE_STYLE('',(#1472));
#1474=SURFACE_STYLE_USAGE(.POSITIVE.,#1473);
#1475=PRESENTATION_STYLE_ASSIGNMENT((#1474));
#1276=STYLED_ITEM('',(#1475),#1469);
#1477=DIRECTION('',(0.E0,0.E0,-1.E0));
#1478=VECTOR('',#1477,2.5E-1);
#1479=CARTESIAN_POINT('',(6.25E-1,0.E0,6.25E-1));
#1480=LINE('',#1479,#1478);
#1481=CURVE_STYLE('',#33,POSITIVE_LENGTH_MEASURE(2.E-2),#22);
#1482=PRESENTATION_STYLE_ASSIGNMENT((#1481));
#1483=STYLED_ITEM('',(#1482),#1480);
#1484=DIRECTION('',(-1.E0,0.E0,0.E0));
#1485=VECTOR('',#1484,2.5E-1);
#1486=CARTESIAN_POINT('',(6.25E-1,0.E0,3.75E-1));
#1487=LINE('',#1486,#1485);
#1488=CURVE_STYLE('',#33,POSITIVE_LENGTH_MEASURE(2.E-2),#22);
#1489=PRESENTATION_STYLE_ASSIGNMENT((#1488));
#1490=STYLED_ITEM('',(#1489),#1487);
#1491=DIRECTION('',(0.E0,0.E0,1.E0));
#1492=VECTOR('',#1491,2.5E-1);
#1493=CARTESIAN_POINT('',(3.75E-1,0.E0,3.75E-1));
#1494=LINE('',#1493,#1492);
#1495=CURVE_STYLE('',#33,POSITIVE_LENGTH_MEASURE(2.E-2),#22);
#1496=PRESENTATION_STYLE_ASSIGNMENT((#1495));
#1497=STYLED_ITEM('',(#1496),#1494);
#1498=DIRECTION('',(1.E0,0.E0,0.E0));
#1499=VECTOR('',#1498,2.5E-1);
#1500=CARTESIAN_POINT('',(3.75E-1,0.E0,6.25E-1));
#1501=LINE('',#1500,#1499);
#1502=CURVE_STYLE('',#33,POSITIVE_LENGTH_MEASURE(2.E-2),#22);
#1503=PRESENTATION_STYLE_ASSIGNMENT((#1502));
#1504=STYLED_ITEM('',(#1503),#1501);
#1505=DIRECTION('',(0.E0,1.E0,0.E0));
#1506=VECTOR('',#1505,1.E-1);
#1507=CARTESIAN_POINT('',(6.25E-1,0.E0,6.25E-1));
#1508=LINE('',#1507,#1506);
#1509=CURVE_STYLE('',#33,POSITIVE_LENGTH_MEASURE(2.E-2),#22);
#1510=PRESENTATION_STYLE_ASSIGNMENT((#1509));
#1511=STYLED_ITEM('',(#1510),#1508);
#1512=DIRECTION('',(0.E0,1.E0,0.E0));
#1513=VECTOR('',#1512,1.E-1);
#1514=CARTESIAN_POINT('',(3.75E-1,0.E0,6.25E-1));
#1515=LINE('',#1514,#1513);
#1516=CURVE_STYLE('',#33,POSITIVE_LENGTH_MEASURE(2.E-2),#22);
#1517=PRESENTATION_STYLE_ASSIGNMENT((#1516));
#1518=STYLED_ITEM('',(#1517),#1515);
#1519=DIRECTION('',(0.E0,1.E0,0.E0));
#1520=VECTOR('',#1519,1.E-1);
#1521=CARTESIAN_POINT('',(3.75E-1,0.E0,3.75E-1));
#1522=LINE('',#1521,#1520);
#1523=CURVE_STYLE('',#33,POSITIVE_LENGTH_MEASURE(2.E-2),#22);
#1524=PRESENTATION_STYLE_ASSIGNMENT((#1523));
#1525=STYLED_ITEM('',(#1524),#1522);
#1526=DIRECTION('',(0.E0,1.E0,0.E0));
#1527=VECTOR('',#1526,1.E-1);
#1528=CARTESIAN_POINT('',(6.25E-1,0.E0,3.75E-1));
#1529=LINE('',#1528,#1527);
#1530=CURVE_STYLE('',#33,POSITIVE_LENGTH_MEASURE(2.E-2),#22);
#1531=PRESENTATION_STYLE_ASSIGNMENT((#1530));
#1532=STYLED_ITEM('',(#1531),#1529);
#1533=DIRECTION('',(0.E0,0.E0,-1.E0));
#1534=VECTOR('',#1533,2.5E-1);
#1535=CARTESIAN_POINT('',(6.25E-1,1.E-1,6.25E-1));
#1536=LINE('',#1535,#1534);
#1537=CURVE_STYLE('',#33,POSITIVE_LENGTH_MEASURE(2.E-2),#22);
#1538=PRESENTATION_STYLE_ASSIGNMENT((#1537));
#1539=STYLED_ITEM('',(#1538),#1536);
#1540=DIRECTION('',(1.E0,0.E0,0.E0));
#1541=VECTOR('',#1540,2.5E-1);
#1542=CARTESIAN_POINT('',(3.75E-1,1.E-1,6.25E-1));
#1543=LINE('',#1542,#1541);
#1544=CURVE_STYLE('',#33,POSITIVE_LENGTH_MEASURE(2.E-2),#22);
#1545=PRESENTATION_STYLE_ASSIGNMENT((#1544));
#1546=STYLED_ITEM('',(#1545),#1543);
#1547=DIRECTION('',(0.E0,0.E0,1.E0));
#1548=VECTOR('',#1547,2.5E-1);
#1549=CARTESIAN_POINT('',(3.75E-1,1.E-1,3.75E-1));
#1550=LINE('',#1549,#1548);
#1551=CURVE_STYLE('',#33,POSITIVE_LENGTH_MEASURE(2.E-2),#22);
#1552=PRESENTATION_STYLE_ASSIGNMENT((#1551));
#1553=STYLED_ITEM('',(#1552),#1550);
#1554=DIRECTION('',(-1.E0,0.E0,0.E0));
#1555=VECTOR('',#1554,2.5E-1);
#1556=CARTESIAN_POINT('',(6.25E-1,1.E-1,3.75E-1));
#1557=LINE('',#1556,#1555);
#1558=CURVE_STYLE('',#33,POSITIVE_LENGTH_MEASURE(2.E-2),#22);
#1559=PRESENTATION_STYLE_ASSIGNMENT((#1558));
#1560=STYLED_ITEM('',(#1559),#1557);
#1561=CARTESIAN_POINT('',(6.25E-1,0.E0,6.25E-1));
#1562=CARTESIAN_POINT('',(6.25E-1,0.E0,3.75E-1));
#1563=VERTEX_POINT('',#1561);
#1564=VERTEX_POINT('',#1562);
#1565=CARTESIAN_POINT('',(3.75E-1,0.E0,3.75E-1));
#1566=VERTEX_POINT('',#1565);
#1567=CARTESIAN_POINT('',(3.75E-1,0.E0,6.25E-1));
#1568=VERTEX_POINT('',#1567);
#1569=CARTESIAN_POINT('',(6.25E-1,1.E-1,6.25E-1));
#1570=CARTESIAN_POINT('',(6.25E-1,1.E-1,3.75E-1));
#1571=VERTEX_POINT('',#1569);
#1572=VERTEX_POINT('',#1570);
#1573=CARTESIAN_POINT('',(3.75E-1,1.E-1,3.75E-1));
#1574=VERTEX_POINT('',#1573);
#1575=CARTESIAN_POINT('',(3.75E-1,1.E-1,6.25E-1));
#1576=VERTEX_POINT('',#1575);
#1577=CARTESIAN_POINT('',(0.E0,0.E0,0.E0));
#1578=DIRECTION('',(0.E0,1.E0,0.E0));
#1579=DIRECTION('',(1.E0,0.E0,0.E0));
#1580=AXIS2_PLACEMENT_3D('',#1577,#1578,#1579);
#1581=PLANE('',#1580);
#1583=ORIENTED_EDGE('',*,*,#1582,.T.);
#1585=ORIENTED_EDGE('',*,*,#1584,.T.);
#1587=ORIENTED_EDGE('',*,*,#1586,.T.);
#1589=ORIENTED_EDGE('',*,*,#1588,.T.);
#1590=EDGE_LOOP('',(#1583,#1585,#1587,#1589));
#1591=FACE_OUTER_BOUND('',#1590,.F.);
#1593=CARTESIAN_POINT('',(6.25E-1,0.E0,6.25E-1));
#1594=DIRECTION('',(1.E0,0.E0,0.E0));
#1595=DIRECTION('',(0.E0,0.E0,-1.E0));
#1596=AXIS2_PLACEMENT_3D('',#1593,#1594,#1595);
#1597=PLANE('',#1596);
#1598=ORIENTED_EDGE('',*,*,#1582,.F.);
#1600=ORIENTED_EDGE('',*,*,#1599,.T.);
#1602=ORIENTED_EDGE('',*,*,#1601,.T.);
#1604=ORIENTED_EDGE('',*,*,#1603,.F.);
#1605=EDGE_LOOP('',(#1598,#1600,#1602,#1604));
#1606=FACE_OUTER_BOUND('',#1605,.F.);
#1608=FILL_AREA_STYLE_COLOUR('',#20);
#1609=FILL_AREA_STYLE('',(#1608));
#1610=SURFACE_STYLE_FILL_AREA(#1609);
#1611=SURFACE_SIDE_STYLE('',(#1610));
#1612=SURFACE_STYLE_USAGE(.POSITIVE.,#1611);
#1613=PRESENTATION_STYLE_ASSIGNMENT((#1612));
#1614=OVER_RIDING_STYLED_ITEM('',(#1613),#1607,#1476);
#1615=CARTESIAN_POINT('',(3.75E-1,0.E0,6.25E-1));
#1616=DIRECTION('',(0.E0,0.E0,1.E0));
#1617=DIRECTION('',(1.E0,0.E0,0.E0));
#1618=AXIS2_PLACEMENT_3D('',#1615,#1616,#1617);
#1619=PLANE('',#1618);
#1620=ORIENTED_EDGE('',*,*,#1588,.F.);
#1622=ORIENTED_EDGE('',*,*,#1621,.T.);
#1624=ORIENTED_EDGE('',*,*,#1623,.T.);
#1625=ORIENTED_EDGE('',*,*,#1599,.F.);
#1626=EDGE_LOOP('',(#1620,#1622,#1624,#1625));
#1627=FACE_OUTER_BOUND('',#1626,.F.);
#1629=CARTESIAN_POINT('',(3.75E-1,0.E0,3.75E-1));
#1630=DIRECTION('',(-1.E0,0.E0,0.E0));
#1631=DIRECTION('',(0.E0,0.E0,1.E0));
#1632=AXIS2_PLACEMENT_3D('',#1629,#1630,#1631);
#1633=PLANE('',#1632);
#1634=ORIENTED_EDGE('',*,*,#1586,.F.);
#1636=ORIENTED_EDGE('',*,*,#1635,.T.);
#1638=ORIENTED_EDGE('',*,*,#1637,.T.);
#1639=ORIENTED_EDGE('',*,*,#1621,.F.);
#1640=EDGE_LOOP('',(#1634,#1636,#1638,#1639));
#1641=FACE_OUTER_BOUND('',#1640,.F.);
#1643=CARTESIAN_POINT('',(6.25E-1,0.E0,3.75E-1));
#1644=DIRECTION('',(0.E0,0.E0,-1.E0));
#1645=DIRECTION('',(-1.E0,0.E0,0.E0));
#1646=AXIS2_PLACEMENT_3D('',#1643,#1644,#1645);
#1647=PLANE('',#1646);
#1648=ORIENTED_EDGE('',*,*,#1584,.F.);
#1649=ORIENTED_EDGE('',*,*,#1603,.T.);
#1651=ORIENTED_EDGE('',*,*,#1650,.T.);
#1652=ORIENTED_EDGE('',*,*,#1635,.F.);
#1653=EDGE_LOOP('',(#1648,#1649,#1651,#1652));
#1654=FACE_OUTER_BOUND('',#1653,.F.);
#1656=CARTESIAN_POINT('',(0.E0,1.E-1,0.E0));
#1657=DIRECTION('',(0.E0,1.E0,0.E0));
#1658=DIRECTION('',(1.E0,0.E0,0.E0));
#1659=AXIS2_PLACEMENT_3D('',#1656,#1657,#1658);
#1660=PLANE('',#1659);
#1661=ORIENTED_EDGE('',*,*,#1601,.F.);
#1662=ORIENTED_EDGE('',*,*,#1623,.F.);
#1663=ORIENTED_EDGE('',*,*,#1637,.F.);
#1664=ORIENTED_EDGE('',*,*,#1650,.F.);
#1665=EDGE_LOOP('',(#1661,#1662,#1663,#1664));
#1666=FACE_OUTER_BOUND('',#1665,.F.);
#1668=CLOSED_SHELL('',(#1592,#1607,#1628,#1642,#1655,#1667));
#1669=MANIFOLD_SOLID_BREP('',#1668);
#1670=FILL_AREA_STYLE_COLOUR('',#22);
#1671=FILL_AREA_STYLE('',(#1670));
#1672=SURFACE_STYLE_FILL_AREA(#1671);
#1673=SURFACE_SIDE_STYLE('',(#1672));
#1674=SURFACE_STYLE_USAGE(.POSITIVE.,#1673);
#1675=PRESENTATION_STYLE_ASSIGNMENT((#1674));
#1476=STYLED_ITEM('',(#1675),#1669);
#1678=PLANE_ANGLE_MEASURE_WITH_UNIT(PLANE_ANGLE_MEASURE(1.745329251994E-2),
#1677);
#1679=(CONVERSION_BASED_UNIT('DEGREE',#1678)NAMED_UNIT(*)PLANE_ANGLE_UNIT());
#1681=UNCERTAINTY_MEASURE_WITH_UNIT(LENGTH_MEASURE(1.955043274743E-4),#1676,
'distance_accuracy_value',
'Maximum model space distance between geometric entities at asserted connectivities');
#1683=CARTESIAN_POINT('',(0.E0,0.E0,0.E0));
#1684=DIRECTION('',(0.E0,0.E0,1.E0));
#1685=DIRECTION('',(1.E0,0.E0,0.E0));
#1688=APPLICATION_CONTEXT('automotive_design');
#1689=APPLICATION_PROTOCOL_DEFINITION('international standard',
'automotive_design',2001,#1688);
#1690=PRODUCT_DEFINITION_CONTEXT('part definition',#1688,'design');
#1691=PRODUCT_CONTEXT('',#1688,'mechanical');
#1692=PRODUCT('FRAME','FRAME','NOT SPECIFIED',(#1691));
#1693=PRODUCT_DEFINITION_FORMATION('4','LAST_VERSION',#1692);
#1701=DERIVED_UNIT_ELEMENT(#1700,2.E0);
#1702=DERIVED_UNIT((#1701));
#1703=MEASURE_REPRESENTATION_ITEM('surface area measure',AREA_MEASURE(
2.198713203436E0),#1702);
#1708=DERIVED_UNIT_ELEMENT(#1707,3.E0);
#1709=DERIVED_UNIT((#1708));
#1710=MEASURE_REPRESENTATION_ITEM('volume measure',VOLUME_MEASURE(6.3875E-2),
#1709);
#1714=CARTESIAN_POINT('centre point',(3.082191780822E-3,5.E-2,
1.320939334638E-3));
#1719=DERIVED_UNIT_ELEMENT(#1718,2.E0);
#1720=DERIVED_UNIT((#1719));
#1721=MEASURE_REPRESENTATION_ITEM('surface area measure',AREA_MEASURE(
2.198713203436E0),#1720);
#1726=DERIVED_UNIT_ELEMENT(#1725,3.E0);
#1727=DERIVED_UNIT((#1726));
#1728=MEASURE_REPRESENTATION_ITEM('volume measure',VOLUME_MEASURE(6.3875E-2),
#1727);
#1732=CARTESIAN_POINT('centre point',(3.082191780822E-3,5.E-2,
1.320939334638E-3));
#1742=CARTESIAN_POINT('centre point',(3.082191780822E-3,-1.320939334638E-3,
5.E-2));
#1746=CARTESIAN_POINT('',(0.E0,0.E0,0.E0));
#1747=DIRECTION('',(0.E0,-1.E0,0.E0));
#1748=DIRECTION('',(1.E0,0.E0,0.E0));
#1749=AXIS2_PLACEMENT_3D('',#1746,#1747,#1748);
#1750=ITEM_DEFINED_TRANSFORMATION('','',#1686,#1749);
#1751=(REPRESENTATION_RELATIONSHIP('','',#1687,#1739)REPRESENTATION_RELATIONSHIP_WITH_TRANSFORMATION(#1750)SHAPE_REPRESENTATION_RELATIONSHIP());
#1752=CONTEXT_DEPENDENT_SHAPE_REPRESENTATION(#1751,#1741);
#1754=DIRECTION('',(1.E0,0.E0,0.E0));
#1755=VECTOR('',#1754,2.E-1);
#1756=CARTESIAN_POINT('',(-1.E-1,0.E0,-3.75E-1));
#1757=LINE('',#1756,#1755);
#1758=CURVE_STYLE('',#33,POSITIVE_LENGTH_MEASURE(2.E-2),#3);
#1759=PRESENTATION_STYLE_ASSIGNMENT((#1758));
#1760=STYLED_ITEM('',(#1759),#1757);
#1761=DIRECTION('',(0.E0,0.E0,1.E0));
#1762=VECTOR('',#1761,3.75E-1);
#1763=CARTESIAN_POINT('',(-1.E-1,0.E0,-7.5E-1));
#1764=LINE('',#1763,#1762);
#1765=CURVE_STYLE('',#33,POSITIVE_LENGTH_MEASURE(2.E-2),#3);
#1766=PRESENTATION_STYLE_ASSIGNMENT((#1765));
#1767=STYLED_ITEM('',(#1766),#1764);
#1768=DIRECTION('',(-1.E0,0.E0,0.E0));
#1769=VECTOR('',#1768,5.25E-1);
#1770=CARTESIAN_POINT('',(-1.E-1,0.E0,-7.5E-1));
#1771=LINE('',#1770,#1769);
#1772=CURVE_STYLE('',#33,POSITIVE_LENGTH_MEASURE(2.E-2),#3);
#1773=PRESENTATION_STYLE_ASSIGNMENT((#1772));
#1774=STYLED_ITEM('',(#1773),#1771);
#1775=DIRECTION('',(0.E0,0.E0,1.E0));
#1776=VECTOR('',#1775,1.25E-1);
#1777=CARTESIAN_POINT('',(-6.25E-1,0.E0,-7.5E-1));
#1778=LINE('',#1777,#1776);
#1779=CURVE_STYLE('',#33,POSITIVE_LENGTH_MEASURE(2.E-2),#3);
#1780=PRESENTATION_STYLE_ASSIGNMENT((#1779));
#1781=STYLED_ITEM('',(#1780),#1778);
#1782=DIRECTION('',(1.E0,0.E0,0.E0));
#1783=VECTOR('',#1782,2.5E-1);
#1784=CARTESIAN_POINT('',(-6.25E-1,0.E0,-6.25E-1));
#1785=LINE('',#1784,#1783);
#1786=CURVE_STYLE('',#33,POSITIVE_LENGTH_MEASURE(2.E-2),#3);
#1787=PRESENTATION_STYLE_ASSIGNMENT((#1786));
#1788=STYLED_ITEM('',(#1787),#1785);
#1789=DIRECTION('',(0.E0,0.E0,1.E0));
#1790=VECTOR('',#1789,2.5E-1);
#1791=CARTESIAN_POINT('',(-3.75E-1,0.E0,-6.25E-1));
#1792=LINE('',#1791,#1790);
#1793=CURVE_STYLE('',#33,POSITIVE_LENGTH_MEASURE(2.E-2),#3);
#1794=PRESENTATION_STYLE_ASSIGNMENT((#1793));
#1795=STYLED_ITEM('',(#1794),#1792);
#1796=DIRECTION('',(1.E0,0.E0,0.E0));
#1797=VECTOR('',#1796,2.5E-1);
#1798=CARTESIAN_POINT('',(-6.25E-1,0.E0,-3.75E-1));
#1799=LINE('',#1798,#1797);
#1800=CURVE_STYLE('',#33,POSITIVE_LENGTH_MEASURE(2.E-2),#3);
#1801=PRESENTATION_STYLE_ASSIGNMENT((#1800));
#1802=STYLED_ITEM('',(#1801),#1799);
#1803=DIRECTION('',(0.E0,0.E0,1.E0));
#1804=VECTOR('',#1803,2.5E-1);
#1805=CARTESIAN_POINT('',(-6.25E-1,0.E0,-3.75E-1));
#1806=LINE('',#1805,#1804);
#1807=CURVE_STYLE('',#33,POSITIVE_LENGTH_MEASURE(2.E-2),#3);
#1808=PRESENTATION_STYLE_ASSIGNMENT((#1807));
#1809=STYLED_ITEM('',(#1808),#1806);
#1810=DIRECTION('',(1.E0,0.E0,0.E0));
#1811=VECTOR('',#1810,3.5E-1);
#1812=CARTESIAN_POINT('',(-6.25E-1,0.E0,-1.25E-1));
#1813=LINE('',#1812,#1811);
#1814=CURVE_STYLE('',#33,POSITIVE_LENGTH_MEASURE(2.E-2),#3);
#1815=PRESENTATION_STYLE_ASSIGNMENT((#1814));
#1816=STYLED_ITEM('',(#1815),#1813);
#1817=DIRECTION('',(7.071067811865E-1,0.E0,7.071067811865E-1));
#1818=VECTOR('',#1817,2.121320343560E-1);
#1819=CARTESIAN_POINT('',(-2.75E-1,0.E0,-1.25E-1));
#1820=LINE('',#1819,#1818);
#1821=CURVE_STYLE('',#33,POSITIVE_LENGTH_MEASURE(2.E-2),#3);
#1822=PRESENTATION_STYLE_ASSIGNMENT((#1821));
#1823=STYLED_ITEM('',(#1822),#1820);
#1824=DIRECTION('',(0.E0,0.E0,-1.E0));
#1825=VECTOR('',#1824,1.E-1);
#1826=CARTESIAN_POINT('',(-1.25E-1,0.E0,1.25E-1));
#1827=LINE('',#1826,#1825);
#1828=CURVE_STYLE('',#33,POSITIVE_LENGTH_MEASURE(2.E-2),#3);
#1829=PRESENTATION_STYLE_ASSIGNMENT((#1828));
#1830=STYLED_ITEM('',(#1829),#1827);
#1831=DIRECTION('',(1.E0,0.E0,0.E0));
#1832=VECTOR('',#1831,5.E-1);
#1833=CARTESIAN_POINT('',(-6.25E-1,0.E0,1.25E-1));
#1834=LINE('',#1833,#1832);
#1835=CURVE_STYLE('',#33,POSITIVE_LENGTH_MEASURE(2.E-2),#3);
#1836=PRESENTATION_STYLE_ASSIGNMENT((#1835));
#1837=STYLED_ITEM('',(#1836),#1834);
#1838=DIRECTION('',(0.E0,0.E0,1.E0));
#1839=VECTOR('',#1838,2.5E-1);
#1840=CARTESIAN_POINT('',(-6.25E-1,0.E0,1.25E-1));
#1841=LINE('',#1840,#1839);
#1842=CURVE_STYLE('',#33,POSITIVE_LENGTH_MEASURE(2.E-2),#3);
#1843=PRESENTATION_STYLE_ASSIGNMENT((#1842));
#1844=STYLED_ITEM('',(#1843),#1841);
#1845=DIRECTION('',(1.E0,0.E0,0.E0));
#1846=VECTOR('',#1845,2.5E-1);
#1847=CARTESIAN_POINT('',(-6.25E-1,0.E0,3.75E-1));
#1848=LINE('',#1847,#1846);
#1849=CURVE_STYLE('',#33,POSITIVE_LENGTH_MEASURE(2.E-2),#3);
#1850=PRESENTATION_STYLE_ASSIGNMENT((#1849));
#1851=STYLED_ITEM('',(#1850),#1848);
#1852=DIRECTION('',(0.E0,0.E0,-1.E0));
#1853=VECTOR('',#1852,2.5E-1);
#1854=CARTESIAN_POINT('',(-3.75E-1,0.E0,6.25E-1));
#1855=LINE('',#1854,#1853);
#1856=CURVE_STYLE('',#33,POSITIVE_LENGTH_MEASURE(2.E-2),#3);
#1857=PRESENTATION_STYLE_ASSIGNMENT((#1856));
#1858=STYLED_ITEM('',(#1857),#1855);
#1859=DIRECTION('',(1.E0,0.E0,0.E0));
#1860=VECTOR('',#1859,2.5E-1);
#1861=CARTESIAN_POINT('',(-6.25E-1,0.E0,6.25E-1));
#1862=LINE('',#1861,#1860);
#1863=CURVE_STYLE('',#33,POSITIVE_LENGTH_MEASURE(2.E-2),#3);
#1864=PRESENTATION_STYLE_ASSIGNMENT((#1863));
#1865=STYLED_ITEM('',(#1864),#1862);
#1866=DIRECTION('',(0.E0,0.E0,1.E0));
#1867=VECTOR('',#1866,1.25E-1);
#1868=CARTESIAN_POINT('',(-6.25E-1,0.E0,6.25E-1));
#1869=LINE('',#1868,#1867);
#1870=CURVE_STYLE('',#33,POSITIVE_LENGTH_MEASURE(2.E-2),#3);
#1871=PRESENTATION_STYLE_ASSIGNMENT((#1870));
#1872=STYLED_ITEM('',(#1871),#1869);
#1873=DIRECTION('',(1.E0,0.E0,0.E0));
#1874=VECTOR('',#1873,5.25E-1);
#1875=CARTESIAN_POINT('',(-6.25E-1,0.E0,7.5E-1));
#1876=LINE('',#1875,#1874);
#1877=CURVE_STYLE('',#33,POSITIVE_LENGTH_MEASURE(2.E-2),#3);
#1878=PRESENTATION_STYLE_ASSIGNMENT((#1877));
#1879=STYLED_ITEM('',(#1878),#1876);
#1880=DIRECTION('',(0.E0,0.E0,-1.E0));
#1881=VECTOR('',#1880,3.75E-1);
#1882=CARTESIAN_POINT('',(-1.E-1,0.E0,7.5E-1));
#1883=LINE('',#1882,#1881);
#1884=CURVE_STYLE('',#33,POSITIVE_LENGTH_MEASURE(2.E-2),#3);
#1885=PRESENTATION_STYLE_ASSIGNMENT((#1884));
#1886=STYLED_ITEM('',(#1885),#1883);
#1887=DIRECTION('',(1.E0,0.E0,0.E0));
#1888=VECTOR('',#1887,2.E-1);
#1889=CARTESIAN_POINT('',(-1.E-1,0.E0,3.75E-1));
#1890=LINE('',#1889,#1888);
#1891=CURVE_STYLE('',#33,POSITIVE_LENGTH_MEASURE(2.E-2),#3);
#1892=PRESENTATION_STYLE_ASSIGNMENT((#1891));
#1893=STYLED_ITEM('',(#1892),#1890);
#1894=DIRECTION('',(0.E0,0.E0,-1.E0));
#1895=VECTOR('',#1894,3.75E-1);
#1896=CARTESIAN_POINT('',(1.E-1,0.E0,7.5E-1));
#1897=LINE('',#1896,#1895);
#1898=CURVE_STYLE('',#33,POSITIVE_LENGTH_MEASURE(2.E-2),#3);
#1899=PRESENTATION_STYLE_ASSIGNMENT((#1898));
#1900=STYLED_ITEM('',(#1899),#1897);
#1901=DIRECTION('',(1.E0,0.E0,0.E0));
#1902=VECTOR('',#1901,5.25E-1);
#1903=CARTESIAN_POINT('',(1.E-1,0.E0,7.5E-1));
#1904=LINE('',#1903,#1902);
#1905=CURVE_STYLE('',#33,POSITIVE_LENGTH_MEASURE(2.E-2),#3);
#1906=PRESENTATION_STYLE_ASSIGNMENT((#1905));
#1907=STYLED_ITEM('',(#1906),#1904);
#1908=DIRECTION('',(0.E0,0.E0,-1.E0));
#1909=VECTOR('',#1908,1.25E-1);
#1910=CARTESIAN_POINT('',(6.25E-1,0.E0,7.5E-1));
#1911=LINE('',#1910,#1909);
#1912=CURVE_STYLE('',#33,POSITIVE_LENGTH_MEASURE(2.E-2),#3);
#1913=PRESENTATION_STYLE_ASSIGNMENT((#1912));
#1914=STYLED_ITEM('',(#1913),#1911);
#1915=DIRECTION('',(-1.E0,0.E0,0.E0));
#1916=VECTOR('',#1915,2.5E-1);
#1917=CARTESIAN_POINT('',(6.25E-1,0.E0,6.25E-1));
#1918=LINE('',#1917,#1916);
#1919=CURVE_STYLE('',#33,POSITIVE_LENGTH_MEASURE(2.E-2),#3);
#1920=PRESENTATION_STYLE_ASSIGNMENT((#1919));
#1921=STYLED_ITEM('',(#1920),#1918);
#1922=DIRECTION('',(0.E0,0.E0,-1.E0));
#1923=VECTOR('',#1922,2.5E-1);
#1924=CARTESIAN_POINT('',(3.75E-1,0.E0,6.25E-1));
#1925=LINE('',#1924,#1923);
#1926=CURVE_STYLE('',#33,POSITIVE_LENGTH_MEASURE(2.E-2),#3);
#1927=PRESENTATION_STYLE_ASSIGNMENT((#1926));
#1928=STYLED_ITEM('',(#1927),#1925);
#1929=DIRECTION('',(-1.E0,0.E0,0.E0));
#1930=VECTOR('',#1929,2.5E-1);
#1931=CARTESIAN_POINT('',(6.25E-1,0.E0,3.75E-1));
#1932=LINE('',#1931,#1930);
#1933=CURVE_STYLE('',#33,POSITIVE_LENGTH_MEASURE(2.E-2),#3);
#1934=PRESENTATION_STYLE_ASSIGNMENT((#1933));
#1935=STYLED_ITEM('',(#1934),#1932);
#1936=DIRECTION('',(0.E0,0.E0,-1.E0));
#1937=VECTOR('',#1936,2.5E-1);
#1938=CARTESIAN_POINT('',(6.25E-1,0.E0,3.75E-1));
#1939=LINE('',#1938,#1937);
#1940=CURVE_STYLE('',#33,POSITIVE_LENGTH_MEASURE(2.E-2),#3);
#1941=PRESENTATION_STYLE_ASSIGNMENT((#1940));
#1942=STYLED_ITEM('',(#1941),#1939);
#1943=DIRECTION('',(-1.E0,0.E0,0.E0));
#1944=VECTOR('',#1943,5.E-1);
#1945=CARTESIAN_POINT('',(6.25E-1,0.E0,1.25E-1));
#1946=LINE('',#1945,#1944);
#1947=CURVE_STYLE('',#33,POSITIVE_LENGTH_MEASURE(2.E-2),#3);
#1948=PRESENTATION_STYLE_ASSIGNMENT((#1947));
#1949=STYLED_ITEM('',(#1948),#1946);
#1950=DIRECTION('',(0.E0,0.E0,1.E0));
#1951=VECTOR('',#1950,2.5E-1);
#1952=CARTESIAN_POINT('',(1.25E-1,0.E0,-1.25E-1));
#1953=LINE('',#1952,#1951);
#1954=CURVE_STYLE('',#33,POSITIVE_LENGTH_MEASURE(2.E-2),#3);
#1955=PRESENTATION_STYLE_ASSIGNMENT((#1954));
#1956=STYLED_ITEM('',(#1955),#1953);
#1957=DIRECTION('',(-1.E0,0.E0,0.E0));
#1958=VECTOR('',#1957,5.E-1);
#1959=CARTESIAN_POINT('',(6.25E-1,0.E0,-1.25E-1));
#1960=LINE('',#1959,#1958);
#1961=CURVE_STYLE('',#33,POSITIVE_LENGTH_MEASURE(2.E-2),#3);
#1962=PRESENTATION_STYLE_ASSIGNMENT((#1961));
#1963=STYLED_ITEM('',(#1962),#1960);
#1964=DIRECTION('',(0.E0,0.E0,-1.E0));
#1965=VECTOR('',#1964,2.5E-1);
#1966=CARTESIAN_POINT('',(6.25E-1,0.E0,-1.25E-1));
#1967=LINE('',#1966,#1965);
#1968=CURVE_STYLE('',#33,POSITIVE_LENGTH_MEASURE(2.E-2),#3);
#1969=PRESENTATION_STYLE_ASSIGNMENT((#1968));
#1970=STYLED_ITEM('',(#1969),#1967);
#1971=DIRECTION('',(-1.E0,0.E0,0.E0));
#1972=VECTOR('',#1971,2.5E-1);
#1973=CARTESIAN_POINT('',(6.25E-1,0.E0,-3.75E-1));
#1974=LINE('',#1973,#1972);
#1975=CURVE_STYLE('',#33,POSITIVE_LENGTH_MEASURE(2.E-2),#3);
#1976=PRESENTATION_STYLE_ASSIGNMENT((#1975));
#1977=STYLED_ITEM('',(#1976),#1974);
#1978=DIRECTION('',(0.E0,0.E0,1.E0));
#1979=VECTOR('',#1978,2.5E-1);
#1980=CARTESIAN_POINT('',(3.75E-1,0.E0,-6.25E-1));
#1981=LINE('',#1980,#1979);
#1982=CURVE_STYLE('',#33,POSITIVE_LENGTH_MEASURE(2.E-2),#3);
#1983=PRESENTATION_STYLE_ASSIGNMENT((#1982));
#1984=STYLED_ITEM('',(#1983),#1981);
#1985=DIRECTION('',(-1.E0,0.E0,0.E0));
#1986=VECTOR('',#1985,2.5E-1);
#1987=CARTESIAN_POINT('',(6.25E-1,0.E0,-6.25E-1));
#1988=LINE('',#1987,#1986);
#1989=CURVE_STYLE('',#33,POSITIVE_LENGTH_MEASURE(2.E-2),#3);
#1990=PRESENTATION_STYLE_ASSIGNMENT((#1989));
#1991=STYLED_ITEM('',(#1990),#1988);
#1992=DIRECTION('',(0.E0,0.E0,-1.E0));
#1993=VECTOR('',#1992,1.25E-1);
#1994=CARTESIAN_POINT('',(6.25E-1,0.E0,-6.25E-1));
#1995=LINE('',#1994,#1993);
#1996=CURVE_STYLE('',#33,POSITIVE_LENGTH_MEASURE(2.E-2),#3);
#1997=PRESENTATION_STYLE_ASSIGNMENT((#1996));
#1998=STYLED_ITEM('',(#1997),#1995);
#1999=DIRECTION('',(-1.E0,0.E0,0.E0));
#2000=VECTOR('',#1999,5.25E-1);
#2001=CARTESIAN_POINT('',(6.25E-1,0.E0,-7.5E-1));
#2002=LINE('',#2001,#2000);
#2003=CURVE_STYLE('',#33,POSITIVE_LENGTH_MEASURE(2.E-2),#3);
#2004=PRESENTATION_STYLE_ASSIGNMENT((#2003));
#2005=STYLED_ITEM('',(#2004),#2002);
#2006=DIRECTION('',(0.E0,0.E0,1.E0));
#2007=VECTOR('',#2006,3.75E-1);
#2008=CARTESIAN_POINT('',(1.E-1,0.E0,-7.5E-1));
#2009=LINE('',#2008,#2007);
#2010=CURVE_STYLE('',#33,POSITIVE_LENGTH_MEASURE(2.E-2),#3);
#2011=PRESENTATION_STYLE_ASSIGNMENT((#2010));
#2012=STYLED_ITEM('',(#2011),#2009);
#2013=DIRECTION('',(0.E0,1.E0,0.E0));
#2014=VECTOR('',#2013,7.5E-2);
#2015=CARTESIAN_POINT('',(-1.E-1,0.E0,-3.75E-1));
#2016=LINE('',#2015,#2014);
#2017=CURVE_STYLE('',#33,POSITIVE_LENGTH_MEASURE(2.E-2),#3);
#2018=PRESENTATION_STYLE_ASSIGNMENT((#2017));
#2019=STYLED_ITEM('',(#2018),#2016);
#2020=DIRECTION('',(0.E0,1.E0,0.E0));
#2021=VECTOR('',#2020,7.5E-2);
#2022=CARTESIAN_POINT('',(1.E-1,0.E0,-3.75E-1));
#2023=LINE('',#2022,#2021);
#2024=CURVE_STYLE('',#33,POSITIVE_LENGTH_MEASURE(2.E-2),#3);
#2025=PRESENTATION_STYLE_ASSIGNMENT((#2024));
#2026=STYLED_ITEM('',(#2025),#2023);
#2027=DIRECTION('',(1.E0,0.E0,0.E0));
#2028=VECTOR('',#2027,2.E-1);
#2029=CARTESIAN_POINT('',(-1.E-1,7.5E-2,-7.5E-1));
#2030=LINE('',#2029,#2028);
#2031=CURVE_STYLE('',#33,POSITIVE_LENGTH_MEASURE(2.E-2),#3);
#2032=PRESENTATION_STYLE_ASSIGNMENT((#2031));
#2033=STYLED_ITEM('',(#2032),#2030);
#2034=DIRECTION('',(0.E0,1.E0,0.E0));
#2035=VECTOR('',#2034,7.5E-2);
#2036=CARTESIAN_POINT('',(1.E-1,0.E0,-7.5E-1));
#2037=LINE('',#2036,#2035);
#2038=CURVE_STYLE('',#33,POSITIVE_LENGTH_MEASURE(2.E-2),#3);
#2039=PRESENTATION_STYLE_ASSIGNMENT((#2038));
#2040=STYLED_ITEM('',(#2039),#2037);
#2041=DIRECTION('',(0.E0,1.E0,0.E0));
#2042=VECTOR('',#2041,7.75E-1);
#2043=CARTESIAN_POINT('',(6.25E-1,0.E0,-7.5E-1));
#2044=LINE('',#2043,#2042);
#2045=CURVE_STYLE('',#33,POSITIVE_LENGTH_MEASURE(2.E-2),#3);
#2046=PRESENTATION_STYLE_ASSIGNMENT((#2045));
#2047=STYLED_ITEM('',(#2046),#2044);
#2048=DIRECTION('',(0.E0,1.E0,0.E0));
#2049=VECTOR('',#2048,7.5E-2);
#2050=CARTESIAN_POINT('',(-1.E-1,0.E0,-7.5E-1));
#2051=LINE('',#2050,#2049);
#2052=CURVE_STYLE('',#33,POSITIVE_LENGTH_MEASURE(2.E-2),#3);
#2053=PRESENTATION_STYLE_ASSIGNMENT((#2052));
#2054=STYLED_ITEM('',(#2053),#2051);
#2055=DIRECTION('',(0.E0,0.E0,1.E0));
#2056=VECTOR('',#2055,3.75E-1);
#2057=CARTESIAN_POINT('',(-1.E-1,7.5E-2,-7.5E-1));
#2058=LINE('',#2057,#2056);
#2059=CURVE_STYLE('',#33,POSITIVE_LENGTH_MEASURE(2.E-2),#3);
#2060=PRESENTATION_STYLE_ASSIGNMENT((#2059));
#2061=STYLED_ITEM('',(#2060),#2058);
#2062=DIRECTION('',(1.E0,0.E0,0.E0));
#2063=VECTOR('',#2062,2.E-1);
#2064=CARTESIAN_POINT('',(-1.E-1,7.5E-2,-3.75E-1));
#2065=LINE('',#2064,#2063);
#2066=CURVE_STYLE('',#33,POSITIVE_LENGTH_MEASURE(2.E-2),#3);
#2067=PRESENTATION_STYLE_ASSIGNMENT((#2066));
#2068=STYLED_ITEM('',(#2067),#2065);
#2069=DIRECTION('',(0.E0,0.E0,-1.E0));
#2070=VECTOR('',#2069,3.75E-1);
#2071=CARTESIAN_POINT('',(1.E-1,7.5E-2,-3.75E-1));
#2072=LINE('',#2071,#2070);
#2073=CURVE_STYLE('',#33,POSITIVE_LENGTH_MEASURE(2.E-2),#3);
#2074=PRESENTATION_STYLE_ASSIGNMENT((#2073));
#2075=STYLED_ITEM('',(#2074),#2072);
#2076=DIRECTION('',(0.E0,1.E0,0.E0));
#2077=VECTOR('',#2076,7.5E-2);
#2078=CARTESIAN_POINT('',(6.25E-1,0.E0,-1.25E-1));
#2079=LINE('',#2078,#2077);
#2080=CURVE_STYLE('',#33,POSITIVE_LENGTH_MEASURE(2.E-2),#3);
#2081=PRESENTATION_STYLE_ASSIGNMENT((#2080));
#2082=STYLED_ITEM('',(#2081),#2079);
#2083=DIRECTION('',(0.E0,0.E0,-1.E0));
#2084=VECTOR('',#2083,2.5E-1);
#2085=CARTESIAN_POINT('',(6.25E-1,7.5E-2,1.25E-1));
#2086=LINE('',#2085,#2084);
#2087=CURVE_STYLE('',#33,POSITIVE_LENGTH_MEASURE(2.E-2),#3);
#2088=PRESENTATION_STYLE_ASSIGNMENT((#2087));
#2089=STYLED_ITEM('',(#2088),#2086);
#2090=DIRECTION('',(0.E0,1.E0,0.E0));
#2091=VECTOR('',#2090,7.5E-2);
#2092=CARTESIAN_POINT('',(6.25E-1,0.E0,1.25E-1));
#2093=LINE('',#2092,#2091);
#2094=CURVE_STYLE('',#33,POSITIVE_LENGTH_MEASURE(2.E-2),#3);
#2095=PRESENTATION_STYLE_ASSIGNMENT((#2094));
#2096=STYLED_ITEM('',(#2095),#2093);
#2097=DIRECTION('',(0.E0,1.E0,0.E0));
#2098=VECTOR('',#2097,7.5E-2);
#2099=CARTESIAN_POINT('',(6.25E-1,0.E0,3.75E-1));
#2100=LINE('',#2099,#2098);
#2101=CURVE_STYLE('',#33,POSITIVE_LENGTH_MEASURE(2.E-2),#3);
#2102=PRESENTATION_STYLE_ASSIGNMENT((#2101));
#2103=STYLED_ITEM('',(#2102),#2100);
#2104=DIRECTION('',(0.E0,0.E0,-1.E0));
#2105=VECTOR('',#2104,2.5E-1);
#2106=CARTESIAN_POINT('',(6.25E-1,7.5E-2,6.25E-1));
#2107=LINE('',#2106,#2105);
#2108=CURVE_STYLE('',#33,POSITIVE_LENGTH_MEASURE(2.E-2),#3);
#2109=PRESENTATION_STYLE_ASSIGNMENT((#2108));
#2110=STYLED_ITEM('',(#2109),#2107);
#2111=DIRECTION('',(0.E0,1.E0,0.E0));
#2112=VECTOR('',#2111,7.5E-2);
#2113=CARTESIAN_POINT('',(6.25E-1,0.E0,6.25E-1));
#2114=LINE('',#2113,#2112);
#2115=CURVE_STYLE('',#33,POSITIVE_LENGTH_MEASURE(2.E-2),#3);
#2116=PRESENTATION_STYLE_ASSIGNMENT((#2115));
#2117=STYLED_ITEM('',(#2116),#2114);
#2118=DIRECTION('',(0.E0,1.E0,0.E0));
#2119=VECTOR('',#2118,7.75E-1);
#2120=CARTESIAN_POINT('',(6.25E-1,0.E0,7.5E-1));
#2121=LINE('',#2120,#2119);
#2122=CURVE_STYLE('',#33,POSITIVE_LENGTH_MEASURE(2.E-2),#3);
#2123=PRESENTATION_STYLE_ASSIGNMENT((#2122));
#2124=STYLED_ITEM('',(#2123),#2121);
#2125=DIRECTION('',(0.E0,1.E0,0.E0));
#2126=VECTOR('',#2125,7.5E-2);
#2127=CARTESIAN_POINT('',(6.25E-1,0.E0,-6.25E-1));
#2128=LINE('',#2127,#2126);
#2129=CURVE_STYLE('',#33,POSITIVE_LENGTH_MEASURE(2.E-2),#3);
#2130=PRESENTATION_STYLE_ASSIGNMENT((#2129));
#2131=STYLED_ITEM('',(#2130),#2128);
#2132=DIRECTION('',(0.E0,0.E0,-1.E0));
#2133=VECTOR('',#2132,2.5E-1);
#2134=CARTESIAN_POINT('',(6.25E-1,7.5E-2,-3.75E-1));
#2135=LINE('',#2134,#2133);
#2136=CURVE_STYLE('',#33,POSITIVE_LENGTH_MEASURE(2.E-2),#3);
#2137=PRESENTATION_STYLE_ASSIGNMENT((#2136));
#2138=STYLED_ITEM('',(#2137),#2135);
#2139=DIRECTION('',(0.E0,1.E0,0.E0));
#2140=VECTOR('',#2139,7.5E-2);
#2141=CARTESIAN_POINT('',(6.25E-1,0.E0,-3.75E-1));
#2142=LINE('',#2141,#2140);
#2143=CURVE_STYLE('',#33,POSITIVE_LENGTH_MEASURE(2.E-2),#3);
#2144=PRESENTATION_STYLE_ASSIGNMENT((#2143));
#2145=STYLED_ITEM('',(#2144),#2142);
#2146=DIRECTION('',(0.E0,1.E0,0.E0));
#2147=VECTOR('',#2146,7.5E-2);
#2148=CARTESIAN_POINT('',(1.25E-1,0.E0,-1.25E-1));
#2149=LINE('',#2148,#2147);
#2150=CURVE_STYLE('',#33,POSITIVE_LENGTH_MEASURE(2.E-2),#3);
#2151=PRESENTATION_STYLE_ASSIGNMENT((#2150));
#2152=STYLED_ITEM('',(#2151),#2149);
#2153=DIRECTION('',(0.E0,1.E0,0.E0));
#2154=VECTOR('',#2153,7.5E-2);
#2155=CARTESIAN_POINT('',(1.25E-1,0.E0,1.25E-1));
#2156=LINE('',#2155,#2154);
#2157=CURVE_STYLE('',#33,POSITIVE_LENGTH_MEASURE(2.E-2),#3);
#2158=PRESENTATION_STYLE_ASSIGNMENT((#2157));
#2159=STYLED_ITEM('',(#2158),#2156);
#2160=DIRECTION('',(-1.E0,0.E0,0.E0));
#2161=VECTOR('',#2160,5.E-1);
#2162=CARTESIAN_POINT('',(6.25E-1,7.5E-2,-1.25E-1));
#2163=LINE('',#2162,#2161);
#2164=CURVE_STYLE('',#33,POSITIVE_LENGTH_MEASURE(2.E-2),#3);
#2165=PRESENTATION_STYLE_ASSIGNMENT((#2164));
#2166=STYLED_ITEM('',(#2165),#2163);
#2167=DIRECTION('',(0.E0,0.E0,1.E0));
#2168=VECTOR('',#2167,2.5E-1);
#2169=CARTESIAN_POINT('',(1.25E-1,7.5E-2,-1.25E-1));
#2170=LINE('',#2169,#2168);
#2171=CURVE_STYLE('',#33,POSITIVE_LENGTH_MEASURE(2.E-2),#3);
#2172=PRESENTATION_STYLE_ASSIGNMENT((#2171));
#2173=STYLED_ITEM('',(#2172),#2170);
#2174=DIRECTION('',(1.E0,0.E0,0.E0));
#2175=VECTOR('',#2174,5.E-1);
#2176=CARTESIAN_POINT('',(1.25E-1,7.5E-2,1.25E-1));
#2177=LINE('',#2176,#2175);
#2178=CURVE_STYLE('',#33,POSITIVE_LENGTH_MEASURE(2.E-2),#3);
#2179=PRESENTATION_STYLE_ASSIGNMENT((#2178));
#2180=STYLED_ITEM('',(#2179),#2177);
#2181=DIRECTION('',(1.E0,0.E0,0.E0));
#2182=VECTOR('',#2181,5.E-1);
#2183=CARTESIAN_POINT('',(-6.25E-1,7.5E-2,1.25E-1));
#2184=LINE('',#2183,#2182);
#2185=CURVE_STYLE('',#33,POSITIVE_LENGTH_MEASURE(2.E-2),#3);
#2186=PRESENTATION_STYLE_ASSIGNMENT((#2185));
#2187=STYLED_ITEM('',(#2186),#2184);
#2188=DIRECTION('',(0.E0,0.E0,-1.E0));
#2189=VECTOR('',#2188,1.E-1);
#2190=CARTESIAN_POINT('',(-1.25E-1,7.5E-2,1.25E-1));
#2191=LINE('',#2190,#2189);
#2192=CURVE_STYLE('',#33,POSITIVE_LENGTH_MEASURE(2.E-2),#3);
#2193=PRESENTATION_STYLE_ASSIGNMENT((#2192));
#2194=STYLED_ITEM('',(#2193),#2191);
#2195=DIRECTION('',(-7.071067811865E-1,0.E0,-7.071067811865E-1));
#2196=VECTOR('',#2195,2.121320343560E-1);
#2197=CARTESIAN_POINT('',(-1.25E-1,7.5E-2,2.5E-2));
#2198=LINE('',#2197,#2196);
#2199=CURVE_STYLE('',#33,POSITIVE_LENGTH_MEASURE(2.E-2),#3);
#2200=PRESENTATION_STYLE_ASSIGNMENT((#2199));
#2201=STYLED_ITEM('',(#2200),#2198);
#2202=DIRECTION('',(-1.E0,0.E0,0.E0));
#2203=VECTOR('',#2202,3.5E-1);
#2204=CARTESIAN_POINT('',(-2.75E-1,7.5E-2,-1.25E-1));
#2205=LINE('',#2204,#2203);
#2206=CURVE_STYLE('',#33,POSITIVE_LENGTH_MEASURE(2.E-2),#3);
#2207=PRESENTATION_STYLE_ASSIGNMENT((#2206));
#2208=STYLED_ITEM('',(#2207),#2205);
#2209=DIRECTION('',(0.E0,1.E0,0.E0));
#2210=VECTOR('',#2209,7.5E-2);
#2211=CARTESIAN_POINT('',(-6.25E-1,0.E0,1.25E-1));
#2212=LINE('',#2211,#2210);
#2213=CURVE_STYLE('',#33,POSITIVE_LENGTH_MEASURE(2.E-2),#3);
#2214=PRESENTATION_STYLE_ASSIGNMENT((#2213));
#2215=STYLED_ITEM('',(#2214),#2212);
#2216=DIRECTION('',(0.E0,0.E0,-1.E0));
#2217=VECTOR('',#2216,2.5E-1);
#2218=CARTESIAN_POINT('',(-6.25E-1,7.5E-2,1.25E-1));
#2219=LINE('',#2218,#2217);
#2220=CURVE_STYLE('',#33,POSITIVE_LENGTH_MEASURE(2.E-2),#3);
#2221=PRESENTATION_STYLE_ASSIGNMENT((#2220));
#2222=STYLED_ITEM('',(#2221),#2219);
#2223=DIRECTION('',(0.E0,1.E0,0.E0));
#2224=VECTOR('',#2223,7.5E-2);
#2225=CARTESIAN_POINT('',(-6.25E-1,0.E0,-1.25E-1));
#2226=LINE('',#2225,#2224);
#2227=CURVE_STYLE('',#33,POSITIVE_LENGTH_MEASURE(2.E-2),#3);
#2228=PRESENTATION_STYLE_ASSIGNMENT((#2227));
#2229=STYLED_ITEM('',(#2228),#2226);
#2230=DIRECTION('',(0.E0,1.E0,0.E0));
#2231=VECTOR('',#2230,7.5E-2);
#2232=CARTESIAN_POINT('',(-6.25E-1,0.E0,-3.75E-1));
#2233=LINE('',#2232,#2231);
#2234=CURVE_STYLE('',#33,POSITIVE_LENGTH_MEASURE(2.E-2),#3);
#2235=PRESENTATION_STYLE_ASSIGNMENT((#2234));
#2236=STYLED_ITEM('',(#2235),#2233);
#2237=DIRECTION('',(0.E0,0.E0,1.E0));
#2238=VECTOR('',#2237,2.5E-1);
#2239=CARTESIAN_POINT('',(-6.25E-1,7.5E-2,-6.25E-1));
#2240=LINE('',#2239,#2238);
#2241=CURVE_STYLE('',#33,POSITIVE_LENGTH_MEASURE(2.E-2),#3);
#2242=PRESENTATION_STYLE_ASSIGNMENT((#2241));
#2243=STYLED_ITEM('',(#2242),#2240);
#2244=DIRECTION('',(0.E0,1.E0,0.E0));
#2245=VECTOR('',#2244,7.5E-2);
#2246=CARTESIAN_POINT('',(-6.25E-1,0.E0,-6.25E-1));
#2247=LINE('',#2246,#2245);
#2248=CURVE_STYLE('',#33,POSITIVE_LENGTH_MEASURE(2.E-2),#3);
#2249=PRESENTATION_STYLE_ASSIGNMENT((#2248));
#2250=STYLED_ITEM('',(#2249),#2247);
#2251=DIRECTION('',(0.E0,1.E0,0.E0));
#2252=VECTOR('',#2251,7.75E-1);
#2253=CARTESIAN_POINT('',(-6.25E-1,0.E0,-7.5E-1));
#2254=LINE('',#2253,#2252);
#2255=CURVE_STYLE('',#33,POSITIVE_LENGTH_MEASURE(2.E-2),#3);
#2256=PRESENTATION_STYLE_ASSIGNMENT((#2255));
#2257=STYLED_ITEM('',(#2256),#2254);
#2258=DIRECTION('',(0.E0,1.E0,0.E0));
#2259=VECTOR('',#2258,7.5E-2);
#2260=CARTESIAN_POINT('',(-6.25E-1,0.E0,6.25E-1));
#2261=LINE('',#2260,#2259);
#2262=CURVE_STYLE('',#33,POSITIVE_LENGTH_MEASURE(2.E-2),#3);
#2263=PRESENTATION_STYLE_ASSIGNMENT((#2262));
#2264=STYLED_ITEM('',(#2263),#2261);
#2265=DIRECTION('',(0.E0,0.E0,1.E0));
#2266=VECTOR('',#2265,2.5E-1);
#2267=CARTESIAN_POINT('',(-6.25E-1,7.5E-2,3.75E-1));
#2268=LINE('',#2267,#2266);
#2269=CURVE_STYLE('',#33,POSITIVE_LENGTH_MEASURE(2.E-2),#3);
#2270=PRESENTATION_STYLE_ASSIGNMENT((#2269));
#2271=STYLED_ITEM('',(#2270),#2268);
#2272=DIRECTION('',(0.E0,1.E0,0.E0));
#2273=VECTOR('',#2272,7.5E-2);
#2274=CARTESIAN_POINT('',(-6.25E-1,0.E0,3.75E-1));
#2275=LINE('',#2274,#2273);
#2276=CURVE_STYLE('',#33,POSITIVE_LENGTH_MEASURE(2.E-2),#3);
#2277=PRESENTATION_STYLE_ASSIGNMENT((#2276));
#2278=STYLED_ITEM('',(#2277),#2275);
#2279=DIRECTION('',(0.E0,-1.E0,0.E0));
#2280=VECTOR('',#2279,7.5E-2);
#2281=CARTESIAN_POINT('',(-1.25E-1,7.5E-2,2.5E-2));
#2282=LINE('',#2281,#2280);
#2283=CURVE_STYLE('',#33,POSITIVE_LENGTH_MEASURE(2.E-2),#3);
#2284=PRESENTATION_STYLE_ASSIGNMENT((#2283));
#2285=STYLED_ITEM('',(#2284),#2282);
#2286=DIRECTION('',(0.E0,1.E0,0.E0));
#2287=VECTOR('',#2286,7.5E-2);
#2288=CARTESIAN_POINT('',(-1.25E-1,0.E0,1.25E-1));
#2289=LINE('',#2288,#2287);
#2290=CURVE_STYLE('',#33,POSITIVE_LENGTH_MEASURE(2.E-2),#3);
#2291=PRESENTATION_STYLE_ASSIGNMENT((#2290));
#2292=STYLED_ITEM('',(#2291),#2289);
#2293=DIRECTION('',(0.E0,-1.E0,0.E0));
#2294=VECTOR('',#2293,7.5E-2);
#2295=CARTESIAN_POINT('',(-2.75E-1,7.5E-2,-1.25E-1));
#2296=LINE('',#2295,#2294);
#2297=CURVE_STYLE('',#33,POSITIVE_LENGTH_MEASURE(2.E-2),#3);
#2298=PRESENTATION_STYLE_ASSIGNMENT((#2297));
#2299=STYLED_ITEM('',(#2298),#2296);
#2300=DIRECTION('',(0.E0,1.E0,0.E0));
#2301=VECTOR('',#2300,7.5E-2);
#2302=CARTESIAN_POINT('',(-3.75E-1,0.E0,-3.75E-1));
#2303=LINE('',#2302,#2301);
#2304=CURVE_STYLE('',#33,POSITIVE_LENGTH_MEASURE(2.E-2),#3);
#2305=PRESENTATION_STYLE_ASSIGNMENT((#2304));
#2306=STYLED_ITEM('',(#2305),#2303);
#2307=DIRECTION('',(0.E0,1.E0,0.E0));
#2308=VECTOR('',#2307,7.5E-2);
#2309=CARTESIAN_POINT('',(-3.75E-1,0.E0,-6.25E-1));
#2310=LINE('',#2309,#2308);
#2311=CURVE_STYLE('',#33,POSITIVE_LENGTH_MEASURE(2.E-2),#3);
#2312=PRESENTATION_STYLE_ASSIGNMENT((#2311));
#2313=STYLED_ITEM('',(#2312),#2310);
#2314=DIRECTION('',(-1.E0,0.E0,0.E0));
#2315=VECTOR('',#2314,2.5E-1);
#2316=CARTESIAN_POINT('',(6.25E-1,7.5E-2,3.75E-1));
#2317=LINE('',#2316,#2315);
#2318=CURVE_STYLE('',#33,POSITIVE_LENGTH_MEASURE(2.E-2),#3);
#2319=PRESENTATION_STYLE_ASSIGNMENT((#2318));
#2320=STYLED_ITEM('',(#2319),#2317);
#2321=DIRECTION('',(0.E0,0.E0,1.E0));
#2322=VECTOR('',#2321,2.5E-1);
#2323=CARTESIAN_POINT('',(3.75E-1,7.5E-2,3.75E-1));
#2324=LINE('',#2323,#2322);
#2325=CURVE_STYLE('',#33,POSITIVE_LENGTH_MEASURE(2.E-2),#3);
#2326=PRESENTATION_STYLE_ASSIGNMENT((#2325));
#2327=STYLED_ITEM('',(#2326),#2324);
#2328=DIRECTION('',(1.E0,0.E0,0.E0));
#2329=VECTOR('',#2328,2.5E-1);
#2330=CARTESIAN_POINT('',(3.75E-1,7.5E-2,6.25E-1));
#2331=LINE('',#2330,#2329);
#2332=CURVE_STYLE('',#33,POSITIVE_LENGTH_MEASURE(2.E-2),#3);
#2333=PRESENTATION_STYLE_ASSIGNMENT((#2332));
#2334=STYLED_ITEM('',(#2333),#2331);
#2335=DIRECTION('',(-1.E0,0.E0,0.E0));
#2336=VECTOR('',#2335,2.5E-1);
#2337=CARTESIAN_POINT('',(6.25E-1,7.5E-2,-6.25E-1));
#2338=LINE('',#2337,#2336);
#2339=CURVE_STYLE('',#33,POSITIVE_LENGTH_MEASURE(2.E-2),#3);
#2340=PRESENTATION_STYLE_ASSIGNMENT((#2339));
#2341=STYLED_ITEM('',(#2340),#2338);
#2342=DIRECTION('',(0.E0,0.E0,1.E0));
#2343=VECTOR('',#2342,2.5E-1);
#2344=CARTESIAN_POINT('',(3.75E-1,7.5E-2,-6.25E-1));
#2345=LINE('',#2344,#2343);
#2346=CURVE_STYLE('',#33,POSITIVE_LENGTH_MEASURE(2.E-2),#3);
#2347=PRESENTATION_STYLE_ASSIGNMENT((#2346));
#2348=STYLED_ITEM('',(#2347),#2345);
#2349=DIRECTION('',(1.E0,0.E0,0.E0));
#2350=VECTOR('',#2349,2.5E-1);
#2351=CARTESIAN_POINT('',(3.75E-1,7.5E-2,-3.75E-1));
#2352=LINE('',#2351,#2350);
#2353=CURVE_STYLE('',#33,POSITIVE_LENGTH_MEASURE(2.E-2),#3);
#2354=PRESENTATION_STYLE_ASSIGNMENT((#2353));
#2355=STYLED_ITEM('',(#2354),#2352);
#2356=DIRECTION('',(1.E0,0.E0,0.E0));
#2357=VECTOR('',#2356,2.5E-1);
#2358=CARTESIAN_POINT('',(-6.25E-1,7.5E-2,6.25E-1));
#2359=LINE('',#2358,#2357);
#2360=CURVE_STYLE('',#33,POSITIVE_LENGTH_MEASURE(2.E-2),#3);
#2361=PRESENTATION_STYLE_ASSIGNMENT((#2360));
#2362=STYLED_ITEM('',(#2361),#2359);
#2363=DIRECTION('',(0.E0,0.E0,-1.E0));
#2364=VECTOR('',#2363,2.5E-1);
#2365=CARTESIAN_POINT('',(-3.75E-1,7.5E-2,6.25E-1));
#2366=LINE('',#2365,#2364);
#2367=CURVE_STYLE('',#33,POSITIVE_LENGTH_MEASURE(2.E-2),#3);
#2368=PRESENTATION_STYLE_ASSIGNMENT((#2367));
#2369=STYLED_ITEM('',(#2368),#2366);
#2370=DIRECTION('',(-1.E0,0.E0,0.E0));
#2371=VECTOR('',#2370,2.5E-1);
#2372=CARTESIAN_POINT('',(-3.75E-1,7.5E-2,3.75E-1));
#2373=LINE('',#2372,#2371);
#2374=CURVE_STYLE('',#33,POSITIVE_LENGTH_MEASURE(2.E-2),#3);
#2375=PRESENTATION_STYLE_ASSIGNMENT((#2374));
#2376=STYLED_ITEM('',(#2375),#2373);
#2377=DIRECTION('',(1.E0,0.E0,0.E0));
#2378=VECTOR('',#2377,2.5E-1);
#2379=CARTESIAN_POINT('',(-6.25E-1,7.5E-2,-3.75E-1));
#2380=LINE('',#2379,#2378);
#2381=CURVE_STYLE('',#33,POSITIVE_LENGTH_MEASURE(2.E-2),#3);
#2382=PRESENTATION_STYLE_ASSIGNMENT((#2381));
#2383=STYLED_ITEM('',(#2382),#2380);
#2384=DIRECTION('',(0.E0,0.E0,-1.E0));
#2385=VECTOR('',#2384,2.5E-1);
#2386=CARTESIAN_POINT('',(-3.75E-1,7.5E-2,-3.75E-1));
#2387=LINE('',#2386,#2385);
#2388=CURVE_STYLE('',#33,POSITIVE_LENGTH_MEASURE(2.E-2),#3);
#2389=PRESENTATION_STYLE_ASSIGNMENT((#2388));
#2390=STYLED_ITEM('',(#2389),#2387);
#2391=DIRECTION('',(-1.E0,0.E0,0.E0));
#2392=VECTOR('',#2391,2.5E-1);
#2393=CARTESIAN_POINT('',(-3.75E-1,7.5E-2,-6.25E-1));
#2394=LINE('',#2393,#2392);
#2395=CURVE_STYLE('',#33,POSITIVE_LENGTH_MEASURE(2.E-2),#3);
#2396=PRESENTATION_STYLE_ASSIGNMENT((#2395));
#2397=STYLED_ITEM('',(#2396),#2394);
#2398=DIRECTION('',(0.E0,1.E0,0.E0));
#2399=VECTOR('',#2398,7.5E-2);
#2400=CARTESIAN_POINT('',(3.75E-1,0.E0,3.75E-1));
#2401=LINE('',#2400,#2399);
#2402=CURVE_STYLE('',#33,POSITIVE_LENGTH_MEASURE(2.E-2),#3);
#2403=PRESENTATION_STYLE_ASSIGNMENT((#2402));
#2404=STYLED_ITEM('',(#2403),#2401);
#2405=DIRECTION('',(0.E0,1.E0,0.E0));
#2406=VECTOR('',#2405,7.5E-2);
#2407=CARTESIAN_POINT('',(3.75E-1,0.E0,6.25E-1));
#2408=LINE('',#2407,#2406);
#2409=CURVE_STYLE('',#33,POSITIVE_LENGTH_MEASURE(2.E-2),#3);
#2410=PRESENTATION_STYLE_ASSIGNMENT((#2409));
#2411=STYLED_ITEM('',(#2410),#2408);
#2412=DIRECTION('',(0.E0,1.E0,0.E0));
#2413=VECTOR('',#2412,7.5E-2);
#2414=CARTESIAN_POINT('',(3.75E-1,0.E0,-6.25E-1));
#2415=LINE('',#2414,#2413);
#2416=CURVE_STYLE('',#33,POSITIVE_LENGTH_MEASURE(2.E-2),#3);
#2417=PRESENTATION_STYLE_ASSIGNMENT((#2416));
#2418=STYLED_ITEM('',(#2417),#2415);
#2419=DIRECTION('',(0.E0,1.E0,0.E0));
#2420=VECTOR('',#2419,7.5E-2);
#2421=CARTESIAN_POINT('',(3.75E-1,0.E0,-3.75E-1));
#2422=LINE('',#2421,#2420);
#2423=CURVE_STYLE('',#33,POSITIVE_LENGTH_MEASURE(2.E-2),#3);
#2424=PRESENTATION_STYLE_ASSIGNMENT((#2423));
#2425=STYLED_ITEM('',(#2424),#2422);
#2426=DIRECTION('',(0.E0,1.E0,0.E0));
#2427=VECTOR('',#2426,7.5E-2);
#2428=CARTESIAN_POINT('',(-3.75E-1,0.E0,6.25E-1));
#2429=LINE('',#2428,#2427);
#2430=CURVE_STYLE('',#33,POSITIVE_LENGTH_MEASURE(2.E-2),#3);
#2431=PRESENTATION_STYLE_ASSIGNMENT((#2430));
#2432=STYLED_ITEM('',(#2431),#2429);
#2433=DIRECTION('',(0.E0,1.E0,0.E0));
#2434=VECTOR('',#2433,7.5E-2);
#2435=CARTESIAN_POINT('',(-3.75E-1,0.E0,3.75E-1));
#2436=LINE('',#2435,#2434);
#2437=CURVE_STYLE('',#33,POSITIVE_LENGTH_MEASURE(2.E-2),#3);
#2438=PRESENTATION_STYLE_ASSIGNMENT((#2437));
#2439=STYLED_ITEM('',(#2438),#2436);
#2440=DIRECTION('',(1.E0,0.E0,0.E0));
#2441=VECTOR('',#2440,1.25E0);
#2442=CARTESIAN_POINT('',(-6.25E-1,7.75E-1,7.5E-1));
#2443=LINE('',#2442,#2441);
#2444=CURVE_STYLE('',#33,POSITIVE_LENGTH_MEASURE(2.E-2),#3);
#2445=PRESENTATION_STYLE_ASSIGNMENT((#2444));
#2446=STYLED_ITEM('',(#2445),#2443);
#2447=DIRECTION('',(0.E0,0.E0,1.E0));
#2448=VECTOR('',#2447,1.5E0);
#2449=CARTESIAN_POINT('',(-6.25E-1,7.75E-1,-7.5E-1));
#2450=LINE('',#2449,#2448);
#2451=CURVE_STYLE('',#33,POSITIVE_LENGTH_MEASURE(2.E-2),#3);
#2452=PRESENTATION_STYLE_ASSIGNMENT((#2451));
#2453=STYLED_ITEM('',(#2452),#2450);
#2454=DIRECTION('',(-1.E0,0.E0,0.E0));
#2455=VECTOR('',#2454,1.25E0);
#2456=CARTESIAN_POINT('',(6.25E-1,7.75E-1,-7.5E-1));
#2457=LINE('',#2456,#2455);
#2458=CURVE_STYLE('',#33,POSITIVE_LENGTH_MEASURE(2.E-2),#3);
#2459=PRESENTATION_STYLE_ASSIGNMENT((#2458));
#2460=STYLED_ITEM('',(#2459),#2457);
#2461=DIRECTION('',(0.E0,0.E0,-1.E0));
#2462=VECTOR('',#2461,1.5E0);
#2463=CARTESIAN_POINT('',(6.25E-1,7.75E-1,7.5E-1));
#2464=LINE('',#2463,#2462);
#2465=CURVE_STYLE('',#33,POSITIVE_LENGTH_MEASURE(2.E-2),#3);
#2466=PRESENTATION_STYLE_ASSIGNMENT((#2465));
#2467=STYLED_ITEM('',(#2466),#2464);
#2468=DIRECTION('',(0.E0,1.E0,0.E0));
#2469=VECTOR('',#2468,7.75E-1);
#2470=CARTESIAN_POINT('',(-6.25E-1,0.E0,7.5E-1));
#2471=LINE('',#2470,#2469);
#2472=CURVE_STYLE('',#33,POSITIVE_LENGTH_MEASURE(2.E-2),#3);
#2473=PRESENTATION_STYLE_ASSIGNMENT((#2472));
#2474=STYLED_ITEM('',(#2473),#2471);
#2475=DIRECTION('',(0.E0,1.E0,0.E0));
#2476=VECTOR('',#2475,7.5E-2);
#2477=CARTESIAN_POINT('',(1.E-1,0.E0,7.5E-1));
#2478=LINE('',#2477,#2476);
#2479=CURVE_STYLE('',#33,POSITIVE_LENGTH_MEASURE(2.E-2),#3);
#2480=PRESENTATION_STYLE_ASSIGNMENT((#2479));
#2481=STYLED_ITEM('',(#2480),#2478);
#2482=DIRECTION('',(1.E0,0.E0,0.E0));
#2483=VECTOR('',#2482,2.E-1);
#2484=CARTESIAN_POINT('',(-1.E-1,7.5E-2,7.5E-1));
#2485=LINE('',#2484,#2483);
#2486=CURVE_STYLE('',#33,POSITIVE_LENGTH_MEASURE(2.E-2),#3);
#2487=PRESENTATION_STYLE_ASSIGNMENT((#2486));
#2488=STYLED_ITEM('',(#2487),#2485);
#2489=DIRECTION('',(0.E0,1.E0,0.E0));
#2490=VECTOR('',#2489,7.5E-2);
#2491=CARTESIAN_POINT('',(-1.E-1,0.E0,7.5E-1));
#2492=LINE('',#2491,#2490);
#2493=CURVE_STYLE('',#33,POSITIVE_LENGTH_MEASURE(2.E-2),#3);
#2494=PRESENTATION_STYLE_ASSIGNMENT((#2493));
#2495=STYLED_ITEM('',(#2494),#2492);
#2496=DIRECTION('',(0.E0,1.E0,0.E0));
#2497=VECTOR('',#2496,7.5E-2);
#2498=CARTESIAN_POINT('',(1.E-1,0.E0,3.75E-1));
#2499=LINE('',#2498,#2497);
#2500=CURVE_STYLE('',#33,POSITIVE_LENGTH_MEASURE(2.E-2),#3);
#2501=PRESENTATION_STYLE_ASSIGNMENT((#2500));
#2502=STYLED_ITEM('',(#2501),#2499);
#2503=DIRECTION('',(0.E0,1.E0,0.E0));
#2504=VECTOR('',#2503,7.5E-2);
#2505=CARTESIAN_POINT('',(-1.E-1,0.E0,3.75E-1));
#2506=LINE('',#2505,#2504);
#2507=CURVE_STYLE('',#33,POSITIVE_LENGTH_MEASURE(2.E-2),#3);
#2508=PRESENTATION_STYLE_ASSIGNMENT((#2507));
#2509=STYLED_ITEM('',(#2508),#2506);
#2510=DIRECTION('',(0.E0,0.E0,1.E0));
#2511=VECTOR('',#2510,3.75E-1);
#2512=CARTESIAN_POINT('',(1.E-1,7.5E-2,3.75E-1));
#2513=LINE('',#2512,#2511);
#2514=CURVE_STYLE('',#33,POSITIVE_LENGTH_MEASURE(2.E-2),#3);
#2515=PRESENTATION_STYLE_ASSIGNMENT((#2514));
#2516=STYLED_ITEM('',(#2515),#2513);
#2517=DIRECTION('',(1.E0,0.E0,0.E0));
#2518=VECTOR('',#2517,2.E-1);
#2519=CARTESIAN_POINT('',(-1.E-1,7.5E-2,3.75E-1));
#2520=LINE('',#2519,#2518);
#2521=CURVE_STYLE('',#33,POSITIVE_LENGTH_MEASURE(2.E-2),#3);
#2522=PRESENTATION_STYLE_ASSIGNMENT((#2521));
#2523=STYLED_ITEM('',(#2522),#2520);
#2524=DIRECTION('',(0.E0,0.E0,-1.E0));
#2525=VECTOR('',#2524,3.75E-1);
#2526=CARTESIAN_POINT('',(-1.E-1,7.5E-2,7.5E-1));
#2527=LINE('',#2526,#2525);
#2528=CURVE_STYLE('',#33,POSITIVE_LENGTH_MEASURE(2.E-2),#3);
#2529=PRESENTATION_STYLE_ASSIGNMENT((#2528));
#2530=STYLED_ITEM('',(#2529),#2527);
#2531=CARTESIAN_POINT('',(-6.25E-1,7.75E-1,7.5E-1));
#2532=CARTESIAN_POINT('',(6.25E-1,7.75E-1,7.5E-1));
#2533=VERTEX_POINT('',#2531);
#2534=VERTEX_POINT('',#2532);
#2535=CARTESIAN_POINT('',(6.25E-1,7.75E-1,-7.5E-1));
#2536=VERTEX_POINT('',#2535);
#2537=CARTESIAN_POINT('',(-6.25E-1,7.75E-1,-7.5E-1));
#2538=VERTEX_POINT('',#2537);
#2539=CARTESIAN_POINT('',(-6.25E-1,0.E0,7.5E-1));
#2540=VERTEX_POINT('',#2539);
#2541=CARTESIAN_POINT('',(6.25E-1,0.E0,7.5E-1));
#2542=VERTEX_POINT('',#2541);
#2543=CARTESIAN_POINT('',(6.25E-1,0.E0,-7.5E-1));
#2544=VERTEX_POINT('',#2543);
#2545=CARTESIAN_POINT('',(-6.25E-1,0.E0,-7.5E-1));
#2546=VERTEX_POINT('',#2545);
#2547=CARTESIAN_POINT('',(-1.E-1,7.5E-2,-3.75E-1));
#2548=CARTESIAN_POINT('',(1.E-1,7.5E-2,-3.75E-1));
#2549=VERTEX_POINT('',#2547);
#2550=VERTEX_POINT('',#2548);
#2551=CARTESIAN_POINT('',(1.25E-1,7.5E-2,-1.25E-1));
#2552=CARTESIAN_POINT('',(1.25E-1,7.5E-2,1.25E-1));
#2553=VERTEX_POINT('',#2551);
#2554=VERTEX_POINT('',#2552);
#2555=CARTESIAN_POINT('',(-1.25E-1,7.5E-2,2.5E-2));
#2556=CARTESIAN_POINT('',(-2.75E-1,7.5E-2,-1.25E-1));
#2557=VERTEX_POINT('',#2555);
#2558=VERTEX_POINT('',#2556);
#2559=CARTESIAN_POINT('',(-1.25E-1,7.5E-2,1.25E-1));
#2560=VERTEX_POINT('',#2559);
#2561=CARTESIAN_POINT('',(-1.E-1,0.E0,-3.75E-1));
#2562=CARTESIAN_POINT('',(1.E-1,0.E0,-3.75E-1));
#2563=VERTEX_POINT('',#2561);
#2564=VERTEX_POINT('',#2562);
#2565=CARTESIAN_POINT('',(1.E-1,0.E0,-7.5E-1));
#2566=VERTEX_POINT('',#2565);
#2567=CARTESIAN_POINT('',(-6.25E-1,0.E0,1.25E-1));
#2568=CARTESIAN_POINT('',(-1.25E-1,0.E0,1.25E-1));
#2569=VERTEX_POINT('',#2567);
#2570=VERTEX_POINT('',#2568);
#2571=CARTESIAN_POINT('',(-1.25E-1,0.E0,2.5E-2));
#2572=VERTEX_POINT('',#2571);
#2573=CARTESIAN_POINT('',(-6.25E-1,0.E0,-1.25E-1));
#2574=CARTESIAN_POINT('',(-2.75E-1,0.E0,-1.25E-1));
#2575=VERTEX_POINT('',#2573);
#2576=VERTEX_POINT('',#2574);
#2577=CARTESIAN_POINT('',(6.25E-1,0.E0,-1.25E-1));
#2578=CARTESIAN_POINT('',(1.25E-1,0.E0,-1.25E-1));
#2579=VERTEX_POINT('',#2577);
#2580=VERTEX_POINT('',#2578);
#2581=CARTESIAN_POINT('',(1.25E-1,0.E0,1.25E-1));
#2582=VERTEX_POINT('',#2581);
#2583=CARTESIAN_POINT('',(6.25E-1,0.E0,1.25E-1));
#2584=VERTEX_POINT('',#2583);
#2585=CARTESIAN_POINT('',(6.25E-1,7.5E-2,-1.25E-1));
#2586=VERTEX_POINT('',#2585);
#2587=CARTESIAN_POINT('',(6.25E-1,7.5E-2,1.25E-1));
#2588=VERTEX_POINT('',#2587);
#2589=CARTESIAN_POINT('',(-1.E-1,7.5E-2,-7.5E-1));
#2590=CARTESIAN_POINT('',(1.E-1,7.5E-2,-7.5E-1));
#2591=VERTEX_POINT('',#2589);
#2592=VERTEX_POINT('',#2590);
#2593=CARTESIAN_POINT('',(-6.25E-1,7.5E-2,1.25E-1));
#2594=VERTEX_POINT('',#2593);
#2595=CARTESIAN_POINT('',(-6.25E-1,7.5E-2,-1.25E-1));
#2596=VERTEX_POINT('',#2595);
#2597=CARTESIAN_POINT('',(-1.E-1,0.E0,7.5E-1));
#2598=VERTEX_POINT('',#2597);
#2599=CARTESIAN_POINT('',(1.E-1,0.E0,7.5E-1));
#2600=VERTEX_POINT('',#2599);
#2601=CARTESIAN_POINT('',(6.25E-1,0.E0,6.25E-1));
#2602=VERTEX_POINT('',#2601);
#2603=CARTESIAN_POINT('',(6.25E-1,0.E0,3.75E-1));
#2604=VERTEX_POINT('',#2603);
#2605=CARTESIAN_POINT('',(-1.E-1,0.E0,-7.5E-1));
#2606=VERTEX_POINT('',#2605);
#2607=CARTESIAN_POINT('',(-6.25E-1,0.E0,-6.25E-1));
#2608=VERTEX_POINT('',#2607);
#2609=CARTESIAN_POINT('',(-6.25E-1,0.E0,-3.75E-1));
#2610=VERTEX_POINT('',#2609);
#2611=CARTESIAN_POINT('',(-1.E-1,7.5E-2,3.75E-1));
#2612=CARTESIAN_POINT('',(1.E-1,7.5E-2,3.75E-1));
#2613=VERTEX_POINT('',#2611);
#2614=VERTEX_POINT('',#2612);
#2615=CARTESIAN_POINT('',(-3.75E-1,7.5E-2,-3.75E-1));
#2616=CARTESIAN_POINT('',(-3.75E-1,7.5E-2,-6.25E-1));
#2617=VERTEX_POINT('',#2615);
#2618=VERTEX_POINT('',#2616);
#2619=CARTESIAN_POINT('',(-3.75E-1,7.5E-2,6.25E-1));
#2620=CARTESIAN_POINT('',(-3.75E-1,7.5E-2,3.75E-1));
#2621=VERTEX_POINT('',#2619);
#2622=VERTEX_POINT('',#2620);
#2623=CARTESIAN_POINT('',(3.75E-1,7.5E-2,-6.25E-1));
#2624=CARTESIAN_POINT('',(3.75E-1,7.5E-2,-3.75E-1));
#2625=VERTEX_POINT('',#2623);
#2626=VERTEX_POINT('',#2624);
#2627=CARTESIAN_POINT('',(3.75E-1,7.5E-2,3.75E-1));
#2628=CARTESIAN_POINT('',(3.75E-1,7.5E-2,6.25E-1));
#2629=VERTEX_POINT('',#2627);
#2630=VERTEX_POINT('',#2628);
#2631=CARTESIAN_POINT('',(-1.E-1,0.E0,3.75E-1));
#2632=VERTEX_POINT('',#2631);
#2633=CARTESIAN_POINT('',(1.E-1,0.E0,3.75E-1));
#2634=VERTEX_POINT('',#2633);
#2635=CARTESIAN_POINT('',(-3.75E-1,0.E0,-3.75E-1));
#2636=VERTEX_POINT('',#2635);
#2637=CARTESIAN_POINT('',(-3.75E-1,0.E0,-6.25E-1));
#2638=VERTEX_POINT('',#2637);
#2639=CARTESIAN_POINT('',(-3.75E-1,0.E0,6.25E-1));
#2640=CARTESIAN_POINT('',(-3.75E-1,0.E0,3.75E-1));
#2641=VERTEX_POINT('',#2639);
#2642=VERTEX_POINT('',#2640);
#2643=CARTESIAN_POINT('',(-6.25E-1,0.E0,3.75E-1));
#2644=VERTEX_POINT('',#2643);
#2645=CARTESIAN_POINT('',(3.75E-1,0.E0,-6.25E-1));
#2646=CARTESIAN_POINT('',(3.75E-1,0.E0,-3.75E-1));
#2647=VERTEX_POINT('',#2645);
#2648=VERTEX_POINT('',#2646);
#2649=CARTESIAN_POINT('',(6.25E-1,0.E0,-3.75E-1));
#2650=VERTEX_POINT('',#2649);
#2651=CARTESIAN_POINT('',(3.75E-1,0.E0,3.75E-1));
#2652=VERTEX_POINT('',#2651);
#2653=CARTESIAN_POINT('',(3.75E-1,0.E0,6.25E-1));
#2654=VERTEX_POINT('',#2653);
#2655=CARTESIAN_POINT('',(-1.E-1,7.5E-2,7.5E-1));
#2656=CARTESIAN_POINT('',(1.E-1,7.5E-2,7.5E-1));
#2657=VERTEX_POINT('',#2655);
#2658=VERTEX_POINT('',#2656);
#2659=CARTESIAN_POINT('',(6.25E-1,7.5E-2,-3.75E-1));
#2660=VERTEX_POINT('',#2659);
#2661=CARTESIAN_POINT('',(6.25E-1,7.5E-2,3.75E-1));
#2662=VERTEX_POINT('',#2661);
#2663=CARTESIAN_POINT('',(6.25E-1,7.5E-2,6.25E-1));
#2664=VERTEX_POINT('',#2663);
#2665=CARTESIAN_POINT('',(6.25E-1,7.5E-2,-6.25E-1));
#2666=VERTEX_POINT('',#2665);
#2667=CARTESIAN_POINT('',(-6.25E-1,7.5E-2,-3.75E-1));
#2668=VERTEX_POINT('',#2667);
#2669=CARTESIAN_POINT('',(-6.25E-1,7.5E-2,3.75E-1));
#2670=VERTEX_POINT('',#2669);
#2671=CARTESIAN_POINT('',(-6.25E-1,7.5E-2,6.25E-1));
#2672=VERTEX_POINT('',#2671);
#2673=CARTESIAN_POINT('',(-6.25E-1,7.5E-2,-6.25E-1));
#2674=VERTEX_POINT('',#2673);
#2675=CARTESIAN_POINT('',(-6.25E-1,0.E0,6.25E-1));
#2676=VERTEX_POINT('',#2675);
#2677=CARTESIAN_POINT('',(6.25E-1,0.E0,-6.25E-1));
#2678=VERTEX_POINT('',#2677);
#2679=CARTESIAN_POINT('',(0.E0,0.E0,0.E0));
#2680=DIRECTION('',(0.E0,1.E0,0.E0));
#2681=DIRECTION('',(1.E0,0.E0,0.E0));
#2682=AXIS2_PLACEMENT_3D('',#2679,#2680,#2681);
#2683=PLANE('',#2682);
#2685=ORIENTED_EDGE('',*,*,#2684,.F.);
#2687=ORIENTED_EDGE('',*,*,#2686,.F.);
#2689=ORIENTED_EDGE('',*,*,#2688,.T.);
#2691=ORIENTED_EDGE('',*,*,#2690,.T.);
#2693=ORIENTED_EDGE('',*,*,#2692,.T.);
#2695=ORIENTED_EDGE('',*,*,#2694,.T.);
#2697=ORIENTED_EDGE('',*,*,#2696,.F.);
#2699=ORIENTED_EDGE('',*,*,#2698,.T.);
#2701=ORIENTED_EDGE('',*,*,#2700,.T.);
#2703=ORIENTED_EDGE('',*,*,#2702,.T.);
#2705=ORIENTED_EDGE('',*,*,#2704,.F.);
#2707=ORIENTED_EDGE('',*,*,#2706,.F.);
#2709=ORIENTED_EDGE('',*,*,#2708,.T.);
#2711=ORIENTED_EDGE('',*,*,#2710,.T.);
#2713=ORIENTED_EDGE('',*,*,#2712,.F.);
#2715=ORIENTED_EDGE('',*,*,#2714,.F.);
#2717=ORIENTED_EDGE('',*,*,#2716,.T.);
#2719=ORIENTED_EDGE('',*,*,#2718,.T.);
#2721=ORIENTED_EDGE('',*,*,#2720,.T.);
#2723=ORIENTED_EDGE('',*,*,#2722,.T.);
#2725=ORIENTED_EDGE('',*,*,#2724,.F.);
#2727=ORIENTED_EDGE('',*,*,#2726,.T.);
#2729=ORIENTED_EDGE('',*,*,#2728,.T.);
#2731=ORIENTED_EDGE('',*,*,#2730,.T.);
#2733=ORIENTED_EDGE('',*,*,#2732,.T.);
#2735=ORIENTED_EDGE('',*,*,#2734,.F.);
#2737=ORIENTED_EDGE('',*,*,#2736,.T.);
#2739=ORIENTED_EDGE('',*,*,#2738,.T.);
#2741=ORIENTED_EDGE('',*,*,#2740,.F.);
#2743=ORIENTED_EDGE('',*,*,#2742,.F.);
#2745=ORIENTED_EDGE('',*,*,#2744,.T.);
#2747=ORIENTED_EDGE('',*,*,#2746,.T.);
#2749=ORIENTED_EDGE('',*,*,#2748,.F.);
#2751=ORIENTED_EDGE('',*,*,#2750,.F.);
#2753=ORIENTED_EDGE('',*,*,#2752,.T.);
#2755=ORIENTED_EDGE('',*,*,#2754,.T.);
#2757=ORIENTED_EDGE('',*,*,#2756,.T.);
#2758=EDGE_LOOP('',(#2685,#2687,#2689,#2691,#2693,#2695,#2697,#2699,#2701,#2703,
#2705,#2707,#2709,#2711,#2713,#2715,#2717,#2719,#2721,#2723,#2725,#2727,#2729,
#2731,#2733,#2735,#2737,#2739,#2741,#2743,#2745,#2747,#2749,#2751,#2753,#2755,
#2757));
#2759=FACE_OUTER_BOUND('',#2758,.F.);
#2761=CARTESIAN_POINT('',(-1.E-1,-2.5E-2,-3.75E-1));
#2762=DIRECTION('',(0.E0,0.E0,1.E0));
#2763=DIRECTION('',(1.E0,0.E0,0.E0));
#2764=AXIS2_PLACEMENT_3D('',#2761,#2762,#2763);
#2765=PLANE('',#2764);
#2766=ORIENTED_EDGE('',*,*,#2684,.T.);
#2768=ORIENTED_EDGE('',*,*,#2767,.T.);
#2770=ORIENTED_EDGE('',*,*,#2769,.F.);
#2772=ORIENTED_EDGE('',*,*,#2771,.F.);
#2773=EDGE_LOOP('',(#2766,#2768,#2770,#2772));
#2774=FACE_OUTER_BOUND('',#2773,.F.);
#2776=CARTESIAN_POINT('',(1.E-1,-2.5E-2,-3.75E-1));
#2777=DIRECTION('',(1.E0,0.E0,0.E0));
#2778=DIRECTION('',(0.E0,0.E0,-1.E0));
#2779=AXIS2_PLACEMENT_3D('',#2776,#2777,#2778);
#2780=PLANE('',#2779);
#2781=ORIENTED_EDGE('',*,*,#2756,.F.);
#2783=ORIENTED_EDGE('',*,*,#2782,.T.);
#2785=ORIENTED_EDGE('',*,*,#2784,.F.);
#2786=ORIENTED_EDGE('',*,*,#2767,.F.);
#2787=EDGE_LOOP('',(#2781,#2783,#2785,#2786));
#2788=FACE_OUTER_BOUND('',#2787,.F.);
#2790=CARTESIAN_POINT('',(6.25E-1,0.E0,-7.5E-1));
#2791=DIRECTION('',(0.E0,0.E0,-1.E0));
#2792=DIRECTION('',(-1.E0,0.E0,0.E0));
#2793=AXIS2_PLACEMENT_3D('',#2790,#2791,#2792);
#2794=PLANE('',#2793);
#2796=ORIENTED_EDGE('',*,*,#2795,.T.);
#2797=ORIENTED_EDGE('',*,*,#2782,.F.);
#2798=ORIENTED_EDGE('',*,*,#2754,.F.);
#2800=ORIENTED_EDGE('',*,*,#2799,.T.);
#2802=ORIENTED_EDGE('',*,*,#2801,.T.);
#2804=ORIENTED_EDGE('',*,*,#2803,.F.);
#2805=ORIENTED_EDGE('',*,*,#2688,.F.);
#2807=ORIENTED_EDGE('',*,*,#2806,.T.);
#2808=EDGE_LOOP('',(#2796,#2797,#2798,#2800,#2802,#2804,#2805,#2807));
#2809=FACE_OUTER_BOUND('',#2808,.F.);
#2811=CARTESIAN_POINT('',(0.E0,7.5E-2,0.E0));
#2812=DIRECTION('',(0.E0,1.E0,0.E0));
#2813=DIRECTION('',(1.E0,0.E0,0.E0));
#2814=AXIS2_PLACEMENT_3D('',#2811,#2812,#2813);
#2815=PLANE('',#2814);
#2816=ORIENTED_EDGE('',*,*,#2795,.F.);
#2818=ORIENTED_EDGE('',*,*,#2817,.T.);
#2819=ORIENTED_EDGE('',*,*,#2769,.T.);
#2820=ORIENTED_EDGE('',*,*,#2784,.T.);
#2821=EDGE_LOOP('',(#2816,#2818,#2819,#2820));
#2822=FACE_OUTER_BOUND('',#2821,.F.);
#2824=CARTESIAN_POINT('',(-1.E-1,-2.5E-2,-7.5E-1));
#2825=DIRECTION('',(-1.E0,0.E0,0.E0));
#2826=DIRECTION('',(0.E0,0.E0,1.E0));
#2827=AXIS2_PLACEMENT_3D('',#2824,#2825,#2826);
#2828=PLANE('',#2827);
#2829=ORIENTED_EDGE('',*,*,#2686,.T.);
#2830=ORIENTED_EDGE('',*,*,#2771,.T.);
#2831=ORIENTED_EDGE('',*,*,#2817,.F.);
#2832=ORIENTED_EDGE('',*,*,#2806,.F.);
#2833=EDGE_LOOP('',(#2829,#2830,#2831,#2832));
#2834=FACE_OUTER_BOUND('',#2833,.F.);
#2836=FILL_AREA_STYLE_COLOUR('',#20);
#2837=FILL_AREA_STYLE('',(#2836));
#2838=SURFACE_STYLE_FILL_AREA(#2837);
#2839=SURFACE_SIDE_STYLE('',(#2838));
#2840=SURFACE_STYLE_USAGE(.POSITIVE.,#2839);
#2841=FILL_AREA_STYLE_COLOUR('',#3);
#2842=FILL_AREA_STYLE('',(#2841));
#2843=SURFACE_STYLE_FILL_AREA(#2842);
#2844=SURFACE_SIDE_STYLE('',(#2843));
#2845=SURFACE_STYLE_USAGE(.NEGATIVE.,#2844);
#2846=PRESENTATION_STYLE_ASSIGNMENT((#2840,#2845));
#2847=OVER_RIDING_STYLED_ITEM('',(#2846),#2835,#1753);
#2848=CARTESIAN_POINT('',(6.25E-1,0.E0,7.5E-1));
#2849=DIRECTION('',(1.E0,0.E0,0.E0));
#2850=DIRECTION('',(0.E0,0.E0,-1.E0));
#2851=AXIS2_PLACEMENT_3D('',#2848,#2849,#2850);
#2852=PLANE('',#2851);
#2854=ORIENTED_EDGE('',*,*,#2853,.T.);
#2856=ORIENTED_EDGE('',*,*,#2855,.F.);
#2858=ORIENTED_EDGE('',*,*,#2857,.F.);
#2859=ORIENTED_EDGE('',*,*,#2736,.F.);
#2861=ORIENTED_EDGE('',*,*,#2860,.T.);
#2863=ORIENTED_EDGE('',*,*,#2862,.F.);
#2865=ORIENTED_EDGE('',*,*,#2864,.F.);
#2866=ORIENTED_EDGE('',*,*,#2728,.F.);
#2868=ORIENTED_EDGE('',*,*,#2867,.T.);
#2870=ORIENTED_EDGE('',*,*,#2869,.T.);
#2871=ORIENTED_EDGE('',*,*,#2799,.F.);
#2872=ORIENTED_EDGE('',*,*,#2752,.F.);
#2874=ORIENTED_EDGE('',*,*,#2873,.T.);
#2876=ORIENTED_EDGE('',*,*,#2875,.F.);
#2878=ORIENTED_EDGE('',*,*,#2877,.F.);
#2879=ORIENTED_EDGE('',*,*,#2744,.F.);
#2880=EDGE_LOOP('',(#2854,#2856,#2858,#2859,#2861,#2863,#2865,#2866,#2868,#2870,
#2871,#2872,#2874,#2876,#2878,#2879));
#2881=FACE_OUTER_BOUND('',#2880,.F.);
#2883=CARTESIAN_POINT('',(6.25E-1,-2.5E-2,-1.25E-1));
#2884=DIRECTION('',(0.E0,0.E0,-1.E0));
#2885=DIRECTION('',(-1.E0,0.E0,0.E0));
#2886=AXIS2_PLACEMENT_3D('',#2883,#2884,#2885);
#2887=PLANE('',#2886);
#2888=ORIENTED_EDGE('',*,*,#2742,.T.);
#2890=ORIENTED_EDGE('',*,*,#2889,.T.);
#2892=ORIENTED_EDGE('',*,*,#2891,.F.);
#2893=ORIENTED_EDGE('',*,*,#2853,.F.);
#2894=EDGE_LOOP('',(#2888,#2890,#2892,#2893));
#2895=FACE_OUTER_BOUND('',#2894,.F.);
#2897=CARTESIAN_POINT('',(1.25E-1,-2.5E-2,-1.25E-1));
#2898=DIRECTION('',(-1.E0,0.E0,0.E0));
#2899=DIRECTION('',(0.E0,0.E0,1.E0));
#2900=AXIS2_PLACEMENT_3D('',#2897,#2898,#2899);
#2901=PLANE('',#2900);
#2902=ORIENTED_EDGE('',*,*,#2740,.T.);
#2904=ORIENTED_EDGE('',*,*,#2903,.T.);
#2906=ORIENTED_EDGE('',*,*,#2905,.F.);
#2907=ORIENTED_EDGE('',*,*,#2889,.F.);
#2908=EDGE_LOOP('',(#2902,#2904,#2906,#2907));
#2909=FACE_OUTER_BOUND('',#2908,.F.);
#2911=CARTESIAN_POINT('',(1.25E-1,-2.5E-2,1.25E-1));
#2912=DIRECTION('',(0.E0,0.E0,1.E0));
#2913=DIRECTION('',(1.E0,0.E0,0.E0));
#2914=AXIS2_PLACEMENT_3D('',#2911,#2912,#2913);
#2915=PLANE('',#2914);
#2916=ORIENTED_EDGE('',*,*,#2738,.F.);
#2917=ORIENTED_EDGE('',*,*,#2857,.T.);
#2919=ORIENTED_EDGE('',*,*,#2918,.F.);
#2920=ORIENTED_EDGE('',*,*,#2903,.F.);
#2921=EDGE_LOOP('',(#2916,#2917,#2919,#2920));
#2922=FACE_OUTER_BOUND('',#2921,.F.);
#2924=CARTESIAN_POINT('',(0.E0,7.5E-2,0.E0));
#2925=DIRECTION('',(0.E0,1.E0,0.E0));
#2926=DIRECTION('',(1.E0,0.E0,0.E0));
#2927=AXIS2_PLACEMENT_3D('',#2924,#2925,#2926);
#2928=PLANE('',#2927);
#2929=ORIENTED_EDGE('',*,*,#2855,.T.);
#2930=ORIENTED_EDGE('',*,*,#2891,.T.);
#2931=ORIENTED_EDGE('',*,*,#2905,.T.);
#2932=ORIENTED_EDGE('',*,*,#2918,.T.);
#2933=EDGE_LOOP('',(#2929,#2930,#2931,#2932));
#2934=FACE_OUTER_BOUND('',#2933,.F.);
#2936=CARTESIAN_POINT('',(0.E0,7.5E-2,0.E0));
#2937=DIRECTION('',(0.E0,1.E0,0.E0));
#2938=DIRECTION('',(1.E0,0.E0,0.E0));
#2939=AXIS2_PLACEMENT_3D('',#2936,#2937,#2938);
#2940=PLANE('',#2939);
#2942=ORIENTED_EDGE('',*,*,#2941,.F.);
#2944=ORIENTED_EDGE('',*,*,#2943,.T.);
#2946=ORIENTED_EDGE('',*,*,#2945,.T.);
#2948=ORIENTED_EDGE('',*,*,#2947,.T.);
#2950=ORIENTED_EDGE('',*,*,#2949,.T.);
#2951=EDGE_LOOP('',(#2942,#2944,#2946,#2948,#2950));
#2952=FACE_OUTER_BOUND('',#2951,.F.);
#2954=CARTESIAN_POINT('',(-6.25E-1,0.E0,-7.5E-1));
#2955=DIRECTION('',(-1.E0,0.E0,0.E0));
#2956=DIRECTION('',(0.E0,0.E0,1.E0));
#2957=AXIS2_PLACEMENT_3D('',#2954,#2955,#2956);
#2958=PLANE('',#2957);
#2960=ORIENTED_EDGE('',*,*,#2959,.T.);
#2961=ORIENTED_EDGE('',*,*,#2941,.T.);
#2963=ORIENTED_EDGE('',*,*,#2962,.F.);
#2964=ORIENTED_EDGE('',*,*,#2698,.F.);
#2966=ORIENTED_EDGE('',*,*,#2965,.T.);
#2968=ORIENTED_EDGE('',*,*,#2967,.F.);
#2970=ORIENTED_EDGE('',*,*,#2969,.F.);
#2971=ORIENTED_EDGE('',*,*,#2690,.F.);
#2972=ORIENTED_EDGE('',*,*,#2803,.T.);
#2974=ORIENTED_EDGE('',*,*,#2973,.T.);
#2976=ORIENTED_EDGE('',*,*,#2975,.F.);
#2977=ORIENTED_EDGE('',*,*,#2716,.F.);
#2979=ORIENTED_EDGE('',*,*,#2978,.T.);
#2981=ORIENTED_EDGE('',*,*,#2980,.F.);
#2983=ORIENTED_EDGE('',*,*,#2982,.F.);
#2984=ORIENTED_EDGE('',*,*,#2708,.F.);
#2985=EDGE_LOOP('',(#2960,#2961,#2963,#2964,#2966,#2968,#2970,#2971,#2972,#2974,
#2976,#2977,#2979,#2981,#2983,#2984));
#2986=FACE_OUTER_BOUND('',#2985,.F.);
#2988=CARTESIAN_POINT('',(-6.25E-1,-2.5E-2,1.25E-1));
#2989=DIRECTION('',(0.E0,0.E0,1.E0));
#2990=DIRECTION('',(1.E0,0.E0,0.E0));
#2991=AXIS2_PLACEMENT_3D('',#2988,#2989,#2990);
#2992=PLANE('',#2991);
#2993=ORIENTED_EDGE('',*,*,#2706,.T.);
#2995=ORIENTED_EDGE('',*,*,#2994,.T.);
#2996=ORIENTED_EDGE('',*,*,#2943,.F.);
#2997=ORIENTED_EDGE('',*,*,#2959,.F.);
#2998=EDGE_LOOP('',(#2993,#2995,#2996,#2997));
#2999=FACE_OUTER_BOUND('',#2998,.F.);
#3001=CARTESIAN_POINT('',(-1.25E-1,-2.5E-2,1.25E-1));
#3002=DIRECTION('',(1.E0,0.E0,0.E0));
#3003=DIRECTION('',(0.E0,0.E0,-1.E0));
#3004=AXIS2_PLACEMENT_3D('',#3001,#3002,#3003);
#3005=PLANE('',#3004);
#3006=ORIENTED_EDGE('',*,*,#2704,.T.);
#3008=ORIENTED_EDGE('',*,*,#3007,.F.);
#3009=ORIENTED_EDGE('',*,*,#2945,.F.);
#3010=ORIENTED_EDGE('',*,*,#2994,.F.);
#3011=EDGE_LOOP('',(#3006,#3008,#3009,#3010));
#3012=FACE_OUTER_BOUND('',#3011,.F.);
#3014=CARTESIAN_POINT('',(-2.E-1,2.5E-2,-5.E-2));
#3015=DIRECTION('',(7.071067811865E-1,0.E0,-7.071067811865E-1));
#3016=DIRECTION('',(7.071067811865E-1,0.E0,7.071067811865E-1));
#3017=AXIS2_PLACEMENT_3D('',#3014,#3015,#3016);
#3018=PLANE('',#3017);
#3019=ORIENTED_EDGE('',*,*,#2702,.F.);
#3021=ORIENTED_EDGE('',*,*,#3020,.F.);
#3022=ORIENTED_EDGE('',*,*,#2947,.F.);
#3023=ORIENTED_EDGE('',*,*,#3007,.T.);
#3024=EDGE_LOOP('',(#3019,#3021,#3022,#3023));
#3025=FACE_OUTER_BOUND('',#3024,.F.);
#3027=CARTESIAN_POINT('',(-1.25E-1,-2.5E-2,-1.25E-1));
#3028=DIRECTION('',(0.E0,0.E0,-1.E0));
#3029=DIRECTION('',(-1.E0,0.E0,0.E0));
#3030=AXIS2_PLACEMENT_3D('',#3027,#3028,#3029);
#3031=PLANE('',#3030);
#3032=ORIENTED_EDGE('',*,*,#2700,.F.);
#3033=ORIENTED_EDGE('',*,*,#2962,.T.);
#3034=ORIENTED_EDGE('',*,*,#2949,.F.);
#3035=ORIENTED_EDGE('',*,*,#3020,.T.);
#3036=EDGE_LOOP('',(#3032,#3033,#3034,#3035));
#3037=FACE_OUTER_BOUND('',#3036,.F.);
#3039=CARTESIAN_POINT('',(-6.25E-1,-2.5E-2,-3.75E-1));
#3040=DIRECTION('',(0.E0,0.E0,1.E0));
#3041=DIRECTION('',(1.E0,0.E0,0.E0));
#3042=AXIS2_PLACEMENT_3D('',#3039,#3040,#3041);
#3043=PLANE('',#3042);
#3044=ORIENTED_EDGE('',*,*,#2696,.T.);
#3046=ORIENTED_EDGE('',*,*,#3045,.T.);
#3048=ORIENTED_EDGE('',*,*,#3047,.F.);
#3049=ORIENTED_EDGE('',*,*,#2965,.F.);
#3050=EDGE_LOOP('',(#3044,#3046,#3048,#3049));
#3051=FACE_OUTER_BOUND('',#3050,.F.);
#3053=CARTESIAN_POINT('',(-3.75E-1,-2.5E-2,-3.75E-1));
#3054=DIRECTION('',(1.E0,0.E0,0.E0));
#3055=DIRECTION('',(0.E0,0.E0,-1.E0));
#3056=AXIS2_PLACEMENT_3D('',#3053,#3054,#3055);
#3057=PLANE('',#3056);
#3058=ORIENTED_EDGE('',*,*,#2694,.F.);
#3060=ORIENTED_EDGE('',*,*,#3059,.T.);
#3062=ORIENTED_EDGE('',*,*,#3061,.F.);
#3063=ORIENTED_EDGE('',*,*,#3045,.F.);
#3064=EDGE_LOOP('',(#3058,#3060,#3062,#3063));
#3065=FACE_OUTER_BOUND('',#3064,.F.);
#3067=CARTESIAN_POINT('',(-3.75E-1,-2.5E-2,-6.25E-1));
#3068=DIRECTION('',(0.E0,0.E0,-1.E0));
#3069=DIRECTION('',(-1.E0,0.E0,0.E0));
#3070=AXIS2_PLACEMENT_3D('',#3067,#3068,#3069);
#3071=PLANE('',#3070);
#3072=ORIENTED_EDGE('',*,*,#2692,.F.);
#3073=ORIENTED_EDGE('',*,*,#2969,.T.);
#3075=ORIENTED_EDGE('',*,*,#3074,.F.);
#3076=ORIENTED_EDGE('',*,*,#3059,.F.);
#3077=EDGE_LOOP('',(#3072,#3073,#3075,#3076));
#3078=FACE_OUTER_BOUND('',#3077,.F.);
#3080=CARTESIAN_POINT('',(0.E0,7.5E-2,0.E0));
#3081=DIRECTION('',(0.E0,1.E0,0.E0));
#3082=DIRECTION('',(1.E0,0.E0,0.E0));
#3083=AXIS2_PLACEMENT_3D('',#3080,#3081,#3082);
#3084=PLANE('',#3083);
#3085=ORIENTED_EDGE('',*,*,#2862,.T.);
#3087=ORIENTED_EDGE('',*,*,#3086,.T.);
#3089=ORIENTED_EDGE('',*,*,#3088,.T.);
#3091=ORIENTED_EDGE('',*,*,#3090,.T.);
#3092=EDGE_LOOP('',(#3085,#3087,#3089,#3091));
#3093=FACE_OUTER_BOUND('',#3092,.F.);
#3095=CARTESIAN_POINT('',(0.E0,7.5E-2,0.E0));
#3096=DIRECTION('',(0.E0,1.E0,0.E0));
#3097=DIRECTION('',(1.E0,0.E0,0.E0));
#3098=AXIS2_PLACEMENT_3D('',#3095,#3096,#3097);
#3099=PLANE('',#3098);
#3100=ORIENTED_EDGE('',*,*,#2875,.T.);
#3102=ORIENTED_EDGE('',*,*,#3101,.T.);
#3104=ORIENTED_EDGE('',*,*,#3103,.T.);
#3106=ORIENTED_EDGE('',*,*,#3105,.T.);
#3107=EDGE_LOOP('',(#3100,#3102,#3104,#3106));
#3108=FACE_OUTER_BOUND('',#3107,.F.);
#3110=CARTESIAN_POINT('',(0.E0,7.5E-2,0.E0));
#3111=DIRECTION('',(0.E0,1.E0,0.E0));
#3112=DIRECTION('',(1.E0,0.E0,0.E0));
#3113=AXIS2_PLACEMENT_3D('',#3110,#3111,#3112);
#3114=PLANE('',#3113);
#3115=ORIENTED_EDGE('',*,*,#2980,.T.);
#3117=ORIENTED_EDGE('',*,*,#3116,.T.);
#3119=ORIENTED_EDGE('',*,*,#3118,.T.);
#3121=ORIENTED_EDGE('',*,*,#3120,.T.);
#3122=EDGE_LOOP('',(#3115,#3117,#3119,#3121));
#3123=FACE_OUTER_BOUND('',#3122,.F.);
#3125=CARTESIAN_POINT('',(0.E0,7.5E-2,0.E0));
#3126=DIRECTION('',(0.E0,1.E0,0.E0));
#3127=DIRECTION('',(1.E0,0.E0,0.E0));
#3128=AXIS2_PLACEMENT_3D('',#3125,#3126,#3127);
#3129=PLANE('',#3128);
#3130=ORIENTED_EDGE('',*,*,#2967,.T.);
#3131=ORIENTED_EDGE('',*,*,#3047,.T.);
#3132=ORIENTED_EDGE('',*,*,#3061,.T.);
#3133=ORIENTED_EDGE('',*,*,#3074,.T.);
#3134=EDGE_LOOP('',(#3130,#3131,#3132,#3133));
#3135=FACE_OUTER_BOUND('',#3134,.F.);
#3137=CARTESIAN_POINT('',(6.25E-1,-2.5E-2,3.75E-1));
#3138=DIRECTION('',(0.E0,0.E0,-1.E0));
#3139=DIRECTION('',(-1.E0,0.E0,0.E0));
#3140=AXIS2_PLACEMENT_3D('',#3137,#3138,#3139);
#3141=PLANE('',#3140);
#3142=ORIENTED_EDGE('',*,*,#2734,.T.);
#3144=ORIENTED_EDGE('',*,*,#3143,.T.);
#3145=ORIENTED_EDGE('',*,*,#3086,.F.);
#3146=ORIENTED_EDGE('',*,*,#2860,.F.);
#3147=EDGE_LOOP('',(#3142,#3144,#3145,#3146));
#3148=FACE_OUTER_BOUND('',#3147,.F.);
#3150=CARTESIAN_POINT('',(3.75E-1,-2.5E-2,3.75E-1));
#3151=DIRECTION('',(-1.E0,0.E0,0.E0));
#3152=DIRECTION('',(0.E0,0.E0,1.E0));
#3153=AXIS2_PLACEMENT_3D('',#3150,#3151,#3152);
#3154=PLANE('',#3153);
#3155=ORIENTED_EDGE('',*,*,#2732,.F.);
#3157=ORIENTED_EDGE('',*,*,#3156,.T.);
#3158=ORIENTED_EDGE('',*,*,#3088,.F.);
#3159=ORIENTED_EDGE('',*,*,#3143,.F.);
#3160=EDGE_LOOP('',(#3155,#3157,#3158,#3159));
#3161=FACE_OUTER_BOUND('',#3160,.F.);
#3163=CARTESIAN_POINT('',(3.75E-1,-2.5E-2,6.25E-1));
#3164=DIRECTION('',(0.E0,0.E0,1.E0));
#3165=DIRECTION('',(1.E0,0.E0,0.E0));
#3166=AXIS2_PLACEMENT_3D('',#3163,#3164,#3165);
#3167=PLANE('',#3166);
#3168=ORIENTED_EDGE('',*,*,#2730,.F.);
#3169=ORIENTED_EDGE('',*,*,#2864,.T.);
#3170=ORIENTED_EDGE('',*,*,#3090,.F.);
#3171=ORIENTED_EDGE('',*,*,#3156,.F.);
#3172=EDGE_LOOP('',(#3168,#3169,#3170,#3171));
#3173=FACE_OUTER_BOUND('',#3172,.F.);
#3175=CARTESIAN_POINT('',(6.25E-1,-2.5E-2,-6.25E-1));
#3176=DIRECTION('',(0.E0,0.E0,-1.E0));
#3177=DIRECTION('',(-1.E0,0.E0,0.E0));
#3178=AXIS2_PLACEMENT_3D('',#3175,#3176,#3177);
#3179=PLANE('',#3178);
#3180=ORIENTED_EDGE('',*,*,#2750,.T.);
#3182=ORIENTED_EDGE('',*,*,#3181,.T.);
#3183=ORIENTED_EDGE('',*,*,#3101,.F.);
#3184=ORIENTED_EDGE('',*,*,#2873,.F.);
#3185=EDGE_LOOP('',(#3180,#3182,#3183,#3184));
#3186=FACE_OUTER_BOUND('',#3185,.F.);
#3188=CARTESIAN_POINT('',(3.75E-1,-2.5E-2,-6.25E-1));
#3189=DIRECTION('',(-1.E0,0.E0,0.E0));
#3190=DIRECTION('',(0.E0,0.E0,1.E0));
#3191=AXIS2_PLACEMENT_3D('',#3188,#3189,#3190);
#3192=PLANE('',#3191);
#3193=ORIENTED_EDGE('',*,*,#2748,.T.);
#3195=ORIENTED_EDGE('',*,*,#3194,.T.);
#3196=ORIENTED_EDGE('',*,*,#3103,.F.);
#3197=ORIENTED_EDGE('',*,*,#3181,.F.);
#3198=EDGE_LOOP('',(#3193,#3195,#3196,#3197));
#3199=FACE_OUTER_BOUND('',#3198,.F.);
#3201=CARTESIAN_POINT('',(3.75E-1,-2.5E-2,-3.75E-1));
#3202=DIRECTION('',(0.E0,0.E0,1.E0));
#3203=DIRECTION('',(1.E0,0.E0,0.E0));
#3204=AXIS2_PLACEMENT_3D('',#3201,#3202,#3203);
#3205=PLANE('',#3204);
#3206=ORIENTED_EDGE('',*,*,#2746,.F.);
#3207=ORIENTED_EDGE('',*,*,#2877,.T.);
#3208=ORIENTED_EDGE('',*,*,#3105,.F.);
#3209=ORIENTED_EDGE('',*,*,#3194,.F.);
#3210=EDGE_LOOP('',(#3206,#3207,#3208,#3209));
#3211=FACE_OUTER_BOUND('',#3210,.F.);
#3213=CARTESIAN_POINT('',(-6.25E-1,-2.5E-2,6.25E-1));
#3214=DIRECTION('',(0.E0,0.E0,1.E0));
#3215=DIRECTION('',(1.E0,0.E0,0.E0));
#3216=AXIS2_PLACEMENT_3D('',#3213,#3214,#3215);
#3217=PLANE('',#3216);
#3218=ORIENTED_EDGE('',*,*,#2714,.T.);
#3220=ORIENTED_EDGE('',*,*,#3219,.T.);
#3221=ORIENTED_EDGE('',*,*,#3116,.F.);
#3222=ORIENTED_EDGE('',*,*,#2978,.F.);
#3223=EDGE_LOOP('',(#3218,#3220,#3221,#3222));
#3224=FACE_OUTER_BOUND('',#3223,.F.);
#3226=CARTESIAN_POINT('',(-3.75E-1,-2.5E-2,6.25E-1));
#3227=DIRECTION('',(1.E0,0.E0,0.E0));
#3228=DIRECTION('',(0.E0,0.E0,-1.E0));
#3229=AXIS2_PLACEMENT_3D('',#3226,#3227,#3228);
#3230=PLANE('',#3229);
#3231=ORIENTED_EDGE('',*,*,#2712,.T.);
#3233=ORIENTED_EDGE('',*,*,#3232,.T.);
#3234=ORIENTED_EDGE('',*,*,#3118,.F.);
#3235=ORIENTED_EDGE('',*,*,#3219,.F.);
#3236=EDGE_LOOP('',(#3231,#3233,#3234,#3235));
#3237=FACE_OUTER_BOUND('',#3236,.F.);
#3239=CARTESIAN_POINT('',(-3.75E-1,-2.5E-2,3.75E-1));
#3240=DIRECTION('',(0.E0,0.E0,-1.E0));
#3241=DIRECTION('',(-1.E0,0.E0,0.E0));
#3242=AXIS2_PLACEMENT_3D('',#3239,#3240,#3241);
#3243=PLANE('',#3242);
#3244=ORIENTED_EDGE('',*,*,#2710,.F.);
#3245=ORIENTED_EDGE('',*,*,#2982,.T.);
#3246=ORIENTED_EDGE('',*,*,#3120,.F.);
#3247=ORIENTED_EDGE('',*,*,#3232,.F.);
#3248=EDGE_LOOP('',(#3244,#3245,#3246,#3247));
#3249=FACE_OUTER_BOUND('',#3248,.F.);
#3251=CARTESIAN_POINT('',(0.E0,7.75E-1,0.E0));
#3252=DIRECTION('',(0.E0,1.E0,0.E0));
#3253=DIRECTION('',(1.E0,0.E0,0.E0));
#3254=AXIS2_PLACEMENT_3D('',#3251,#3252,#3253);
#3255=PLANE('',#3254);
#3257=ORIENTED_EDGE('',*,*,#3256,.F.);
#3258=ORIENTED_EDGE('',*,*,#2973,.F.);
#3259=ORIENTED_EDGE('',*,*,#2801,.F.);
#3260=ORIENTED_EDGE('',*,*,#2869,.F.);
#3261=EDGE_LOOP('',(#3257,#3258,#3259,#3260));
#3262=FACE_OUTER_BOUND('',#3261,.F.);
#3264=CARTESIAN_POINT('',(-6.25E-1,0.E0,7.5E-1));
#3265=DIRECTION('',(0.E0,0.E0,1.E0));
#3266=DIRECTION('',(1.E0,0.E0,0.E0));
#3267=AXIS2_PLACEMENT_3D('',#3264,#3265,#3266);
#3268=PLANE('',#3267);
#3269=ORIENTED_EDGE('',*,*,#2718,.F.);
#3270=ORIENTED_EDGE('',*,*,#2975,.T.);
#3271=ORIENTED_EDGE('',*,*,#3256,.T.);
#3272=ORIENTED_EDGE('',*,*,#2867,.F.);
#3273=ORIENTED_EDGE('',*,*,#2726,.F.);
#3275=ORIENTED_EDGE('',*,*,#3274,.T.);
#3277=ORIENTED_EDGE('',*,*,#3276,.F.);
#3279=ORIENTED_EDGE('',*,*,#3278,.F.);
#3280=EDGE_LOOP('',(#3269,#3270,#3271,#3272,#3273,#3275,#3277,#3279));
#3281=FACE_OUTER_BOUND('',#3280,.F.);
#3283=CARTESIAN_POINT('',(1.E-1,-2.5E-2,3.75E-1));
#3284=DIRECTION('',(-1.E0,0.E0,0.E0));
#3285=DIRECTION('',(0.E0,0.E0,1.E0));
#3286=AXIS2_PLACEMENT_3D('',#3283,#3284,#3285);
#3287=PLANE('',#3286);
#3288=ORIENTED_EDGE('',*,*,#2724,.T.);
#3290=ORIENTED_EDGE('',*,*,#3289,.T.);
#3292=ORIENTED_EDGE('',*,*,#3291,.T.);
#3293=ORIENTED_EDGE('',*,*,#3274,.F.);
#3294=EDGE_LOOP('',(#3288,#3290,#3292,#3293));
#3295=FACE_OUTER_BOUND('',#3294,.F.);
#3297=CARTESIAN_POINT('',(-1.E-1,-2.5E-2,3.75E-1));
#3298=DIRECTION('',(0.E0,0.E0,1.E0));
#3299=DIRECTION('',(1.E0,0.E0,0.E0));
#3300=AXIS2_PLACEMENT_3D('',#3297,#3298,#3299);
#3301=PLANE('',#3300);
#3302=ORIENTED_EDGE('',*,*,#2722,.F.);
#3304=ORIENTED_EDGE('',*,*,#3303,.T.);
#3306=ORIENTED_EDGE('',*,*,#3305,.T.);
#3307=ORIENTED_EDGE('',*,*,#3289,.F.);
#3308=EDGE_LOOP('',(#3302,#3304,#3306,#3307));
#3309=FACE_OUTER_BOUND('',#3308,.F.);
#3311=CARTESIAN_POINT('',(-1.E-1,-2.5E-2,7.5E-1));
#3312=DIRECTION('',(1.E0,0.E0,0.E0));
#3313=DIRECTION('',(0.E0,0.E0,-1.E0));
#3314=AXIS2_PLACEMENT_3D('',#3311,#3312,#3313);
#3315=PLANE('',#3314);
#3316=ORIENTED_EDGE('',*,*,#2720,.F.);
#3317=ORIENTED_EDGE('',*,*,#3278,.T.);
#3319=ORIENTED_EDGE('',*,*,#3318,.T.);
#3320=ORIENTED_EDGE('',*,*,#3303,.F.);
#3321=EDGE_LOOP('',(#3316,#3317,#3319,#3320));
#3322=FACE_OUTER_BOUND('',#3321,.F.);
#3324=CARTESIAN_POINT('',(0.E0,7.5E-2,0.E0));
#3325=DIRECTION('',(0.E0,-1.E0,0.E0));
#3326=DIRECTION('',(1.E0,0.E0,0.E0));
#3327=AXIS2_PLACEMENT_3D('',#3324,#3325,#3326);
#3328=PLANE('',#3327);
#3329=ORIENTED_EDGE('',*,*,#3276,.T.);
#3330=ORIENTED_EDGE('',*,*,#3291,.F.);
#3331=ORIENTED_EDGE('',*,*,#3305,.F.);
#3332=ORIENTED_EDGE('',*,*,#3318,.F.);
#3333=EDGE_LOOP('',(#3329,#3330,#3331,#3332));
#3334=FACE_OUTER_BOUND('',#3333,.F.);
#3336=CLOSED_SHELL('',(#2760,#2775,#2789,#2810,#2823,#2835,#2882,#2896,#2910,
#2923,#2935,#2953,#2987,#3000,#3013,#3026,#3038,#3052,#3066,#3079,#3094,#3109,
#3124,#3136,#3149,#3162,#3174,#3187,#3200,#3212,#3225,#3238,#3250,#3263,#3282,
#3296,#3310,#3323,#3335));
#3337=MANIFOLD_SOLID_BREP('',#3336);
#3338=FILL_AREA_STYLE_COLOUR('',#3);
#3339=FILL_AREA_STYLE('',(#3338));
#3340=SURFACE_STYLE_FILL_AREA(#3339);
#3341=SURFACE_SIDE_STYLE('',(#3340));
#3342=SURFACE_STYLE_USAGE(.BOTH.,#3341);
#3343=PRESENTATION_STYLE_ASSIGNMENT((#3342));
#1753=STYLED_ITEM('',(#3343),#3337);
#3346=PLANE_ANGLE_MEASURE_WITH_UNIT(PLANE_ANGLE_MEASURE(1.745329251994E-2),
#3345);
#3347=(CONVERSION_BASED_UNIT('DEGREE',#3346)NAMED_UNIT(*)PLANE_ANGLE_UNIT());
#3349=UNCERTAINTY_MEASURE_WITH_UNIT(LENGTH_MEASURE(2.100659886098E-4),#3344,
'distance_accuracy_value',
'Maximum model space distance between geometric entities at asserted connectivities');
#3351=CARTESIAN_POINT('',(0.E0,0.E0,0.E0));
#3352=DIRECTION('',(0.E0,0.E0,1.E0));
#3353=DIRECTION('',(1.E0,0.E0,0.E0));
#3356=PRODUCT_CONTEXT('',#1688,'mechanical');
#3357=PRODUCT('MOLD','MOLD','NOT SPECIFIED',(#3356));
#3358=PRODUCT_DEFINITION_FORMATION('7','LAST_VERSION',#3357);
#3366=DERIVED_UNIT_ELEMENT(#3365,2.E0);
#3367=DERIVED_UNIT((#3366));
#3368=MEASURE_REPRESENTATION_ITEM('surface area measure',AREA_MEASURE(
8.418409902577E0),#3367);
#3373=DERIVED_UNIT_ELEMENT(#3372,3.E0);
#3374=DERIVED_UNIT((#3373));
#3375=MEASURE_REPRESENTATION_ITEM('volume measure',VOLUME_MEASURE(1.40521875E0),
#3374);
#3379=CARTESIAN_POINT('centre point',(-1.050770565081E-4,3.994320835279E-1,
-4.503302421775E-5));
#3384=DERIVED_UNIT_ELEMENT(#3383,2.E0);
#3385=DERIVED_UNIT((#3384));
#3386=MEASURE_REPRESENTATION_ITEM('surface area measure',AREA_MEASURE(
8.418409902577E0),#3385);
#3391=DERIVED_UNIT_ELEMENT(#3390,3.E0);
#3392=DERIVED_UNIT((#3391));
#3393=MEASURE_REPRESENTATION_ITEM('volume measure',VOLUME_MEASURE(1.40521875E0),
#3392);
#3397=CARTESIAN_POINT('centre point',(-1.050770565081E-4,3.994320835279E-1,
-4.503302421775E-5));
#3404=CARTESIAN_POINT('centre point',(-1.050770565081E-4,4.503302421775E-5,
4.244320835279E-1));
#3408=CARTESIAN_POINT('',(0.E0,0.E0,2.5E-2));
#3409=DIRECTION('',(0.E0,-1.E0,0.E0));
#3410=DIRECTION('',(1.E0,0.E0,0.E0));
#3411=AXIS2_PLACEMENT_3D('',#3408,#3409,#3410);
#3412=ITEM_DEFINED_TRANSFORMATION('','',#3354,#3411);
#3413=(REPRESENTATION_RELATIONSHIP('','',#3355,#1739)REPRESENTATION_RELATIONSHIP_WITH_TRANSFORMATION(#3412)SHAPE_REPRESENTATION_RELATIONSHIP());
#3414=CONTEXT_DEPENDENT_SHAPE_REPRESENTATION(#3413,#3403);
#3417=PLANE_ANGLE_MEASURE_WITH_UNIT(PLANE_ANGLE_MEASURE(1.745329251994E-2),
#3416);
#3418=(CONVERSION_BASED_UNIT('DEGREE',#3417)NAMED_UNIT(*)PLANE_ANGLE_UNIT());
#3420=UNCERTAINTY_MEASURE_WITH_UNIT(LENGTH_MEASURE(2.110010380810E-4),#3415,
'distance_accuracy_value',
'Maximum model space distance between geometric entities at asserted connectivities');
#3422=CARTESIAN_POINT('',(0.E0,0.E0,0.E0));
#3423=DIRECTION('',(0.E0,0.E0,1.E0));
#3424=DIRECTION('',(1.E0,0.E0,0.E0));
#3426=MECHANICAL_DESIGN_GEOMETRIC_PRESENTATION_REPRESENTATION('',(#36,#43,#50,
#57,#64,#71,#78,#85,#92,#99,#106,#113,#186,#28,#241,#248,#255,#262,#269,#276,
#283,#290,#297,#304,#311,#318,#325,#332,#339,#382,#234,#483,#490,#497,#504,#511,
#518,#525,#532,#539,#546,#553,#560,#628,#476,#683,#690,#697,#704,#711,#718,#725,
#732,#739,#746,#753,#760,#855,#676,#883,#890,#897,#904,#911,#918,#925,#932,#939,
#946,#953,#960,#1014,#876,#1083,#1090,#1097,#1104,#1111,#1118,#1125,#1132,#1139,
#1146,#1153,#1160,#1228,#1076,#1283,#1290,#1297,#1304,#1311,#1318,#1325,#1332,
#1339,#1346,#1353,#1360,#1428,#1276,#1483,#1490,#1497,#1504,#1511,#1518,#1525,
#1532,#1539,#1546,#1553,#1560,#1614,#1476,#1760,#1767,#1774,#1781,#1788,#1795,
#1802,#1809,#1816,#1823,#1830,#1837,#1844,#1851,#1858,#1865,#1872,#1879,#1886,
#1893,#1900,#1907,#1914,#1921,#1928,#1935,#1942,#1949,#1956,#1963,#1970,#1977,
#1984,#1991,#1998,#2005,#2012,#2019,#2026,#2033,#2040,#2047,#2054,#2061,#2068,
#2075,#2082,#2089,#2096,#2103,#2110,#2117,#2124,#2131,#2138,#2145,#2152,#2159,
#2166,#2173,#2180,#2187,#2194,#2201,#2208,#2215,#2222,#2229,#2236,#2243,#2250,
#2257,#2264,#2271,#2278,#2285,#2292,#2299,#2306,#2313,#2320,#2327,#2334,#2341,
#2348,#2355,#2362,#2369,#2376,#2383,#2390,#2397,#2404,#2411,#2418,#2425,#2432,
#2439,#2446,#2453,#2460,#2467,#2474,#2481,#2488,#2495,#2502,#2509,#2516,#2523,
#2530,#2847,#1753),#3421);
#3427=PRODUCT_DEFINITION_CONTEXT('part definition',#1688,'design');
#3428=PRODUCT_CONTEXT('',#1688,'mechanical');
#3429=PRODUCT('RXP0008A_ASM','RXP0008A_ASM','NOT SPECIFIED',(#3428));
#3430=PRODUCT_DEFINITION_FORMATION('7','LAST_VERSION',#3429);
#3433=DERIVED_UNIT_ELEMENT(#3432,2.E0);
#3434=DERIVED_UNIT((#3433));
#3435=MEASURE_REPRESENTATION_ITEM('surface area measure',AREA_MEASURE(
1.061712310601E1),#3434);
#3440=DERIVED_UNIT_ELEMENT(#3439,3.E0);
#3441=DERIVED_UNIT((#3440));
#3442=MEASURE_REPRESENTATION_ITEM('volume measure',VOLUME_MEASURE(1.46909375E0),
#3441);
#3446=CARTESIAN_POINT('centre point',(3.350279721767E-5,-1.435834166472E-5,
4.081520814278E-1));
#3450=PRODUCT_RELATED_PRODUCT_CATEGORY('part','',(#3429,#1692,#3357));
#1=COLOUR_RGB('',0.E0,4.3E-1,1.E0);
#2=COLOUR_RGB('',0.E0,6.6E-1,0.E0);
#3=COLOUR_RGB('',9.8039E-2,9.8039E-2,9.8039E-2);
#4=COLOUR_RGB('',1.80392E-1,2.7451E-1,9.8039E-2);
#5=COLOUR_RGB('',3.E-1,1.29412E-1,2.5098E-1);
#6=COLOUR_RGB('',3.13725E-1,3.13725E-1,3.13725E-1);
#7=COLOUR_RGB('',3.2E-1,4.9E-1,1.76471E-1);
#8=COLOUR_RGB('',3.5E-1,3.5E-1,3.5E-1);
#9=COLOUR_RGB('',3.92157E-1,3.92157E-1,3.92157E-1);
#10=COLOUR_RGB('',5.7E-1,0.E0,1.E0);
#11=COLOUR_RGB('',5.9E-1,3.E-1,0.E0);
#12=COLOUR_RGB('',6.E-1,6.E-1,6.E-1);
#13=COLOUR_RGB('',6.2E-1,3.3E-1,2.3E-1);
#14=COLOUR_RGB('',6.35294E-1,6.86275E-1,7.4902E-1);
#15=COLOUR_RGB('',6.66667E-1,6.66667E-1,6.66667E-1);
#16=COLOUR_RGB('',6.9E-1,0.E0,0.E0);
#17=COLOUR_RGB('',7.E-1,7.E-1,7.E-1);
#18=COLOUR_RGB('',8.23529E-1,7.05882E-1,4.31373E-1);
#19=COLOUR_RGB('',8.39216E-1,8.90196E-1,7.68627E-1);
#20=COLOUR_RGB('',8.62745E-1,4.98039E-1,3.92157E-1);
#21=COLOUR_RGB('',8.7E-1,7.5E-1,4.9E-1);
#22=COLOUR_RGB('',8.82353E-1,8.82353E-1,8.82353E-1);
#23=COLOUR_RGB('',9.80392E-1,9.80392E-1,9.80392E-1);
#24=COLOUR_RGB('',9.9E-1,1.E0,0.E0);
#25=COLOUR_RGB('',1.E0,5.E-1,0.E0);
#26=COLOUR_RGB('',1.E0,6.19608E-1,5.17647E-1);
#27=DRAUGHTING_PRE_DEFINED_COLOUR('white');
#135=EDGE_CURVE('',#116,#117,#32,.T.);
#137=EDGE_CURVE('',#117,#119,#40,.T.);
#139=EDGE_CURVE('',#119,#121,#47,.T.);
#141=EDGE_CURVE('',#121,#116,#54,.T.);
#145=ADVANCED_FACE('',(#144),#134,.F.);
#152=EDGE_CURVE('',#116,#124,#61,.T.);
#154=EDGE_CURVE('',#124,#125,#89,.T.);
#156=EDGE_CURVE('',#117,#125,#82,.T.);
#160=ADVANCED_FACE('',(#159),#150,.T.);
#167=EDGE_CURVE('',#121,#129,#68,.T.);
#169=EDGE_CURVE('',#129,#124,#96,.T.);
#174=ADVANCED_FACE('',(#173),#165,.T.);
#193=EDGE_CURVE('',#119,#127,#75,.T.);
#195=EDGE_CURVE('',#127,#129,#103,.T.);
#200=ADVANCED_FACE('',(#199),#191,.T.);
#208=EDGE_CURVE('',#125,#127,#110,.T.);
#213=ADVANCED_FACE('',(#212),#205,.T.);
#225=ADVANCED_FACE('',(#224),#218,.T.);
#365=EDGE_CURVE('',#342,#343,#259,.T.);
#367=EDGE_CURVE('',#342,#348,#238,.T.);
#369=EDGE_CURVE('',#348,#349,#322,.T.);
#371=EDGE_CURVE('',#343,#349,#294,.T.);
#375=ADVANCED_FACE('',(#374),#364,.T.);
#388=EDGE_CURVE('',#354,#355,#245,.T.);
#390=EDGE_CURVE('',#354,#342,#252,.T.);
#393=EDGE_CURVE('',#343,#345,#266,.T.);
#395=EDGE_CURVE('',#345,#355,#273,.T.);
#399=ADVANCED_FACE('',(#398),#387,.F.);
#406=EDGE_CURVE('',#357,#355,#280,.T.);
#408=EDGE_CURVE('',#357,#359,#301,.T.);
#410=EDGE_CURVE('',#359,#354,#336,.T.);
#414=ADVANCED_FACE('',(#413),#404,.T.);
#422=EDGE_CURVE('',#345,#351,#287,.T.);
#424=EDGE_CURVE('',#351,#357,#308,.T.);
#428=ADVANCED_FACE('',(#427),#419,.T.);
#436=EDGE_CURVE('',#349,#351,#315,.T.);
#441=ADVANCED_FACE('',(#440),#433,.T.);
#451=EDGE_CURVE('',#359,#348,#329,.T.);
#455=ADVANCED_FACE('',(#454),#446,.T.);
#467=ADVANCED_FACE('',(#466),#460,.T.);
#582=EDGE_CURVE('',#563,#564,#480,.T.);
#584=EDGE_CURVE('',#564,#566,#487,.T.);
#586=EDGE_CURVE('',#566,#568,#494,.T.);
#588=EDGE_CURVE('',#568,#563,#501,.T.);
#592=ADVANCED_FACE('',(#591),#581,.F.);
#599=EDGE_CURVE('',#563,#571,#508,.T.);
#601=EDGE_CURVE('',#571,#572,#536,.T.);
#603=EDGE_CURVE('',#564,#572,#529,.T.);
#607=ADVANCED_FACE('',(#606),#597,.T.);
#614=EDGE_CURVE('',#568,#576,#515,.T.);
#616=EDGE_CURVE('',#576,#571,#543,.T.);
#621=ADVANCED_FACE('',(#620),#612,.T.);
#635=EDGE_CURVE('',#566,#574,#522,.T.);
#637=EDGE_CURVE('',#574,#576,#550,.T.);
#642=ADVANCED_FACE('',(#641),#633,.T.);
#650=EDGE_CURVE('',#572,#574,#557,.T.);
#655=ADVANCED_FACE('',(#654),#647,.T.);
#667=ADVANCED_FACE('',(#666),#660,.T.);
#782=EDGE_CURVE('',#763,#764,#680,.T.);
#784=EDGE_CURVE('',#768,#763,#687,.T.);
#786=EDGE_CURVE('',#766,#768,#694,.T.);
#788=EDGE_CURVE('',#764,#766,#701,.T.);
#792=ADVANCED_FACE('',(#791),#781,.T.);
#799=EDGE_CURVE('',#764,#772,#715,.T.);
#801=EDGE_CURVE('',#771,#772,#736,.T.);
#803=EDGE_CURVE('',#763,#771,#708,.T.);
#807=ADVANCED_FACE('',(#806),#797,.F.);
#814=EDGE_CURVE('',#766,#774,#722,.T.);
#816=EDGE_CURVE('',#772,#774,#743,.T.);
#821=ADVANCED_FACE('',(#820),#812,.F.);
#828=EDGE_CURVE('',#768,#776,#729,.T.);
#830=EDGE_CURVE('',#774,#776,#750,.T.);
#835=ADVANCED_FACE('',(#834),#826,.F.);
#843=EDGE_CURVE('',#776,#771,#757,.T.);
#848=ADVANCED_FACE('',(#847),#840,.F.);
#867=ADVANCED_FACE('',(#866),#860,.F.);
#982=EDGE_CURVE('',#963,#964,#880,.T.);
#984=EDGE_CURVE('',#964,#966,#887,.T.);
#986=EDGE_CURVE('',#966,#968,#894,.T.);
#988=EDGE_CURVE('',#968,#963,#901,.T.);
#992=ADVANCED_FACE('',(#991),#981,.F.);
#999=EDGE_CURVE('',#963,#971,#908,.T.);
#1001=EDGE_CURVE('',#971,#972,#936,.T.);
#1003=EDGE_CURVE('',#964,#972,#929,.T.);
#1007=ADVANCED_FACE('',(#1006),#997,.T.);
#1021=EDGE_CURVE('',#968,#976,#915,.T.);
#1023=EDGE_CURVE('',#976,#971,#943,.T.);
#1028=ADVANCED_FACE('',(#1027),#1019,.T.);
#1035=EDGE_CURVE('',#966,#974,#922,.T.);
#1037=EDGE_CURVE('',#974,#976,#950,.T.);
#1042=ADVANCED_FACE('',(#1041),#1033,.T.);
#1050=EDGE_CURVE('',#972,#974,#957,.T.);
#1055=ADVANCED_FACE('',(#1054),#1047,.T.);
#1067=ADVANCED_FACE('',(#1066),#1060,.T.);
#1182=EDGE_CURVE('',#1163,#1164,#1080,.T.);
#1184=EDGE_CURVE('',#1164,#1166,#1087,.T.);
#1186=EDGE_CURVE('',#1166,#1168,#1094,.T.);
#1188=EDGE_CURVE('',#1168,#1163,#1101,.T.);
#1192=ADVANCED_FACE('',(#1191),#1181,.F.);
#1199=EDGE_CURVE('',#1163,#1171,#1108,.T.);
#1201=EDGE_CURVE('',#1171,#1172,#1136,.T.);
#1203=EDGE_CURVE('',#1164,#1172,#1129,.T.);
#1207=ADVANCED_FACE('',(#1206),#1197,.T.);
#1214=EDGE_CURVE('',#1168,#1176,#1115,.T.);
#1216=EDGE_CURVE('',#1176,#1171,#1143,.T.);
#1221=ADVANCED_FACE('',(#1220),#1212,.T.);
#1235=EDGE_CURVE('',#1166,#1174,#1122,.T.);
#1237=EDGE_CURVE('',#1174,#1176,#1150,.T.);
#1242=ADVANCED_FACE('',(#1241),#1233,.T.);
#1250=EDGE_CURVE('',#1172,#1174,#1157,.T.);
#1255=ADVANCED_FACE('',(#1254),#1247,.T.);
#1267=ADVANCED_FACE('',(#1266),#1260,.T.);
#1382=EDGE_CURVE('',#1363,#1364,#1280,.T.);
#1384=EDGE_CURVE('',#1364,#1366,#1287,.T.);
#1386=EDGE_CURVE('',#1366,#1368,#1294,.T.);
#1388=EDGE_CURVE('',#1368,#1363,#1301,.T.);
#1392=ADVANCED_FACE('',(#1391),#1381,.F.);
#1399=EDGE_CURVE('',#1363,#1371,#1308,.T.);
#1401=EDGE_CURVE('',#1371,#1372,#1336,.T.);
#1403=EDGE_CURVE('',#1364,#1372,#1329,.T.);
#1407=ADVANCED_FACE('',(#1406),#1397,.T.);
#1414=EDGE_CURVE('',#1368,#1376,#1315,.T.);
#1416=EDGE_CURVE('',#1376,#1371,#1343,.T.);
#1421=ADVANCED_FACE('',(#1420),#1412,.T.);
#1435=EDGE_CURVE('',#1366,#1374,#1322,.T.);
#1437=EDGE_CURVE('',#1374,#1376,#1350,.T.);
#1442=ADVANCED_FACE('',(#1441),#1433,.T.);
#1450=EDGE_CURVE('',#1372,#1374,#1357,.T.);
#1455=ADVANCED_FACE('',(#1454),#1447,.T.);
#1467=ADVANCED_FACE('',(#1466),#1460,.T.);
#1582=EDGE_CURVE('',#1563,#1564,#1480,.T.);
#1584=EDGE_CURVE('',#1564,#1566,#1487,.T.);
#1586=EDGE_CURVE('',#1566,#1568,#1494,.T.);
#1588=EDGE_CURVE('',#1568,#1563,#1501,.T.);
#1592=ADVANCED_FACE('',(#1591),#1581,.F.);
#1599=EDGE_CURVE('',#1563,#1571,#1508,.T.);
#1601=EDGE_CURVE('',#1571,#1572,#1536,.T.);
#1603=EDGE_CURVE('',#1564,#1572,#1529,.T.);
#1607=ADVANCED_FACE('',(#1606),#1597,.T.);
#1621=EDGE_CURVE('',#1568,#1576,#1515,.T.);
#1623=EDGE_CURVE('',#1576,#1571,#1543,.T.);
#1628=ADVANCED_FACE('',(#1627),#1619,.T.);
#1635=EDGE_CURVE('',#1566,#1574,#1522,.T.);
#1637=EDGE_CURVE('',#1574,#1576,#1550,.T.);
#1642=ADVANCED_FACE('',(#1641),#1633,.T.);
#1650=EDGE_CURVE('',#1572,#1574,#1557,.T.);
#1655=ADVANCED_FACE('',(#1654),#1647,.T.);
#1667=ADVANCED_FACE('',(#1666),#1660,.T.);
#1676=(LENGTH_UNIT()NAMED_UNIT(*)SI_UNIT(.MILLI.,.METRE.));
#1677=(NAMED_UNIT(*)PLANE_ANGLE_UNIT()SI_UNIT($,.RADIAN.));
#1680=(NAMED_UNIT(*)SI_UNIT($,.STERADIAN.)SOLID_ANGLE_UNIT());
#1682=(GEOMETRIC_REPRESENTATION_CONTEXT(3)GLOBAL_UNCERTAINTY_ASSIGNED_CONTEXT((
#1681))GLOBAL_UNIT_ASSIGNED_CONTEXT((#1676,#1679,#1680))REPRESENTATION_CONTEXT(
'ID1','3'));
#1686=AXIS2_PLACEMENT_3D('',#1683,#1684,#1685);
#1687=ADVANCED_BREP_SHAPE_REPRESENTATION('',(#1686,#227,#469,#669,#869,#1069,
#1269,#1469,#1669),#1682);
#1694=PRODUCT_DEFINITION('part definition','',#1693,#1690);
#1695=PRODUCT_DEFINITION_SHAPE('','SHAPE FOR FRAME.',#1694);
#1696=SHAPE_ASPECT('','solid data associated with FRAME',#1695,.F.);
#1697=PROPERTY_DEFINITION('',
'shape for solid data with which properties are associated',#1696);
#1698=SHAPE_REPRESENTATION('',(#1669),#1682);
#1699=SHAPE_DEFINITION_REPRESENTATION(#1697,#1698);
#1700=(LENGTH_UNIT()NAMED_UNIT(*)SI_UNIT(.MILLI.,.METRE.));
#1704=PROPERTY_DEFINITION('geometric validation property','area of FRAME',
#1696);
#1705=REPRESENTATION('surface area',(#1703),#1682);
#1706=PROPERTY_DEFINITION_REPRESENTATION(#1704,#1705);
#1707=(LENGTH_UNIT()NAMED_UNIT(*)SI_UNIT(.MILLI.,.METRE.));
#1711=PROPERTY_DEFINITION('geometric validation property','volume of FRAME',
#1696);
#1712=REPRESENTATION('volume',(#1710),#1682);
#1713=PROPERTY_DEFINITION_REPRESENTATION(#1711,#1712);
#1715=PROPERTY_DEFINITION('geometric validation property','centroid of FRAME',
#1696);
#1716=REPRESENTATION('centroid',(#1714),#1682);
#1717=PROPERTY_DEFINITION_REPRESENTATION(#1715,#1716);
#1718=(LENGTH_UNIT()NAMED_UNIT(*)SI_UNIT(.MILLI.,.METRE.));
#1722=PROPERTY_DEFINITION('geometric validation property','area of FRAME',
#1695);
#1723=REPRESENTATION('surface area',(#1721),#1682);
#1724=PROPERTY_DEFINITION_REPRESENTATION(#1722,#1723);
#1725=(LENGTH_UNIT()NAMED_UNIT(*)SI_UNIT(.MILLI.,.METRE.));
#1729=PROPERTY_DEFINITION('geometric validation property','volume of FRAME',
#1695);
#1730=REPRESENTATION('volume',(#1728),#1682);
#1731=PROPERTY_DEFINITION_REPRESENTATION(#1729,#1730);
#1733=PROPERTY_DEFINITION('geometric validation property','centroid of FRAME',
#1695);
#1734=REPRESENTATION('centroid',(#1732),#1682);
#1735=PROPERTY_DEFINITION_REPRESENTATION(#1733,#1734);
#1736=SHAPE_DEFINITION_REPRESENTATION(#1695,#1687);
#1737=SHAPE_DEFINITION_REPRESENTATION(#1738,#1739);
#1738=PRODUCT_DEFINITION_SHAPE('','SHAPE FOR RXP0008A_ASM.',#3431);
#1739=SHAPE_REPRESENTATION('',(#1749,#3411,#3425),#3421);
#1740=NEXT_ASSEMBLY_USAGE_OCCURRENCE('0','Next assembly relationship','FRAME',
#3431,#1694,$);
#1741=PRODUCT_DEFINITION_SHAPE('Placement #0',
'Placement of FRAME with respect to RXP0008A_ASM',#1740);
#1743=PROPERTY_DEFINITION('geometric validation property','centroid of FRAME',
#1741);
#1744=REPRESENTATION('centroid',(#1742),#1682);
#1745=PROPERTY_DEFINITION_REPRESENTATION(#1743,#1744);
#2684=EDGE_CURVE('',#2563,#2564,#1757,.T.);
#2686=EDGE_CURVE('',#2606,#2563,#1764,.T.);
#2688=EDGE_CURVE('',#2606,#2546,#1771,.T.);
#2690=EDGE_CURVE('',#2546,#2608,#1778,.T.);
#2692=EDGE_CURVE('',#2608,#2638,#1785,.T.);
#2694=EDGE_CURVE('',#2638,#2636,#1792,.T.);
#2696=EDGE_CURVE('',#2610,#2636,#1799,.T.);
#2698=EDGE_CURVE('',#2610,#2575,#1806,.T.);
#2700=EDGE_CURVE('',#2575,#2576,#1813,.T.);
#2702=EDGE_CURVE('',#2576,#2572,#1820,.T.);
#2704=EDGE_CURVE('',#2570,#2572,#1827,.T.);
#2706=EDGE_CURVE('',#2569,#2570,#1834,.T.);
#2708=EDGE_CURVE('',#2569,#2644,#1841,.T.);
#2710=EDGE_CURVE('',#2644,#2642,#1848,.T.);
#2712=EDGE_CURVE('',#2641,#2642,#1855,.T.);
#2714=EDGE_CURVE('',#2676,#2641,#1862,.T.);
#2716=EDGE_CURVE('',#2676,#2540,#1869,.T.);
#2718=EDGE_CURVE('',#2540,#2598,#1876,.T.);
#2720=EDGE_CURVE('',#2598,#2632,#1883,.T.);
#2722=EDGE_CURVE('',#2632,#2634,#1890,.T.);
#2724=EDGE_CURVE('',#2600,#2634,#1897,.T.);
#2726=EDGE_CURVE('',#2600,#2542,#1904,.T.);
#2728=EDGE_CURVE('',#2542,#2602,#1911,.T.);
#2730=EDGE_CURVE('',#2602,#2654,#1918,.T.);
#2732=EDGE_CURVE('',#2654,#2652,#1925,.T.);
#2734=EDGE_CURVE('',#2604,#2652,#1932,.T.);
#2736=EDGE_CURVE('',#2604,#2584,#1939,.T.);
#2738=EDGE_CURVE('',#2584,#2582,#1946,.T.);
#2740=EDGE_CURVE('',#2580,#2582,#1953,.T.);
#2742=EDGE_CURVE('',#2579,#2580,#1960,.T.);
#2744=EDGE_CURVE('',#2579,#2650,#1967,.T.);
#2746=EDGE_CURVE('',#2650,#2648,#1974,.T.);
#2748=EDGE_CURVE('',#2647,#2648,#1981,.T.);
#2750=EDGE_CURVE('',#2678,#2647,#1988,.T.);
#2752=EDGE_CURVE('',#2678,#2544,#1995,.T.);
#2754=EDGE_CURVE('',#2544,#2566,#2002,.T.);
#2756=EDGE_CURVE('',#2566,#2564,#2009,.T.);
#2760=ADVANCED_FACE('',(#2759),#2683,.F.);
#2767=EDGE_CURVE('',#2564,#2550,#2023,.T.);
#2769=EDGE_CURVE('',#2549,#2550,#2065,.T.);
#2771=EDGE_CURVE('',#2563,#2549,#2016,.T.);
#2775=ADVANCED_FACE('',(#2774),#2765,.F.);
#2782=EDGE_CURVE('',#2566,#2592,#2037,.T.);
#2784=EDGE_CURVE('',#2550,#2592,#2072,.T.);
#2789=ADVANCED_FACE('',(#2788),#2780,.F.);
#2795=EDGE_CURVE('',#2591,#2592,#2030,.T.);
#2799=EDGE_CURVE('',#2544,#2536,#2044,.T.);
#2801=EDGE_CURVE('',#2536,#2538,#2457,.T.);
#2803=EDGE_CURVE('',#2546,#2538,#2254,.T.);
#2806=EDGE_CURVE('',#2606,#2591,#2051,.T.);
#2810=ADVANCED_FACE('',(#2809),#2794,.T.);
#2817=EDGE_CURVE('',#2591,#2549,#2058,.T.);
#2823=ADVANCED_FACE('',(#2822),#2815,.F.);
#2835=ADVANCED_FACE('',(#2834),#2828,.F.);
#2853=EDGE_CURVE('',#2579,#2586,#2079,.T.);
#2855=EDGE_CURVE('',#2588,#2586,#2086,.T.);
#2857=EDGE_CURVE('',#2584,#2588,#2093,.T.);
#2860=EDGE_CURVE('',#2604,#2662,#2100,.T.);
#2862=EDGE_CURVE('',#2664,#2662,#2107,.T.);
#2864=EDGE_CURVE('',#2602,#2664,#2114,.T.);
#2867=EDGE_CURVE('',#2542,#2534,#2121,.T.);
#2869=EDGE_CURVE('',#2534,#2536,#2464,.T.);
#2873=EDGE_CURVE('',#2678,#2666,#2128,.T.);
#2875=EDGE_CURVE('',#2660,#2666,#2135,.T.);
#2877=EDGE_CURVE('',#2650,#2660,#2142,.T.);
#2882=ADVANCED_FACE('',(#2881),#2852,.T.);
#2889=EDGE_CURVE('',#2580,#2553,#2149,.T.);
#2891=EDGE_CURVE('',#2586,#2553,#2163,.T.);
#2896=ADVANCED_FACE('',(#2895),#2887,.F.);
#2903=EDGE_CURVE('',#2582,#2554,#2156,.T.);
#2905=EDGE_CURVE('',#2553,#2554,#2170,.T.);
#2910=ADVANCED_FACE('',(#2909),#2901,.F.);
#2918=EDGE_CURVE('',#2554,#2588,#2177,.T.);
#2923=ADVANCED_FACE('',(#2922),#2915,.F.);
#2935=ADVANCED_FACE('',(#2934),#2928,.F.);
#2941=EDGE_CURVE('',#2594,#2596,#2219,.T.);
#2943=EDGE_CURVE('',#2594,#2560,#2184,.T.);
#2945=EDGE_CURVE('',#2560,#2557,#2191,.T.);
#2947=EDGE_CURVE('',#2557,#2558,#2198,.T.);
#2949=EDGE_CURVE('',#2558,#2596,#2205,.T.);
#2953=ADVANCED_FACE('',(#2952),#2940,.F.);
#2959=EDGE_CURVE('',#2569,#2594,#2212,.T.);
#2962=EDGE_CURVE('',#2575,#2596,#2226,.T.);
#2965=EDGE_CURVE('',#2610,#2668,#2233,.T.);
#2967=EDGE_CURVE('',#2674,#2668,#2240,.T.);
#2969=EDGE_CURVE('',#2608,#2674,#2247,.T.);
#2973=EDGE_CURVE('',#2538,#2533,#2450,.T.);
#2975=EDGE_CURVE('',#2540,#2533,#2471,.T.);
#2978=EDGE_CURVE('',#2676,#2672,#2261,.T.);
#2980=EDGE_CURVE('',#2670,#2672,#2268,.T.);
#2982=EDGE_CURVE('',#2644,#2670,#2275,.T.);
#2987=ADVANCED_FACE('',(#2986),#2958,.T.);
#2994=EDGE_CURVE('',#2570,#2560,#2289,.T.);
#3000=ADVANCED_FACE('',(#2999),#2992,.F.);
#3007=EDGE_CURVE('',#2557,#2572,#2282,.T.);
#3013=ADVANCED_FACE('',(#3012),#3005,.F.);
#3020=EDGE_CURVE('',#2558,#2576,#2296,.T.);
#3026=ADVANCED_FACE('',(#3025),#3018,.F.);
#3038=ADVANCED_FACE('',(#3037),#3031,.F.);
#3045=EDGE_CURVE('',#2636,#2617,#2303,.T.);
#3047=EDGE_CURVE('',#2668,#2617,#2380,.T.);
#3052=ADVANCED_FACE('',(#3051),#3043,.F.);
#3059=EDGE_CURVE('',#2638,#2618,#2310,.T.);
#3061=EDGE_CURVE('',#2617,#2618,#2387,.T.);
#3066=ADVANCED_FACE('',(#3065),#3057,.F.);
#3074=EDGE_CURVE('',#2618,#2674,#2394,.T.);
#3079=ADVANCED_FACE('',(#3078),#3071,.F.);
#3086=EDGE_CURVE('',#2662,#2629,#2317,.T.);
#3088=EDGE_CURVE('',#2629,#2630,#2324,.T.);
#3090=EDGE_CURVE('',#2630,#2664,#2331,.T.);
#3094=ADVANCED_FACE('',(#3093),#3084,.F.);
#3101=EDGE_CURVE('',#2666,#2625,#2338,.T.);
#3103=EDGE_CURVE('',#2625,#2626,#2345,.T.);
#3105=EDGE_CURVE('',#2626,#2660,#2352,.T.);
#3109=ADVANCED_FACE('',(#3108),#3099,.F.);
#3116=EDGE_CURVE('',#2672,#2621,#2359,.T.);
#3118=EDGE_CURVE('',#2621,#2622,#2366,.T.);
#3120=EDGE_CURVE('',#2622,#2670,#2373,.T.);
#3124=ADVANCED_FACE('',(#3123),#3114,.F.);
#3136=ADVANCED_FACE('',(#3135),#3129,.F.);
#3143=EDGE_CURVE('',#2652,#2629,#2401,.T.);
#3149=ADVANCED_FACE('',(#3148),#3141,.F.);
#3156=EDGE_CURVE('',#2654,#2630,#2408,.T.);
#3162=ADVANCED_FACE('',(#3161),#3154,.F.);
#3174=ADVANCED_FACE('',(#3173),#3167,.F.);
#3181=EDGE_CURVE('',#2647,#2625,#2415,.T.);
#3187=ADVANCED_FACE('',(#3186),#3179,.F.);
#3194=EDGE_CURVE('',#2648,#2626,#2422,.T.);
#3200=ADVANCED_FACE('',(#3199),#3192,.F.);
#3212=ADVANCED_FACE('',(#3211),#3205,.F.);
#3219=EDGE_CURVE('',#2641,#2621,#2429,.T.);
#3225=ADVANCED_FACE('',(#3224),#3217,.F.);
#3232=EDGE_CURVE('',#2642,#2622,#2436,.T.);
#3238=ADVANCED_FACE('',(#3237),#3230,.F.);
#3250=ADVANCED_FACE('',(#3249),#3243,.F.);
#3256=EDGE_CURVE('',#2533,#2534,#2443,.T.);
#3263=ADVANCED_FACE('',(#3262),#3255,.T.);
#3274=EDGE_CURVE('',#2600,#2658,#2478,.T.);
#3276=EDGE_CURVE('',#2657,#2658,#2485,.T.);
#3278=EDGE_CURVE('',#2598,#2657,#2492,.T.);
#3282=ADVANCED_FACE('',(#3281),#3268,.T.);
#3289=EDGE_CURVE('',#2634,#2614,#2499,.T.);
#3291=EDGE_CURVE('',#2614,#2658,#2513,.T.);
#3296=ADVANCED_FACE('',(#3295),#3287,.T.);
#3303=EDGE_CURVE('',#2632,#2613,#2506,.T.);
#3305=EDGE_CURVE('',#2613,#2614,#2520,.T.);
#3310=ADVANCED_FACE('',(#3309),#3301,.T.);
#3318=EDGE_CURVE('',#2657,#2613,#2527,.T.);
#3323=ADVANCED_FACE('',(#3322),#3315,.T.);
#3335=ADVANCED_FACE('',(#3334),#3328,.T.);
#3344=(LENGTH_UNIT()NAMED_UNIT(*)SI_UNIT(.MILLI.,.METRE.));
#3345=(NAMED_UNIT(*)PLANE_ANGLE_UNIT()SI_UNIT($,.RADIAN.));
#3348=(NAMED_UNIT(*)SI_UNIT($,.STERADIAN.)SOLID_ANGLE_UNIT());
#3350=(GEOMETRIC_REPRESENTATION_CONTEXT(3)GLOBAL_UNCERTAINTY_ASSIGNED_CONTEXT((
#3349))GLOBAL_UNIT_ASSIGNED_CONTEXT((#3344,#3347,#3348))REPRESENTATION_CONTEXT(
'ID2','3'));
#3354=AXIS2_PLACEMENT_3D('',#3351,#3352,#3353);
#3355=ADVANCED_BREP_SHAPE_REPRESENTATION('',(#3354,#3337),#3350);
#3359=PRODUCT_DEFINITION('part definition','',#3358,#1690);
#3360=PRODUCT_DEFINITION_SHAPE('','SHAPE FOR MOLD.',#3359);
#3361=SHAPE_ASPECT('','solid data associated with MOLD',#3360,.F.);
#3362=PROPERTY_DEFINITION('',
'shape for solid data with which properties are associated',#3361);
#3363=SHAPE_REPRESENTATION('',(#3337),#3350);
#3364=SHAPE_DEFINITION_REPRESENTATION(#3362,#3363);
#3365=(LENGTH_UNIT()NAMED_UNIT(*)SI_UNIT(.MILLI.,.METRE.));
#3369=PROPERTY_DEFINITION('geometric validation property','area of MOLD',#3361);
#3370=REPRESENTATION('surface area',(#3368),#3350);
#3371=PROPERTY_DEFINITION_REPRESENTATION(#3369,#3370);
#3372=(LENGTH_UNIT()NAMED_UNIT(*)SI_UNIT(.MILLI.,.METRE.));
#3376=PROPERTY_DEFINITION('geometric validation property','volume of MOLD',
#3361);
#3377=REPRESENTATION('volume',(#3375),#3350);
#3378=PROPERTY_DEFINITION_REPRESENTATION(#3376,#3377);
#3380=PROPERTY_DEFINITION('geometric validation property','centroid of MOLD',
#3361);
#3381=REPRESENTATION('centroid',(#3379),#3350);
#3382=PROPERTY_DEFINITION_REPRESENTATION(#3380,#3381);
#3383=(LENGTH_UNIT()NAMED_UNIT(*)SI_UNIT(.MILLI.,.METRE.));
#3387=PROPERTY_DEFINITION('geometric validation property','area of MOLD',#3360);
#3388=REPRESENTATION('surface area',(#3386),#3350);
#3389=PROPERTY_DEFINITION_REPRESENTATION(#3387,#3388);
#3390=(LENGTH_UNIT()NAMED_UNIT(*)SI_UNIT(.MILLI.,.METRE.));
#3394=PROPERTY_DEFINITION('geometric validation property','volume of MOLD',
#3360);
#3395=REPRESENTATION('volume',(#3393),#3350);
#3396=PROPERTY_DEFINITION_REPRESENTATION(#3394,#3395);
#3398=PROPERTY_DEFINITION('geometric validation property','centroid of MOLD',
#3360);
#3399=REPRESENTATION('centroid',(#3397),#3350);
#3400=PROPERTY_DEFINITION_REPRESENTATION(#3398,#3399);
#3401=SHAPE_DEFINITION_REPRESENTATION(#3360,#3355);
#3402=NEXT_ASSEMBLY_USAGE_OCCURRENCE('1','Next assembly relationship','MOLD',
#3431,#3359,$);
#3403=PRODUCT_DEFINITION_SHAPE('Placement #1',
'Placement of MOLD with respect to RXP0008A_ASM',#3402);
#3405=PROPERTY_DEFINITION('geometric validation property','centroid of MOLD',
#3403);
#3406=REPRESENTATION('centroid',(#3404),#3350);
#3407=PROPERTY_DEFINITION_REPRESENTATION(#3405,#3406);
#3415=(LENGTH_UNIT()NAMED_UNIT(*)SI_UNIT(.MILLI.,.METRE.));
#3416=(NAMED_UNIT(*)PLANE_ANGLE_UNIT()SI_UNIT($,.RADIAN.));
#3419=(NAMED_UNIT(*)SI_UNIT($,.STERADIAN.)SOLID_ANGLE_UNIT());
#3421=(GEOMETRIC_REPRESENTATION_CONTEXT(3)GLOBAL_UNCERTAINTY_ASSIGNED_CONTEXT((
#3420))GLOBAL_UNIT_ASSIGNED_CONTEXT((#3415,#3418,#3419))REPRESENTATION_CONTEXT(
'ID3','3'));
#3425=AXIS2_PLACEMENT_3D('',#3422,#3423,#3424);
#3431=PRODUCT_DEFINITION('part definition','',#3430,#3427);
#3432=(LENGTH_UNIT()NAMED_UNIT(*)SI_UNIT(.MILLI.,.METRE.));
#3436=PROPERTY_DEFINITION('geometric validation property',
'area of RXP0008A_ASM',#1738);
#3437=REPRESENTATION('surface area',(#3435),#3421);
#3438=PROPERTY_DEFINITION_REPRESENTATION(#3436,#3437);
#3439=(LENGTH_UNIT()NAMED_UNIT(*)SI_UNIT(.MILLI.,.METRE.));
#3443=PROPERTY_DEFINITION('geometric validation property',
'volume of RXP0008A_ASM',#1738);
#3444=REPRESENTATION('volume',(#3442),#3421);
#3445=PROPERTY_DEFINITION_REPRESENTATION(#3443,#3444);
#3447=PROPERTY_DEFINITION('geometric validation property',
'centroid of RXP0008A_ASM',#1738);
#3448=REPRESENTATION('centroid',(#3446),#3421);
#3449=PROPERTY_DEFINITION_REPRESENTATION(#3447,#3448);
ENDSEC;
END-ISO-10303-21;
